Site,Month,Year,Latitude,Longitude,Total_Capacity_kWp,Num_Arrays,Total_Hours,Daytime_Hours,PVGIS_Mean_GTI_Wm2,SolarGIS_Mean_GTI_Wm2,Mean_Diff_Wm2,Mean_Diff_Pct,RMSE_Wm2,Correlation,PVGIS_Total_kWhm2,SolarGIS_Total_kWhm2,Pct_Diff,RMSE_Ratio
Hibernian Training Ground,1,2025,55.92078,-2.9289362,89.91,3,744,221,132.41563440880535,115.15678121560477,17.258853193200586,92.01383706506824,106.44959846025571,0.3723348311516795,29.88491882690616,25.578092342342345,14.987266065458464,0.9243884496993118
Faltec Europe Ltd,1,2025,54.92429,-1.4784697,520.08,3,744,234,102.79057154963526,133.84244254992987,-31.051871000294582,5.139716538350141,90.27638478384314,0.4906170433443427,24.213451433129208,31.446354060913706,-23.200317035988583,0.6744974394065288
Oasis - Immingham,1,2025,53.614574,-0.21134,207.0,3,744,234,106.9835197219674,103.92460981047938,3.058909911488016,43.488009513012514,85.36070882951127,0.4679876811096408,25.3905217416105,24.45895652173913,2.9433932127013542,0.8213714632672482
Cromwell Tools,1,2025,52.584785,-1.1234,999.8,2,744,240,103.7900523191376,96.75266917966928,7.0373831394683055,51.0456781373023,78.88925189720607,0.4270674590988274,25.09325121796711,23.34151555311062,7.273580356113926,0.8153702896889498
Merry Hill,2,2025,52.481136,-2.1127672,976.48,6,672,267,156.84128772207205,144.91818505711257,11.923102664959504,75.05795547911784,144.51797686972552,0.3821041432856848,41.9937726816429,38.77540541024906,8.227471700850082,0.9972383853190727
Faltec Europe Ltd,2,2025,54.92429,-1.4784697,520.08,3,672,263,141.02589315453133,157.0296526477646,-16.003759493233275,22.881617315010715,107.30224548530023,0.6303720995174762,37.25460271387964,41.38560321489001,-10.19155250195422,0.6833247331062458
Cromwell Tools,2,2025,52.584785,-1.1234,999.8,2,672,266,134.33112292570812,125.67157237838546,8.659550547322642,55.35206100687666,104.76596317901588,0.4885379635049054,35.82306849013783,33.51801120224045,6.890620037162858,0.8336488610453228
Oasis - Wintringham,2,2025,53.5487,-0.0812,168.48,4,672,265,126.1213973469314,117.49551282051284,8.62588452641858,68.4681020152017,114.68566039006248,0.3446394972405746,33.54718325563382,31.223794871794876,7.341458681571556,0.9760854490269537
Metro Centre,3,2025,54.95851,-1.6703782,739.53,2,744,353,270.6886108613936,219.5155807365439,51.1730301248497,74.41007858926775,200.3717170580694,0.4524183668614634,95.90152030584892,77.602375,23.311798621832704,0.9127904105292171
Oasis - Wintringham,3,2025,53.5487,-0.0812,168.48,4,744,361,208.74262013347672,259.8720967398253,-51.12947660634856,-11.813721121974169,158.05461596555247,0.6220195399201063,75.49820722479906,93.9013157051282,-19.674862075530015,0.6082015651098976
Sofina Haverhill,3,2025,52.1024,0.4749,1015.48,2,408,204,404.0850277339256,339.1519607843137,64.93306694961193,67.74436144943292,282.5101598777553,0.5000461041911377,82.48540895273676,69.23025,19.1457147408051,0.8329899058358086
Oasis - Isle of Sheppey West,3,2025,51.4205,0.7853,145.8,3,744,364,292.1251088691876,509.3118742368742,-217.1867653676866,-30.982614860209992,371.5996943441604,0.5494981431741252,106.36481497572444,185.49152222222224,-42.64317726601361,0.7296112915116021
Oasis - Lister Park,3,2025,53.8139,-1.765,213.03,9,744,354,239.44974338763052,218.9771469284584,20.472596459172127,26.759361282558128,118.82193124577265,0.6943105903519234,85.13968562623585,77.65501774397973,9.34919316756861,0.5426225198038256
Smithys Mushrooms,4,2025,53.59816,-2.8956819,224.4,1,720,411,377.91986198820746,396.2074209245742,-18.28755893636679,25.127851601840963,312.1279909039673,0.5118665570377653,155.40832613005193,162.9375,-4.6156528047081,0.787789360874659
Cromwell Tools,4,2025,52.584785,-1.1234,999.8,2,720,409,331.40013635644294,342.8090759961283,-11.408939639685409,12.746962444786924,200.2765916663884,0.65087344719194,135.6551849713894,140.29691088217646,-3.328073974276631,0.5842219640318109
Merry Hill,4,2025,52.481136,-2.1127672,976.48,6,720,405,391.79751360154506,367.97471381206975,23.82279978947535,37.46759881927282,236.8268989333552,0.640785474691393,158.76582245585985,149.14015238151322,6.474031746007953,0.6435955788372629
Hibernian Training Ground,4,2025,55.92078,-2.9289362,89.91,3,720,406,368.7147082819751,315.7897916389296,52.924916643045535,36.840476576399226,215.52540048612212,0.6605002069277326,149.94471967316215,128.36051576576577,16.759540062510705,0.6824964143633603
Sheldons Bakery,4,2025,53.47693,-2.1852183,226.35,2,720,408,356.4538331162902,342.21477872958326,14.239054386706991,24.70965228718636,184.76549810859237,0.7268810697408047,145.54693489839258,139.74030069582506,4.160853145959126,0.5399109260988209
Parfetts - Birmingham,5,2025,52.456444,-1.835168,246.45,2,744,481,364.4305521253805,543.7557675541547,-179.32521542877416,-20.01582371705001,377.7437716463076,0.5487077398063861,175.41945298085102,261.6430483870968,-32.979000155784924,0.6946938206199104
Hibernian Training Ground,5,2025,55.92078,-2.9289362,89.91,3,744,481,384.7779506705883,405.6926776048398,-20.91472693425142,10.509127282115935,266.45715313236576,0.6002145430477365,185.2835139777974,195.30982432432432,-5.155312897863838,0.6567955692606935
Oasis - Wintringham,5,2025,53.5487,-0.0812,168.48,4,744,475,414.3957166301871,357.4448836032388,56.95083302694821,37.27990469494074,225.66648492757508,0.6614110180523504,197.2018444555727,169.93759855769233,15.93275932581632,0.6313322564663234
Sheldons Bakery,5,2025,53.47693,-2.1852183,226.35,2,744,477,416.70426201751343,366.56539067481896,50.13887134269445,37.49998619004669,249.9607131829454,0.6413795546067221,198.9723804122905,174.97685785288272,13.67801560599942,0.6818993815067669
Hibernian Stadium,5,2025,55.9619,-3.1653037,116.64,1,744,485,417.2506220484245,370.6824742268041,46.56814782162038,28.21129415429579,202.8874683849813,0.7430686523705168,202.48651508847996,179.92525,12.562813474997844,0.5473349362096992
Oasis - Immingham,6,2025,53.614574,-0.21134,207.0,3,720,478,337.1684330654882,367.0171684555212,-29.84873539003296,10.165875600780051,203.87960831330363,0.6566685882762899,161.39017438991152,175.5909021739131,-8.132789949756898,0.5555042810974435
Parfetts - Birmingham,6,2025,52.456444,-1.835168,246.45,2,720,486,309.24822408154074,558.483904155051,-249.23568007351037,-33.25915368622502,402.1500181953083,0.5827101724968201,150.37636136034922,271.54215000000005,-44.627191261776346,0.7200745002736193
Hibernian Training Ground,6,2025,55.92078,-2.9289362,89.91,3,720,490,320.87240724248466,308.6883434454863,12.184063796998352,32.75013952613077,206.2376660678209,0.6293851892607657,157.5223208267056,151.38669594594597,3.9470436949460166,0.6681096660983639
Hazelwick School,6,2025,51.124912,-0.165185,224.94,3,720,475,313.7446167100172,386.1655031751157,-72.42088646509848,-8.600045068783553,232.83371811667035,0.6493306207237072,149.05847124519687,183.49625051124744,-18.753846697760974,0.6029376425451616
Oasis - John Williams,6,2025,51.4196,-2.5663,153.26999999999998,2,480,317,321.7045963621703,405.3389361138537,-83.63433975168331,-9.708400418797495,225.81419545470095,0.6558278920009235,102.05538104302796,128.62874745547074,-20.633186772906452,0.5570996895084194
Oasis - Short Heath,7,2025,52.53421,-1.8582243,45.900000000000006,2,744,479,331.4818619929789,332.16651111384004,-0.6846491208611638,18.46694741813217,223.53777444649663,0.6245834966935462,158.83312124843337,159.2975088235294,-0.20611623928171838,0.6729690289876508
Finlay Beverages,7,2025,53.60353,-1.28,1034.4,2,744,485,284.032870627166,292.1004126103284,-8.067541983162378,30.80059569640277,235.76473217922967,0.3634023968403775,137.9031712638271,141.825188225058,-2.761907082248727,0.8071359094372372
Oasis - New Oak,7,2025,51.42044,-2.569186,48.6,2,672,432,333.7002220835796,371.8049768518519,-38.10475476827228,7.525058636973826,234.65635068433517,0.6334317916981602,144.2493168585284,160.76483333333334,-10.248586528053762,0.631127513868206
Metro Centre,7,2025,54.95851,-1.6703782,739.53,2,744,485,304.3377799117736,277.9067010309278,26.431078880845725,45.07004077788682,193.70700528352384,0.5949120334869331,147.9049880135676,134.952875,9.510774221275192,0.6970217147155674
City Football Group Phase 1,7,2025,53.48012,-2.1889446,2205.5,9,744,479,325.3069078130948,285.6533864555711,39.65352135752362,35.82642945754737,218.30067571772747,0.5595799320542209,156.094728952349,137.03434260701255,13.881691321622483,0.7642152555110028
Oasis - Pinewood,8,2025,51.610306,0.16310771,45.36,3,744,432,346.0276088137095,335.78153935185185,10.24606946185764,26.519380883947992,240.84448141584195,0.5461504737049279,149.64176811702177,145.18487500000003,3.051409401968702,0.7172654038120625
Oasis - Isle of Sheppey West,8,2025,51.4205,0.7853,145.8,3,744,438,369.32147649021806,524.6404109589041,-155.31893446868597,-19.79431464584974,316.3350426063792,0.6728029796132331,161.81099181748286,229.9258555555556,-29.604836231506464,0.6029559218059514
Oasis - Parkwood,8,2025,53.57831,-0.68111324,17.82,2,744,441,325.67346522966807,485.52898886827455,-159.85552363860657,-20.828502580974934,345.74871859494647,0.5443654900772108,143.78903880873517,214.2435795454545,-32.923991626373464,0.7121072614033951
Oasis - Wintringham,8,2025,53.5487,-0.0812,168.48,4,744,433,294.8101352778922,279.1757083851484,15.634426892743832,26.626844195664404,212.98506922219076,0.4741523209764897,127.85842215364625,121.02363461538462,5.600210341787559,0.7629068820284263
City Football Group Phase 1,8,2025,53.48012,-2.1889446,2205.5,9,744,439,270.2169077361668,272.7169151567137,-2.500007420546977,18.502583941361653,225.6820779429617,0.4608865972457175,118.766946996504,119.8251880639311,-0.9167042019048657,0.8275323802825947
Oasis - Isle of Sheppey East,9,2025,51.4205,0.7853,198.72,2,720,367,334.0440940609052,320.3048365122616,13.739257548643645,36.34112598757805,204.94570169853327,0.6157938304102529,122.77540939363745,117.6925,4.289431810723732,0.6398457916844091
Metro Centre,9,2025,54.95851,-1.6703782,739.53,2,720,367,226.5042387349768,227.3784059945504,-0.8741672595736341,13.298010611083049,152.00781958555228,0.5596286349282135,83.21931856336121,83.558125,-0.3844548279551874,0.6685235518327781
Oasis - Connaught,9,2025,51.427967,-2.587576,57.78,2,720,366,300.6640849798381,319.45969945355193,-18.795614473713737,28.577464635189784,247.01268550573127,0.4843121986933772,110.14997158295174,117.0315,-5.883563562435093,0.7732201774691955
Blachford,9,2025,53.19191,-1.351108,333.0,3,720,367,266.8928987482288,244.97480668679583,21.918092061432965,33.95251110970541,177.05626981007862,0.5434533905537153,98.0356718667217,90.00546621621623,8.947080051972685,0.7227529728656868
Hibernian Training Ground,9,2025,55.92078,-2.9289362,89.91,3,720,365,240.23541088789568,256.1910403554239,-15.955629467528258,26.43827323126812,197.9713598341812,0.406804246878397,87.89982000025059,93.6228018018018,-6.228020092112654,0.7727489593684764
Oasis - John Williams,10,2025,51.4196,-2.5663,153.26999999999998,2,744,315,183.4599096275607,144.0515509511693,39.40835867639143,58.40090271434098,133.24250430019669,0.4225704083063104,58.04760366598037,45.505288804071256,27.35712209704016,0.9249640383626506
Hazelwick School,10,2025,51.124912,-0.165185,224.94,3,744,317,183.56799749293208,182.19173553185863,1.3762619610734628,36.61161926872547,157.7615713257478,0.4012754959676849,58.3512323703651,57.88354805725972,0.7553920912251235,0.8659095917013268
WALC Adult Learning Centre,11,2025,53.49956,-2.525587,50.4,1,48,16,109.06518545461812,108.9375,0.1276854546181258,40.10254824820902,58.31925024086625,0.7610782845882459,1.7453931220464252,1.7445,0.1172098263849611,0.5353459574606196
Oasis - Bank Leaze,11,2025,51.3927,-2.39,49.68,1,720,251,170.54592439234932,148.59860557768926,21.94731881466005,81.84848227438955,139.30219438633364,0.387597878271777,42.96531186971177,37.3945,14.769532142874468,0.9374394453082849
Bannatynes Darlington Head Office,11,2025,54.527344,-1.5457069,52.35,2,288,93,66.22644291385365,96.12250053917492,-29.89605762532126,-6.825863968829045,69.19271641103984,0.5182172549938125,6.201650203844532,8.948642550143266,-31.10203902065269,0.7198389141243804
Iceland Shrewsbury,11,2025,52.689774,-2.751485,100.5,2,48,16,101.674868813109,160.99385883084577,-59.318990017736766,-42.37201127959298,103.19560233181844,0.5964367154628215,1.6278412426839624,2.580901741293532,-36.84549861001996,0.6409909240093733
Metro Centre,11,2025,54.95851,-1.6703782,739.53,2,720,238,110.58547482798028,92.24422268907564,18.341252138904668,47.35926708151346,74.89282139803736,0.5186037638393273,26.49492767523774,22.03,19.8833613685779,0.8118971488379924
