name,time,total_capacity_kwp,gti,gti_low,gti_high,ghi,gti_energy_kwh,gti_low_energy_kwh,gti_high_energy_kwh,ghi_energy_kwh
Sheldons Bakery,2025-01-01,226.35000000000002,0.4228330019880715,0.12118737574552682,0.7701346918489066,0.42599999999999993,95.70824999999999,27.4307625,174.31998750000002,96.4251
Sheldons Bakery,2025-01-02,226.35000000000002,0.9627728628230616,0.7486694831013916,1.0922410536779323,0.9622499999999998,217.9236375,169.4613375,247.22876250000002,217.8052875
Sheldons Bakery,2025-01-03,226.35000000000002,0.48289413518886676,0.13905666003976144,0.8663464214711728,0.4855,109.3030875,31.475475000000007,196.0975125,109.892925
Sheldons Bakery,2025-01-04,226.35000000000002,0.4737286282306163,0.22508300198807157,0.7296346918489065,0.47774999999999995,107.228475,50.9475375,165.1528125,108.1387125
Sheldons Bakery,2025-01-05,226.35000000000002,0.36549950298210737,0.0873175944333996,0.7274835984095426,0.36775,82.73081250000001,19.764337500000003,164.6659125,83.24021250000001
Sheldons Bakery,2025-01-06,226.35000000000002,0.5648175944333995,0.1990417495029821,0.9117340954274353,0.56625,127.84646249999999,45.0531,206.3710125,128.1706875
Sheldons Bakery,2025-01-07,226.35000000000002,0.618756958250497,0.29070974155069584,0.9640333001988071,0.6194999999999999,140.05563750000002,65.80215000000001,218.2089375,140.223825
Sheldons Bakery,2025-01-08,226.35000000000002,0.5490024850894633,0.26358697813121273,0.831100397614314,0.5527499999999999,124.26671250000003,59.66291250000001,188.119575,125.11496249999998
Sheldons Bakery,2025-01-09,226.35000000000002,0.44587425447316104,0.17183300198807155,0.7185666003976143,0.44975,100.92363750000001,38.8944,162.64755000000002,101.80091250000001
Sheldons Bakery,2025-01-10,226.35000000000002,1.0144244532803182,0.7897062624254474,1.1945591451292248,1.01275,229.61497500000004,178.75001250000003,270.38846250000006,229.23596250000003
Sheldons Bakery,2025-01-11,226.35000000000002,0.7566346918489066,0.4683290258449303,1.0299875745526839,0.76125,171.26426250000003,106.00627499999999,233.13768750000003,172.3089375
Sheldons Bakery,2025-01-12,226.35000000000002,0.38541998011928424,0.13496769383697813,0.693403578528827,0.38825000000000004,87.2398125,30.549937500000002,156.9519,87.88038750000001
Sheldons Bakery,2025-01-13,226.35000000000002,0.2777917495029821,0.08363021868787278,0.5354532803180914,0.28049999999999997,62.8781625,18.929700000000004,121.19985,63.491175
Sheldons Bakery,2025-01-14,226.35000000000002,0.2656197813121272,0.09275,0.5163802186878728,0.26775,60.1230375,20.993962500000002,116.88266250000001,60.6052125
Sheldons Bakery,2025-01-15,226.35000000000002,0.7161177932405566,0.40417445328031804,0.9903523856858847,0.71625,162.0932625,91.4848875,224.16626250000002,162.12318750000003
Sheldons Bakery,2025-01-16,226.35000000000002,1.135476143141153,0.9071799204771371,1.2836058648111333,1.135,257.01502500000004,205.34017500000002,290.5441875,256.90725000000003
Sheldons Bakery,2025-01-17,226.35000000000002,0.3299741550695825,0.1344219681908549,0.6250263419483101,0.33225,74.68965,30.42641250000001,141.4747125,75.20478750000001
Sheldons Bakery,2025-01-18,226.35000000000002,0.22274999999999998,0.09349999999999999,0.47774999999999995,0.22449999999999998,50.4194625,21.163725,108.1387125,50.815575
Sheldons Bakery,2025-01-19,226.35000000000002,0.22375,0.097,0.48325000000000007,0.226,50.645812500000005,21.95595,109.38363750000002,51.155100000000004
Sheldons Bakery,2025-01-20,226.35000000000002,0.3752132206759443,0.14805715705765407,0.6808692842942345,0.37875,84.9295125,33.5127375,154.1147625,85.7300625
Sheldons Bakery,2025-01-21,226.35000000000002,0.4577340954274354,0.17081759443339958,0.8160308151093439,0.46199999999999997,103.6081125,38.6645625,184.70857500000002,104.5737
Sheldons Bakery,2025-01-22,226.35000000000002,0.6165621272365803,0.2504269383697813,1.0243275347912524,0.6212499999999999,139.55883749999998,56.684137500000006,231.8565375,140.6199375
Sheldons Bakery,2025-01-23,226.35000000000002,0.5474647117296222,0.1556669980119284,0.9939080516898607,0.5509999999999999,123.91863749999999,35.235225,224.9710875,124.71885
Sheldons Bakery,2025-01-24,226.35000000000002,1.1345730616302185,0.6554855864811133,1.5179160039761428,1.135,256.8106125,148.36916250000002,343.58028749999994,256.90725000000003
Sheldons Bakery,2025-01-25,226.35000000000002,1.3291436381709738,0.9358166003976143,1.5982733598409542,1.3282499999999997,300.8516625,211.8220875,361.769175,300.6493875
Sheldons Bakery,2025-01-26,226.35000000000002,0.5584627236580516,0.1898588469184891,0.9603166003976142,0.5635,126.40803749999999,42.97455000000001,217.3676625,127.54822500000002
Sheldons Bakery,2025-01-27,226.35000000000002,1.0154070576540755,0.5239850894632206,1.4607400596421471,1.019,229.8373875,118.60402500000001,330.63851250000005,230.65065
Sheldons Bakery,2025-01-28,226.35000000000002,0.7867226640159045,0.2959995029821073,1.275419980119284,0.7929999999999999,178.074675,66.9994875,288.6913125,179.49555
Sheldons Bakery,2025-01-29,226.35000000000002,1.4974030815109345,1.139294731610338,1.782720178926441,1.4969999999999999,338.93718750000005,257.8793625,403.5187125,338.84595
Sheldons Bakery,2025-01-30,226.35000000000002,1.3812281312127235,0.8659319085487077,1.790649602385686,1.3832499999999999,312.6409875,196.0036875,405.31353750000005,313.0986375
Sheldons Bakery,2025-01-31,226.35000000000002,0.6419055666003975,0.2567445328031809,1.0964155069582504,0.6467499999999999,145.295325,58.114125,248.17365,146.3918625
Sheldons Bakery,2025-02-01,226.35000000000002,0.3980521868787276,0.14036978131212724,0.7946824055666004,0.40149999999999997,90.0991125,31.772700000000004,179.87636250000003,90.879525
Sheldons Bakery,2025-02-02,226.35000000000002,0.7006416500994035,0.2997713717693837,1.1396421471172962,0.7055,158.5902375,67.85325,257.958,159.68992500000002
Sheldons Bakery,2025-02-03,226.35000000000002,1.3038976143141154,0.841512425447316,1.743652087475149,1.307,295.13722500000006,190.4763375,394.67565,295.83945
Sheldons Bakery,2025-02-04,226.35000000000002,0.47577186878727634,0.1713648111332008,0.9296058648111332,0.478,107.69096250000001,38.788425000000004,210.4162875,108.1953
Sheldons Bakery,2025-02-05,226.35000000000002,1.3624413518886678,0.791213717693837,1.8349145129224653,1.3664999999999998,308.3886,179.091225,415.33290000000005,309.307275
Sheldons Bakery,2025-02-06,226.35000000000002,1.9932450298210738,1.6946520874751492,2.2138747514910535,1.9914999999999998,451.1710125000001,383.58450000000005,501.11055,450.776025
Sheldons Bakery,2025-02-07,226.35000000000002,0.993121272365805,0.35287276341948304,1.6618290258449304,0.9994999999999999,224.793,79.87275,376.15500000000003,226.236825
Sheldons Bakery,2025-02-08,226.35000000000002,0.5302171968190854,0.19516600397614314,1.0017112326043738,0.5344999999999999,120.0146625,44.175825,226.73733750000002,120.98407499999998
Sheldons Bakery,2025-02-09,226.35000000000002,0.388520874751491,0.15586978131212723,0.8433906560636182,0.39199999999999996,87.9417,35.281125,190.901475,88.7292
Sheldons Bakery,2025-02-10,226.35000000000002,0.5597495029821072,0.18155715705765404,1.1221242544731609,0.5635,126.69929999999998,41.0954625,253.99282499999998,127.54822500000002
Sheldons Bakery,2025-02-11,226.35000000000002,0.34868737574552683,0.16911978131212724,0.7918747514910537,0.3515,78.9253875,38.280262500000006,179.24085000000002,79.562025
Sheldons Bakery,2025-02-12,226.35000000000002,0.5419010934393638,0.18663021868787277,1.0459219681908547,0.5465,122.6593125,42.243750000000006,236.74443749999998,123.700275
Sheldons Bakery,2025-02-13,226.35000000000002,0.5305263419483102,0.19543240556660038,0.9678807157057653,0.5355,120.08463750000001,44.236125,219.0798,121.210425
Sheldons Bakery,2025-02-14,226.35000000000002,1.5759731610337973,0.9505248508946321,2.1730929423459244,1.5817499999999998,356.72152500000004,215.1513,491.87958750000007,358.0291125
Sheldons Bakery,2025-02-15,226.35000000000002,0.6232181908548707,0.21605715705765408,1.1883896620278327,0.62975,141.0654375,48.9045375,268.99199999999996,142.54391250000003
Sheldons Bakery,2025-02-16,226.35000000000002,0.9646192842942345,0.38208846918489064,1.630874254473161,0.97175,218.341575,86.485725,369.1483875,219.95561250000003
Sheldons Bakery,2025-02-17,226.35000000000002,1.2124055666003974,0.6831923459244532,1.754457753479125,1.2199999999999998,274.428,154.6405875,397.1215125,276.147
Sheldons Bakery,2025-02-18,226.35000000000002,2.023953280318091,1.6606461232604373,2.386239562624254,2.0287499999999996,458.12182499999994,375.88725,540.125325,459.20756249999994
Sheldons Bakery,2025-02-19,226.35000000000002,0.6617087475149104,0.2514219681908549,1.210141153081511,0.6677499999999998,149.777775,56.90936250000001,273.91545,151.14521249999999
Sheldons Bakery,2025-02-20,226.35000000000002,0.9957191848906559,0.32651043737574553,1.7572246520874748,1.0035,225.3810375,73.90563750000001,397.7478,227.14222500000002
Sheldons Bakery,2025-02-21,226.35000000000002,0.8916928429423459,0.45457803180914513,1.4108076540755468,0.89875,201.834675,102.89373750000001,319.3363125,203.43206250000003
Sheldons Bakery,2025-02-22,226.35000000000002,2.2487952286282304,1.3735193836978128,2.9303682902584494,2.2525,509.01480000000004,310.89611249999996,663.2888625,509.853375
Sheldons Bakery,2025-02-23,226.35000000000002,0.622708250497018,0.2401093439363817,1.1632862823061632,0.629,140.9500125,54.34875,263.30985000000004,142.37415000000001
Sheldons Bakery,2025-02-24,226.35000000000002,1.984227137176938,1.156222166998012,2.836924453280318,1.9837500000000001,449.12981249999996,261.7108875,642.1378500000001,449.02181250000007
Sheldons Bakery,2025-02-25,226.35000000000002,1.6918722664015906,0.7514463220675944,2.610558648111332,1.7015,382.95528750000005,170.089875,590.89995,385.13452500000005
Sheldons Bakery,2025-02-26,226.35000000000002,1.9864985089463219,1.08448310139165,2.908129224652087,1.99425,449.6439375,245.47275000000002,658.25505,451.39848750000004
Sheldons Bakery,2025-02-27,226.35000000000002,3.0156451292246516,2.639368787276342,3.3288484095427435,3.0154999999999994,682.591275,597.4211250000001,753.4848375,682.5584249999999
Sheldons Bakery,2025-02-28,226.35000000000002,2.105971669980119,1.4942773359840955,2.662556163021869,2.103,476.6866875,338.22967500000004,602.6695875,476.0140500000001
Sheldons Bakery,2025-03-01,226.35000000000002,2.454773856858847,1.922181411530815,2.9904080516898603,2.4625,555.6380625,435.0857625,676.8788625,557.386875
Sheldons Bakery,2025-03-02,226.35000000000002,1.1176192842942345,0.6405258449304174,1.5972127236580513,1.12725,252.973125,144.983025,361.52909999999997,255.15303750000004
Sheldons Bakery,2025-03-03,226.35000000000002,1.1377440357852882,0.7177286282306162,1.5624000994035785,1.1479999999999997,257.5283625,162.457875,353.6492625,259.84979999999996
Sheldons Bakery,2025-03-04,226.35000000000002,2.9769289264413517,2.367486083499006,3.521084990059642,2.9805,673.8278625,535.880475,796.9975875,674.6361750000001
Sheldons Bakery,2025-03-05,226.35000000000002,3.1797783300198805,2.8043986083499,3.537730616302187,3.1787499999999995,719.742825,634.775625,800.7653250000001,719.5100625
Sheldons Bakery,2025-03-06,226.35000000000002,3.098523359840954,2.720002485089463,3.443429423459244,3.1055,701.3507625,615.6725625,779.42025,702.9299250000001
Sheldons Bakery,2025-03-07,226.35000000000002,1.3665144135188867,0.5797181908548709,2.193602385685885,1.3769999999999998,309.3105375,131.21921250000003,496.5219000000001,311.68395
Sheldons Bakery,2025-03-08,226.35000000000002,3.19044930417495,2.8812256461232604,3.490594930417495,3.19575,722.1582000000001,652.165425,790.0961625,723.3580125000001
Sheldons Bakery,2025-03-09,226.35000000000002,3.2851426441351887,2.940334990059642,3.599955268389662,3.2899999999999996,743.5920375000001,665.544825,814.8498750000001,744.6915
Sheldons Bakery,2025-03-10,226.35000000000002,3.22597365805169,2.886984095427435,3.549968687872763,3.2329999999999997,730.1991375,653.46885,803.5354125,731.78955
Sheldons Bakery,2025-03-11,226.35000000000002,2.317989562624254,1.4363146123260437,3.160977634194831,2.32975,524.6769375,325.10981250000003,715.4872875,527.3389125000001
Sheldons Bakery,2025-03-12,226.35000000000002,2.4173951292246523,0.8668260437375744,3.872337972166998,2.42,547.1773875000001,196.206075,876.5037000000001,547.767
Sheldons Bakery,2025-03-13,226.35000000000002,1.5242837972166996,0.6126545725646123,2.595923459244533,1.5362500000000001,345.0216375,138.6743625,587.5872750000001,347.73018750000006
Sheldons Bakery,2025-03-14,226.35000000000002,2.0186535785288267,0.8540029821073559,3.252147614314115,2.0285,456.92223749999994,193.30357500000002,736.1236125,459.1509750000001
Sheldons Bakery,2025-03-15,226.35000000000002,2.2065372763419484,1.2413474155069582,3.2059676938369774,2.2215,499.4497125000001,280.9789875,725.6707875,502.836525
Sheldons Bakery,2025-03-16,226.35000000000002,2.2956247514910535,1.2825243538767395,3.2784657057654076,2.3094999999999994,519.6146625,290.2993875,742.0807125000001,522.755325
Sheldons Bakery,2025-03-17,226.35000000000002,1.3275994035785288,0.6641824055666004,2.0101933399602383,1.3374999999999997,300.50212500000004,150.33768750000002,455.00726249999997,302.74312499999996
Sheldons Bakery,2025-03-18,226.35000000000002,4.405969681908548,4.117834493041749,4.651422465208747,4.407499999999999,997.2912375,932.0718375,1052.849475,997.6376249999998
Sheldons Bakery,2025-03-19,226.35000000000002,4.019016898608349,3.457990059642147,4.516532803180914,4.02575,909.7044749999999,782.71605,1022.3172000000001,911.2285125000002
Sheldons Bakery,2025-03-20,226.35000000000002,4.064117296222664,3.6710854870775345,4.425841948310139,4.069,919.91295,830.9502,1001.7893250000001,921.0181500000001
Sheldons Bakery,2025-03-21,226.35000000000002,1.9391719681908544,0.9883618290258449,2.8898886679920475,1.9544999999999997,438.93157499999995,223.71570000000003,654.1263,442.401075
Sheldons Bakery,2025-03-22,226.35000000000002,2.6518787276341946,1.8162191848906557,3.4433563618290255,2.6675,600.25275,411.1012125,779.4037125,603.788625
Sheldons Bakery,2025-03-23,226.35000000000002,1.721932902584493,0.905198310139165,2.6666883697813115,1.73325,389.7595125,204.8916375,603.6049125,392.3211375
Sheldons Bakery,2025-03-24,226.35000000000002,3.739757952286282,3.283757952286282,4.163075546719682,3.75125,846.4942125,743.2786125,942.3121500000001,849.0954375000001
Sheldons Bakery,2025-03-25,226.35000000000002,2.087273359840954,1.2306724652087475,2.9731242544731606,2.0955,472.454325,278.56271250000003,672.966675,474.31642500000004
Sheldons Bakery,2025-03-26,226.35000000000002,3.8675228628230616,3.239704771371769,4.43734592445328,3.8695,875.4138,733.3071749999999,1004.39325,875.8613250000001
Sheldons Bakery,2025-03-27,226.35000000000002,4.195634691848906,3.5175243538767393,4.819259940357852,4.205,949.6819125000001,796.1916375000001,1090.8394875,951.8017500000001
Sheldons Bakery,2025-03-28,226.35000000000002,3.0097007952286283,1.2839512922465208,4.7908513916501,3.02175,681.2457750000001,290.62237500000003,1084.4092125000002,683.9731125000001
Sheldons Bakery,2025-03-29,226.35000000000002,2.9143021868787273,1.6909960238568587,4.1594468190854865,2.9290000000000003,659.6523,382.75695,941.4907875,662.9791500000001
Sheldons Bakery,2025-03-30,226.35000000000002,4.509454274353876,3.6743628230616303,5.281207753479125,4.50925,1020.714975,831.6920250000001,1195.401375,1020.6687375
Sheldons Bakery,2025-03-31,226.35000000000002,3.352185884691848,2.5976431411530814,4.110369284294234,3.35975,758.7672749999999,587.976525,930.3820874999999,760.4794125000001
Sheldons Bakery,2025-04-01,226.35000000000002,5.343531809145128,5.0262559642147115,5.6143598409542745,5.346,1209.508425,1137.6930375000002,1270.8103500000002,1210.0671000000002
Sheldons Bakery,2025-04-02,226.35000000000002,5.354417495029821,5.030271868787276,5.63930268389662,5.357,1211.9724,1138.6020375,1276.4561625000001,1212.5569500000001
Sheldons Bakery,2025-04-03,226.35000000000002,5.046228628230616,4.644097912524851,5.411546719681908,5.052749999999999,1142.21385,1051.1915625000001,1224.9036,1143.6899624999999
Sheldons Bakery,2025-04-04,226.35000000000002,4.920368787276343,4.223635685884691,5.574570576540756,4.92175,1113.7254750000002,956.0199375,1261.8040500000002,1114.0381125000001
Sheldons Bakery,2025-04-05,226.35000000000002,5.5999910536779325,5.270449801192842,5.888370775347913,5.601749999999999,1267.5579750000002,1192.9663125,1332.8327250000002,1267.9561125
Sheldons Bakery,2025-04-06,226.35000000000002,5.7258603379721675,5.401594930417494,6.0079850894632205,5.730249999999999,1296.0484875000002,1222.6510125,1359.907425,1297.0420875
Sheldons Bakery,2025-04-07,226.35000000000002,5.792714214711729,5.464776838966203,6.072932902584493,5.79625,1311.1808625,1236.9522375000001,1374.6083625,1311.9811875
Sheldons Bakery,2025-04-08,226.35000000000002,5.696688369781311,5.365912524850895,5.99091749502982,5.699249999999999,1289.4454125,1214.5743000000002,1356.044175,1290.0252375
Sheldons Bakery,2025-04-09,226.35000000000002,5.538585487077534,5.149403578528827,5.90172564612326,5.542,1253.658825,1165.5675,1335.8555999999999,1254.4317
Sheldons Bakery,2025-04-10,226.35000000000002,5.857839960238568,5.527084990059642,6.153115805168985,5.8615,1325.922075,1251.0556875,1392.7577625,1326.7505250000002
Sheldons Bakery,2025-04-11,226.35000000000002,5.74527833001988,5.343335984095427,6.119762425447316,5.748499999999999,1300.44375,1209.4641000000001,1385.208225,1301.172975
Sheldons Bakery,2025-04-12,226.35000000000002,4.692826540755467,3.571050198807157,5.7559880715705765,4.7105,1062.2212875,808.3072125000001,1302.8679000000002,1066.221675
Sheldons Bakery,2025-04-13,226.35000000000002,3.78891351888668,2.379089463220676,5.1621848906560635,3.8019999999999996,857.620575,538.5069000000001,1168.46055,860.5827
Sheldons Bakery,2025-04-14,226.35000000000002,3.828520874751491,2.53750745526839,5.061873757455269,3.8475,866.5857000000001,574.3648125000001,1145.7551250000001,870.8816250000001
Sheldons Bakery,2025-04-15,226.35000000000002,2.2698449304174955,1.0579771371769382,3.636541252485089,2.285,513.7794000000001,239.47312499999998,823.1311125,517.2097500000001
Sheldons Bakery,2025-04-16,226.35000000000002,1.4249532803180913,0.6558334990059641,2.2659845924453283,1.4365,322.538175,148.4479125,512.9056125000001,325.15177500000004
Sheldons Bakery,2025-04-17,226.35000000000002,5.38014115308151,4.517059145129225,6.209380218687873,5.393,1217.79495,1022.4363375000001,1405.4932125,1220.7055500000001
Sheldons Bakery,2025-04-18,226.35000000000002,1.978237574552684,1.006431411530815,3.0539865805168986,1.9939999999999998,447.77407500000004,227.80575000000002,691.2698625,451.3419
Sheldons Bakery,2025-04-19,226.35000000000002,2.757882703777336,1.946558648111332,3.6576386679920474,2.7724999999999995,624.24675,440.60355000000004,827.9065125,627.5553749999999
Sheldons Bakery,2025-04-20,226.35000000000002,6.288167495029821,5.918583996023856,6.624662524850894,6.29275,1423.3267125000002,1339.6714875,1499.4923625000001,1424.3639625
Sheldons Bakery,2025-04-21,226.35000000000002,1.88450944333996,0.8056371769383697,3.135521868787276,1.895,426.5587125,182.355975,709.725375,428.93325000000004
Sheldons Bakery,2025-04-22,226.35000000000002,3.960996520874751,2.15242296222664,5.891756958250497,3.9755000000000003,896.5715625,487.20093750000007,1333.5991875,899.8544250000001
Sheldons Bakery,2025-04-23,226.35000000000002,4.331143638170974,2.7221158051689858,5.855562624254473,4.35225,980.3543625,616.1509125,1325.4066,985.1317875000001
Sheldons Bakery,2025-04-24,226.35000000000002,4.838523856858847,3.6052326043737573,6.027085984095428,4.85725,1095.1998750000002,816.0444,1364.2309125000002,1099.4385375
Sheldons Bakery,2025-04-25,226.35000000000002,4.799147117296222,3.6360009940357854,5.924782803180915,4.81575,1086.28695,823.0088250000001,1341.0745875000002,1090.0450125000002
Sheldons Bakery,2025-04-26,226.35000000000002,2.422040258449304,1.3387022862823061,3.593878230616302,2.4414999999999996,548.2288125,303.0152625,813.4743375,552.633525
Sheldons Bakery,2025-04-27,226.35000000000002,5.466520377733598,4.319688866799205,6.542191351888667,5.481999999999999,1237.3468875,977.7615750000001,1480.8250125,1240.8507
Sheldons Bakery,2025-04-28,226.35000000000002,5.688158051689861,4.627654075546719,6.7257296222664005,5.6892499999999995,1287.5145750000001,1047.4695,1522.3689,1287.7617375
Sheldons Bakery,2025-04-29,226.35000000000002,6.38676689860835,5.761652584493041,7.0121779324055655,6.393249999999999,1445.6446875000001,1304.1500625,1587.206475,1447.1121375
Sheldons Bakery,2025-04-30,226.35000000000002,6.93150198807157,6.50143439363817,7.335330019880715,6.937,1568.945475,1471.599675,1660.35195,1570.1899500000002
Sheldons Bakery,2025-05-01,226.35000000000002,6.873104373757455,6.406848906560636,7.3182246520874745,6.8805000000000005,1555.727175,1450.19025,1656.48015,1557.4011750000002
Sheldons Bakery,2025-05-02,226.35000000000002,6.293959244532802,5.587497017892643,6.9668588469184884,6.2945,1424.637675,1264.72995,1576.9485,1424.7600750000001
Sheldons Bakery,2025-05-03,226.35000000000002,4.4801167992047715,2.035125745526839,7.015919483101391,4.49025,1014.0744375000002,460.6507125,1588.053375,1016.3680875
Sheldons Bakery,2025-05-04,226.35000000000002,5.24446421471173,3.678718687872763,6.775428429423459,5.263249999999999,1187.084475,832.6779750000001,1533.6182250000002,1191.3366375
Sheldons Bakery,2025-05-05,226.35000000000002,3.937914015904572,2.0936794234592444,5.8561381709741545,3.9537499999999994,891.3468375,473.9043375,1325.536875,894.9313125
Sheldons Bakery,2025-05-06,226.35000000000002,6.904435884691848,6.358727137176937,7.430624254473161,6.9155,1562.8190625,1439.2978875,1681.9218,1565.323425
Sheldons Bakery,2025-05-07,226.35000000000002,4.8662519880715704,3.617217693836978,6.0549324055666,4.8847499999999995,1101.4761375,818.7572250000001,1370.53395,1105.6631625
Sheldons Bakery,2025-05-08,226.35000000000002,4.289239562624254,2.5766182902584496,6.024027335984096,4.299249999999999,970.869375,583.2175500000001,1363.5385875000002,973.1352374999999
Sheldons Bakery,2025-05-09,226.35000000000002,7.3818250497017885,6.9483513916501,7.785314612326044,7.38825,1670.8761,1572.7593375000001,1762.2059625000002,1672.3303875000001
Sheldons Bakery,2025-05-10,226.35000000000002,6.604988071570575,5.58915805168986,7.593604373757455,6.61775,1495.0390499999999,1265.1059249999998,1718.8123500000002,1497.9277125
Sheldons Bakery,2025-05-11,226.35000000000002,6.82994930417495,5.955005964214712,7.667413518886679,6.84125,1545.959025,1347.9156000000003,1735.51905,1548.5169375
Sheldons Bakery,2025-05-12,226.35000000000002,6.829827037773359,5.825858349900596,7.7756187872763425,6.831999999999999,1545.93135,1318.6830375,1760.0113125000003,1546.4232
Sheldons Bakery,2025-05-13,226.35000000000002,7.916163518886679,7.499793737574552,8.288163518886678,7.925749999999999,1791.8236124999999,1697.5783125,1876.0258124999998,1793.9935125
Sheldons Bakery,2025-05-14,226.35000000000002,7.357199304174949,6.3822221669980115,8.265515407554672,7.361249999999999,1665.3020625,1444.6159875,1870.8994125000002,1666.2189375
Sheldons Bakery,2025-05-15,226.35000000000002,7.529054671968191,6.973695825049702,8.067277833001986,7.5344999999999995,1704.2015250000002,1578.4960500000002,1826.0283374999997,1705.4340750000001
Sheldons Bakery,2025-05-16,226.35000000000002,7.944825546719682,7.525127733598409,8.324950298210734,7.954,1798.3112625,1703.3126625,1884.3524999999997,1800.3879000000002
Sheldons Bakery,2025-05-17,226.35000000000002,6.673377733598408,5.786325049701788,7.535070576540754,6.67375,1510.5190499999999,1309.734675,1705.5632249999999,1510.6033125000001
Sheldons Bakery,2025-05-18,226.35000000000002,6.8675337972167005,5.634663518886679,7.989460735586481,6.873249999999999,1554.4662750000002,1275.4060875,1808.4144375,1555.7601375
Sheldons Bakery,2025-05-19,226.35000000000002,4.615341451292246,3.347391153081511,5.88408846918489,4.624749999999999,1044.6825375,757.6819875000001,1331.863425,1046.8121624999999
Sheldons Bakery,2025-05-20,226.35000000000002,5.6011098409542734,4.013363817097415,7.134438866799204,5.621,1267.8112125,908.4248999999999,1614.8802375,1272.3133500000001
Sheldons Bakery,2025-05-21,226.35000000000002,7.030124254473161,5.787292743538767,8.185835984095428,7.0345,1591.2686250000002,1309.9537125000002,1852.8639750000004,1592.2590750000002
Sheldons Bakery,2025-05-22,226.35000000000002,5.0524010934393635,3.7390134194831015,6.380616799204771,5.059499999999999,1143.6109875,846.3256875000001,1444.2526125,1145.217825
Sheldons Bakery,2025-05-23,226.35000000000002,6.742676441351889,5.529072067594433,7.9655467196819085,6.757,1526.2048125000001,1251.5054625,1803.0015,1529.44695
Sheldons Bakery,2025-05-24,226.35000000000002,2.1696028827037774,0.9840621272365805,3.649487574552684,2.18675,491.08961250000004,222.74246250000002,826.0615125,494.97086250000007
Sheldons Bakery,2025-05-25,226.35000000000002,5.409058151093439,3.4746824055666004,7.417938369781312,5.421499999999999,1224.3403125,786.4943625000001,1679.05035,1227.1565249999999
Sheldons Bakery,2025-05-26,226.35000000000002,3.411600894632206,1.3950839960238568,5.666717196819085,3.4327499999999995,772.2158625,315.7772625,1282.6614375,777.0029625
Sheldons Bakery,2025-05-27,226.35000000000002,2.705851391650099,1.3348076540755467,4.261176938369781,2.72675,612.4694625,302.1337125,964.5174,617.1998625000001
Sheldons Bakery,2025-05-28,226.35000000000002,5.418276838966202,3.4226610337972163,7.433725149105367,5.42425,1226.4269625,774.719325,1682.6236875,1227.7789875
Sheldons Bakery,2025-05-29,226.35000000000002,3.3505203777335986,1.573195328031809,5.200360834990059,3.3664999999999994,758.3902875000001,356.0927625,1177.1016750000001,762.0072749999999
Sheldons Bakery,2025-05-30,226.35000000000002,3.8273349900596423,1.954513916500994,5.859024850894631,3.83875,866.3172750000001,442.404225,1326.190275,868.9010625000001
Sheldons Bakery,2025-05-31,226.35000000000002,4.81872912524851,2.9002713717693838,6.848619284294235,4.8375,1090.7193375000002,656.4764250000001,1550.1849750000001,1094.968125
Sheldons Bakery,2025-06-01,226.35000000000002,4.774249999999999,2.3952917495029817,7.446412027833001,4.784999999999999,1080.6514875,542.1742875,1685.4953625,1083.08475
Sheldons Bakery,2025-06-02,226.35000000000002,6.505111332007952,4.541585487077534,8.368558648111332,6.518,1472.4319500000001,1027.987875,1894.2232500000002,1475.3493
Sheldons Bakery,2025-06-03,226.35000000000002,4.512959244532803,2.8432306163021868,6.23377634194831,4.5337499999999995,1021.5083250000001,643.56525,1411.0152750000002,1026.2143125
Sheldons Bakery,2025-06-04,226.35000000000002,5.508438369781311,4.060531809145129,6.9686833996023845,5.524749999999999,1246.8350249999999,919.101375,1577.3614874999998,1250.5271625
Sheldons Bakery,2025-06-05,226.35000000000002,3.5825318091451286,1.5174582504970178,5.863652087475149,3.5997499999999993,810.906075,343.476675,1327.23765,814.8034124999999
Sheldons Bakery,2025-06-06,226.35000000000002,4.798189363817098,2.251872763419483,7.403193836978132,4.8180000000000005,1086.0701625000002,509.71139999999997,1675.7129250000003,1090.5543000000002
Sheldons Bakery,2025-06-07,226.35000000000002,3.691943836978131,2.22707902584493,5.194298210735587,3.7132499999999995,835.6714875,504.09933749999993,1175.7294000000002,840.4941375
Sheldons Bakery,2025-06-08,226.35000000000002,3.6097544731610336,2.1734214711729622,5.058675944333996,3.629,817.0679250000001,491.9539500000001,1145.0313,821.42415
Sheldons Bakery,2025-06-09,226.35000000000002,3.2217002982107354,1.7612425447316102,4.7839393638170975,3.24325,729.2318625,398.65725000000003,1082.844675,734.1096375000001
Sheldons Bakery,2025-06-10,226.35000000000002,6.540260437375745,5.2506053677932405,7.83744184890656,6.54675,1480.38795,1188.474525,1774.0049625000001,1481.8568625000003
Sheldons Bakery,2025-06-11,226.35000000000002,7.233826540755467,6.38166550695825,8.08933648111332,7.247249999999999,1637.3766375,1444.4899875,1831.0213125,1640.4150375
Sheldons Bakery,2025-06-12,226.35000000000002,3.877990059642147,1.7990064612326044,6.294728628230617,3.8985,877.78305,407.20511250000004,1424.8118250000002,882.425475
Sheldons Bakery,2025-06-13,226.35000000000002,6.195977634194831,4.73303031809145,7.675424950298211,6.21075,1402.4595375000001,1071.3214125,1737.3324375000002,1405.8032625
Sheldons Bakery,2025-06-14,226.35000000000002,4.389646123260437,1.7545009940357852,7.362864811133201,4.404,993.5964000000001,397.1313,1666.58445,996.8454
Sheldons Bakery,2025-06-15,226.35000000000002,4.524170477137176,2.870037276341948,6.338496520874751,4.544999999999999,1024.0459875,649.6329375,1434.7186875,1028.76075
Sheldons Bakery,2025-06-16,226.35000000000002,5.271423459244533,3.8111058648111333,6.690548210735586,5.29025,1193.1867,862.6438125000001,1514.4055875000001,1197.4480875000002
Sheldons Bakery,2025-06-17,226.35000000000002,5.110354373757456,3.446508946322068,6.830820576540755,5.132749999999999,1156.7287125000003,780.1173000000001,1546.1562375,1161.7979624999998
Sheldons Bakery,2025-06-18,226.35000000000002,7.0646028827037775,6.031623757455269,8.086540258449304,7.066499999999999,1599.0728625000002,1365.2580375000002,1830.3883875000001,1599.5022749999998
Sheldons Bakery,2025-06-19,226.35000000000002,8.134310636182903,7.691919980119283,8.549159542743539,8.141,1841.2012125000003,1741.0660874999999,1935.1022625,1842.7153500000002
Sheldons Bakery,2025-06-20,226.35000000000002,5.064514413518887,3.2882813121272365,6.832539264413519,5.0855,1146.3528375,744.3024750000001,1546.5452625000003,1151.1029250000001
Sheldons Bakery,2025-06-21,226.35000000000002,3.5592271371769377,1.6856500994035786,5.775272862823061,3.5782499999999997,805.6310625,381.54690000000005,1307.2330125,809.9368875
Sheldons Bakery,2025-06-22,226.35000000000002,3.2306794234592444,1.3094060636182903,5.355432902584493,3.2507499999999996,731.2642875,296.3840625,1212.2022375000001,735.8072625
Sheldons Bakery,2025-06-23,226.35000000000002,4.051108349900596,2.135421471172962,5.99561282306163,4.07,916.9683749999999,483.35265,1357.1069625,921.2445000000001
Sheldons Bakery,2025-06-24,226.35000000000002,2.8170914512922467,1.1050844930417494,4.733900099403578,2.8332499999999996,637.6486500000001,250.135875,1071.5182875,641.3061375
Sheldons Bakery,2025-06-25,226.35000000000002,4.244955765407554,2.1560173956262423,6.499644135188866,4.262,960.8457375,488.0145375,1471.19445,964.7037
Sheldons Bakery,2025-06-26,226.35000000000002,5.7790109343936376,3.694666998011928,7.885672962226639,5.78375,1308.079125,836.287875,1784.922075,1309.1518125000002
Sheldons Bakery,2025-06-27,226.35000000000002,2.896929920477137,1.1141500994035785,5.020481113320079,2.914,655.7200875,252.18787500000002,1136.3859,659.5839000000001
Sheldons Bakery,2025-06-28,226.35000000000002,4.016065109343936,2.1046187872763418,5.957625248508946,4.029749999999999,909.0363375,476.3804625,1348.508475,912.1339124999998
Sheldons Bakery,2025-06-29,226.35000000000002,3.8388131212723655,1.5727191848906559,6.289776838966203,3.8574999999999995,868.91535,355.9849875,1423.6909875000001,873.145125
Sheldons Bakery,2025-06-30,226.35000000000002,6.66690606361829,5.328686878727634,7.960598906560636,6.678499999999999,1509.0541875000001,1206.148275,1801.8815625000002,1511.678475
Sheldons Bakery,2025-07-01,226.35000000000002,2.1842957256461233,0.7554632206759443,4.271966699801192,2.2005,494.4153375000001,170.9991,966.9596624999999,498.08317500000004
Sheldons Bakery,2025-07-02,226.35000000000002,5.769517892644134,4.176855367793241,7.361867793240557,5.772750000000001,1305.930375,945.4312125000002,1666.3587750000002,1306.6619625000003
Sheldons Bakery,2025-07-03,226.35000000000002,7.077057654075547,5.461666500994036,8.564953777335983,7.088,1601.8920000000003,1236.2482125000001,1938.6772875,1604.3688000000002
Sheldons Bakery,2025-07-04,226.35000000000002,4.6382147117296215,2.3917251491053677,6.899904075546719,4.66075,1049.8599,541.3669875,1561.7932875000001,1054.9607625
Sheldons Bakery,2025-07-05,226.35000000000002,2.1150427435387673,0.7624950298210735,3.9412311133200792,2.13,478.739925,172.59075,892.0976625000001,482.12550000000005
Sheldons Bakery,2025-07-06,226.35000000000002,3.9542495029821074,1.5512360834990058,6.458059145129224,3.9689999999999994,895.0443750000001,351.12228749999997,1461.7816874999999,898.38315
Sheldons Bakery,2025-07-07,226.35000000000002,6.504069582504971,4.605042743538767,8.288416003976144,6.51025,1472.1961500000002,1042.3514249999998,1876.0829625000003,1473.5950875
Sheldons Bakery,2025-07-08,226.35000000000002,7.519558648111333,6.583678926441351,8.38407355864811,7.5235,1702.0521000000003,1490.215725,1897.7350499999998,1702.9442250000002
Sheldons Bakery,2025-07-09,226.35000000000002,5.16214115308151,3.3576804174950294,6.988684393638171,5.16975,1168.45065,760.0109625,1581.8887125,1170.1729125
Sheldons Bakery,2025-07-10,226.35000000000002,7.774195825049701,7.139049701789264,8.398284791252484,7.783499999999999,1759.689225,1615.9239,1900.9517625,1761.795225
Sheldons Bakery,2025-07-11,226.35000000000002,8.195925447316103,7.765102385685884,8.584566103379721,8.2045,1855.147725,1757.630925,1943.1165375,1857.088575
Sheldons Bakery,2025-07-12,226.35000000000002,8.130967196819084,7.707513916500995,8.514217196819084,8.1385,1840.4444249999997,1744.5957750000002,1927.1930624999998,1842.1494750000004
Sheldons Bakery,2025-07-13,226.35000000000002,6.405815109343936,5.128080019880715,7.656008449304175,6.42475,1449.9562500000002,1160.7409125,1732.9375125000001,1454.2421625000002
Sheldons Bakery,2025-07-14,226.35000000000002,4.382074055666004,1.536145129224652,7.314871769383697,4.393,991.8824625,347.70645,1655.721225,994.3555500000001
Sheldons Bakery,2025-07-15,226.35000000000002,2.0917668986083497,0.6964274353876739,4.088325049701789,2.105,473.47143750000004,157.63635000000002,925.392375,476.46675000000005
Sheldons Bakery,2025-07-16,226.35000000000002,4.480323558648111,2.5398190854870775,6.439812624254473,4.5,1014.1212375,574.88805,1457.6515875,1018.575
Sheldons Bakery,2025-07-17,226.35000000000002,2.600034791252485,1.0995119284294235,4.075775347912525,2.614,588.517875,248.87452500000003,922.5517500000001,591.6789
Sheldons Bakery,2025-07-18,226.35000000000002,4.462788270377733,2.0384716699801193,6.973782306163021,4.48025,1010.1521250000001,461.4080625,1578.515625,1014.1045875000001
Sheldons Bakery,2025-07-19,226.35000000000002,2.4059423459244527,1.1477813121272364,3.797895129224652,2.4235,544.5850499999999,259.8003,859.6535625,548.5592250000001
Sheldons Bakery,2025-07-20,226.35000000000002,2.255015407554672,0.9903742544731611,3.7641819085487076,2.27125,510.42273750000004,224.17121250000002,852.0225750000001,514.0974375000001
Sheldons Bakery,2025-07-21,226.35000000000002,4.065828031809145,2.1766411530815106,6.083196819085486,4.085749999999999,920.3001750000001,492.682725,1376.9316,924.8095124999999
Sheldons Bakery,2025-07-22,226.35000000000002,2.481900596421471,1.1332390656063618,3.8983901590457255,2.499,561.7782,256.5086625,882.4006125000001,565.6486500000001
Sheldons Bakery,2025-07-23,226.35000000000002,2.6419319085487074,1.1711401590457255,4.398786282306163,2.6597499999999994,598.0012875,265.087575,995.6652750000001,602.0344124999999
Sheldons Bakery,2025-07-24,226.35000000000002,3.3764025844930416,1.6651456262425448,5.396200795228627,3.3887499999999995,764.248725,376.90571250000005,1221.43005,767.0435625
Sheldons Bakery,2025-07-25,226.35000000000002,5.738051689860836,4.296995029821073,7.180707256461233,5.753999999999999,1298.8080000000002,972.6248249999999,1625.3530875000001,1302.4179
Sheldons Bakery,2025-07-26,226.35000000000002,3.3700487077534786,1.3457882703777337,5.510434393638171,3.3862499999999995,762.810525,304.61917500000004,1247.2868250000001,766.4776875
Sheldons Bakery,2025-07-27,226.35000000000002,3.424480616302187,1.5286515904572564,5.420715705765408,3.4422499999999996,775.1311875000001,346.0102875,1226.9790000000003,779.1532875
Sheldons Bakery,2025-07-28,226.35000000000002,5.17864463220676,2.8629517892644136,7.386061630218688,5.19075,1172.1862125000002,648.0291375,1671.8350500000001,1174.9262625000001
Sheldons Bakery,2025-07-29,226.35000000000002,2.694265407554672,1.3136401590457254,4.312562624254473,2.7134999999999994,609.846975,297.34245,976.14855,614.2007249999999
Sheldons Bakery,2025-07-30,226.35000000000002,2.9371292246520873,1.3462385685884692,4.758769880715705,2.95525,664.8192,304.72110000000004,1077.1475624999998,668.9208375000001
Sheldons Bakery,2025-07-31,226.35000000000002,2.5893787276341946,1.3409612326043736,3.9057649105367793,2.6047499999999997,586.105875,303.526575,884.0698875,589.5851625
Sheldons Bakery,2025-08-01,226.35000000000002,2.3633325049701783,0.9076038767395626,4.049832007952286,2.3797499999999996,534.9403124999999,205.4361375,916.6794750000001,538.6564125
Sheldons Bakery,2025-08-02,226.35000000000002,5.098296222664016,3.268408051689861,6.802320576540755,5.1085,1153.99935,739.8041625000001,1539.7052625,1156.3089750000001
Sheldons Bakery,2025-08-03,226.35000000000002,3.4625675944334,1.8977594433399603,5.31157902584493,3.4742499999999996,783.7521750000001,429.55785000000003,1202.2759125,786.3964875
Sheldons Bakery,2025-08-04,226.35000000000002,3.6642743538767393,2.0821396620278327,5.378840954274354,3.6667499999999995,829.4085,471.2923125,1217.5006500000002,829.9688625
Sheldons Bakery,2025-08-05,226.35000000000002,3.7707952286282302,1.330341948310139,6.581582007952286,3.78325,853.5195,301.1229,1489.7410875,856.3386375
Sheldons Bakery,2025-08-06,226.35000000000002,4.671214214711729,3.142131212723658,6.247432405566601,4.690999999999999,1057.3293375,711.2214,1414.1063250000002,1061.80785
Sheldons Bakery,2025-08-07,226.35000000000002,3.329294731610338,1.5404239562624253,5.301894632206759,3.3434999999999997,753.5858625000001,348.6749625,1200.08385,756.801225
Sheldons Bakery,2025-08-08,226.35000000000002,4.963589960238568,3.579259940357853,6.188036282306162,4.982,1123.5085875,810.1654875,1400.6620125,1127.6757000000002
Sheldons Bakery,2025-08-09,226.35000000000002,3.986072564612326,2.1275004970178926,6.018519880715705,4.00175,902.247525,481.55973750000004,1362.291975,905.7961125000002
Sheldons Bakery,2025-08-10,226.35000000000002,6.140110337972167,5.379912027833002,6.87067296222664,6.1485,1389.813975,1217.7430875,1555.176825,1391.7129750000001
Sheldons Bakery,2025-08-11,226.35000000000002,4.360084990059642,2.1160770377733598,6.3353548707753475,4.379,986.9052375,478.9740375,1434.007575,991.18665
Sheldons Bakery,2025-08-12,226.35000000000002,4.171172465208747,2.77633648111332,5.654335487077535,4.17625,944.1448875000001,628.4237625000001,1279.8588375000002,945.2941875
Sheldons Bakery,2025-08-13,226.35000000000002,5.92775944333996,5.135622763419482,6.682525844930417,5.93875,1341.74835,1162.4482125,1512.589725,1344.2360625000001
Sheldons Bakery,2025-08-14,226.35000000000002,3.244588966202783,1.3740164015904572,5.262426938369781,3.259,734.4127125,311.0086125,1191.1503375,737.67465
Sheldons Bakery,2025-08-15,226.35000000000002,6.331710735586481,5.961335984095427,6.677064612326044,6.3365,1433.1827250000001,1349.3484,1511.353575,1434.266775
Sheldons Bakery,2025-08-16,226.35000000000002,5.077963717693836,3.9869115308151093,6.148995029821073,5.092,1149.3970875,902.4374250000001,1391.825025,1152.5742
Sheldons Bakery,2025-08-17,226.35000000000002,6.2778767395626245,5.940777833001987,6.578824552683896,6.282,1420.9974000000002,1344.6950625,1489.1169375,1421.9307000000001
Sheldons Bakery,2025-08-18,226.35000000000002,1.7482599403578527,0.8216868787276342,2.7809110337972167,1.762,395.7186375,185.98882500000002,629.4592125,398.8287
Sheldons Bakery,2025-08-19,226.35000000000002,1.6079065606361829,0.8696043737574551,2.535359840954274,1.6195,363.94965,196.83495,573.8787,366.573825
Sheldons Bakery,2025-08-20,226.35000000000002,2.439996023856859,1.5349279324055665,3.353121272365805,2.45775,552.2931000000001,347.4309375,758.979,556.3117125
Sheldons Bakery,2025-08-21,226.35000000000002,3.1295372763419484,2.004312624254473,4.265548210735586,3.1484999999999994,708.3707625000001,453.67616250000003,965.5068375000001,712.662975
Sheldons Bakery,2025-08-22,226.35000000000002,1.7641133200795227,0.7549214711729622,2.941461729622266,1.778,399.30705,170.876475,665.7998625,402.4503
Sheldons Bakery,2025-08-23,226.35000000000002,2.207899602385686,1.1603061630218687,3.2769512922465207,2.2245,499.7580750000001,262.63530000000003,741.737925,503.515575
Sheldons Bakery,2025-08-24,226.35000000000002,3.6609751491053677,2.6063459244532803,4.745646123260437,3.6777499999999996,828.661725,589.9464,1074.1770000000001,832.4587125
Sheldons Bakery,2025-08-25,226.35000000000002,5.529294731610338,4.710372763419484,6.30940407554672,5.535499999999999,1251.5558625,1066.1928750000002,1428.1336125000003,1252.960425
Sheldons Bakery,2025-08-26,226.35000000000002,3.874821570576541,1.9451595427435384,5.891951292246521,3.881249999999999,877.0658625000001,440.2868625,1333.6431750000002,878.5209375
Sheldons Bakery,2025-08-27,226.35000000000002,3.4516898608349895,1.6597052683896618,5.193278330019881,3.45775,781.29,375.6742875,1175.4985500000003,782.6617125
Sheldons Bakery,2025-08-28,226.35000000000002,3.4742634194831012,1.7751332007952285,5.242075546719682,3.4862499999999996,786.399525,401.8014,1186.5438000000001,789.1126875
Sheldons Bakery,2025-08-29,226.35000000000002,3.645981610337972,1.5522579522862823,5.698288767395625,3.65725,825.2679375,351.3535875,1289.8076624999999,827.8185375
Sheldons Bakery,2025-08-30,226.35000000000002,2.6374493041749503,1.3302241550695826,4.189149105367793,2.6564999999999994,596.98665,301.09623750000003,948.2139000000001,601.298775
Sheldons Bakery,2025-08-31,226.35000000000002,3.6378603379721666,1.7195427435387676,5.6839075546719675,3.64325,823.4296875,389.21850000000006,1286.552475,824.6496375000002
Sheldons Bakery,2025-09-01,226.35000000000002,2.253449801192843,0.7099980119284294,4.016916003976143,2.25975,510.06836250000003,160.70805000000001,909.2289375000001,511.4944125
Sheldons Bakery,2025-09-02,226.35000000000002,3.8529522862823056,2.5255154075546713,5.2666496023856855,3.8704999999999994,872.1157499999999,571.6504124999999,1192.1061375,876.087675
Sheldons Bakery,2025-09-03,226.35000000000002,2.123443339960238,0.74936282306163,3.859633200795228,2.131,480.6414,169.61827499999998,873.627975,482.35185
Sheldons Bakery,2025-09-04,226.35000000000002,2.0822574552683895,0.8307644135188865,3.5854473161033793,2.0885,471.318975,188.043525,811.566,472.731975
Sheldons Bakery,2025-09-05,226.35000000000002,3.4237395626242546,1.6870854870775347,5.120967196819085,3.42875,774.9634500000001,381.8718,1159.130925,776.0975625000001
Sheldons Bakery,2025-09-06,226.35000000000002,3.416476143141153,1.987346421471173,4.824731113320079,3.4307499999999997,773.319375,449.8358625,1092.0778875,776.5502625
Sheldons Bakery,2025-09-07,226.35000000000002,1.2638981113320078,0.47581312127236575,2.3904045725646124,1.27175,286.08333749999997,107.7003,541.068075,287.8606125
Sheldons Bakery,2025-09-08,226.35000000000002,3.739744532803181,2.0327082504970178,5.206431411530815,3.7474999999999996,846.4911750000001,460.1035125,1178.47575,848.246625
Sheldons Bakery,2025-09-09,226.35000000000002,4.053910536779324,3.115686878727634,5.007420974155069,4.067,917.6026500000002,705.235725,1133.4297375,920.5654500000002
Sheldons Bakery,2025-09-10,226.35000000000002,2.2728936381709746,0.8348404572564612,3.89920874751491,2.2879999999999994,514.4694750000001,188.9661375,882.5859,517.8888
Sheldons Bakery,2025-09-11,226.35000000000002,2.473516401590457,1.1123926441351888,4.0955725646123256,2.486,559.8804375,251.790075,927.0328499999999,562.7061000000001
Sheldons Bakery,2025-09-12,226.35000000000002,3.2288230616302185,1.4513245526838965,4.964202783300198,3.2404999999999995,730.8441,328.5073125,1123.6473,733.487175
Sheldons Bakery,2025-09-13,226.35000000000002,3.0794015904572567,1.5146148111332005,4.640454274353877,3.08575,697.0225500000001,342.8330625,1050.366825,698.4595125000001
Sheldons Bakery,2025-09-14,226.35000000000002,1.3258439363817096,0.6881714711729622,2.142880715705765,1.33475,300.104775,155.7676125,485.04105,302.12066250000004
Sheldons Bakery,2025-09-15,226.35000000000002,1.0215059642147115,0.38722415506958247,1.9579542743538765,1.02975,231.21787499999996,87.6481875,443.18295,233.0839125
Sheldons Bakery,2025-09-16,226.35000000000002,2.7184333996023855,1.1962216699801191,4.275848906560636,2.7257499999999997,615.3174,270.764775,967.8384000000001,616.9735125
Sheldons Bakery,2025-09-17,226.35000000000002,2.2540591451292245,1.2192703777335983,3.3171704771371764,2.2592499999999998,510.20628750000003,275.98185,750.8415375,511.3812375
Sheldons Bakery,2025-09-18,226.35000000000002,1.7804319085487077,0.5898126242544731,3.1586814115308144,1.7925,403.0007625,133.5040875,714.9675374999999,405.73237500000005
Sheldons Bakery,2025-09-19,226.35000000000002,1.511885188866799,0.642770874751491,2.4152599403578527,1.5244999999999997,342.2152125,145.4911875,546.6940875,345.07057499999996
Sheldons Bakery,2025-09-20,226.35000000000002,0.8593280318091451,0.35311978131212723,1.683057157057654,0.8669999999999999,194.5089,79.9286625,380.9599875,196.24545
Sheldons Bakery,2025-09-21,226.35000000000002,4.0857519880715705,3.665116302186879,4.476382703777336,4.08875,924.8099625000001,829.5990750000001,1013.2292250000002,925.4885625000002
Sheldons Bakery,2025-09-22,226.35000000000002,4.182734095427435,3.695421471172962,4.625708250497017,4.18275,946.7618625,836.45865,1047.0290625,946.7654625000002
Sheldons Bakery,2025-09-23,226.35000000000002,3.6285641153081514,2.780876739562624,4.338580019880716,3.6324999999999994,821.3254875000001,629.45145,982.0375875000002,822.216375
Sheldons Bakery,2025-09-24,226.35000000000002,2.9340785288270377,1.6594701789264412,4.1508797216699795,2.9429999999999996,664.128675,375.621075,939.551625,666.14805
Sheldons Bakery,2025-09-25,226.35000000000002,3.8574860834990057,3.268568091451292,4.381184890656063,3.8604999999999996,873.141975,739.8403875,991.6811999999999,873.824175
Sheldons Bakery,2025-09-26,226.35000000000002,2.07733648111332,1.3067355864811132,2.896854870775348,2.0909999999999997,470.20511250000004,295.7796,655.7031000000001,473.29785
Sheldons Bakery,2025-09-27,226.35000000000002,1.8159746520874749,0.9566928429423458,2.682110337972167,1.8275,411.0458625,216.547425,607.095675,413.654625
Sheldons Bakery,2025-09-28,226.35000000000002,2.8469945328031807,1.5590313121272363,3.9866297216699795,2.8542499999999995,644.4172125,352.8867375,902.3736375,646.0594874999999
Sheldons Bakery,2025-09-29,226.35000000000002,2.4438891650099404,1.631969184890656,3.2524135188866796,2.4555,553.1743125,369.396225,736.1838,555.802425
Sheldons Bakery,2025-09-30,226.35000000000002,2.291851888667992,1.3609617296222665,3.1332942345924453,2.30125,518.760675,308.0536875,709.2211500000001,520.8879375
Sheldons Bakery,2025-10-01,226.35000000000002,1.1417927435387671,0.41937027833001983,1.947001491053678,1.14975,258.44478749999996,94.9244625,440.70378750000003,260.24591250000003
Sheldons Bakery,2025-10-02,226.35000000000002,1.6357992047713716,0.5108633200795228,2.8664234592445323,1.6455,370.26315,115.63391250000001,648.81495,372.458925
Sheldons Bakery,2025-10-03,226.35000000000002,0.865540258449304,0.42246272365805165,1.4162271371769384,0.87325,195.91503749999998,95.6244375,320.5630125,197.66013750000002
Sheldons Bakery,2025-10-04,226.35000000000002,1.4288891650099402,0.4518344930417495,2.6363494035785284,1.4325,323.4290625,102.2727375,596.7376875,324.24637500000006
Sheldons Bakery,2025-10-05,226.35000000000002,1.7386988071570575,0.770420477137177,2.700916003976143,1.75125,393.554475,174.38467500000002,611.3523375,396.3954375
Sheldons Bakery,2025-10-06,226.35000000000002,1.688444333996024,0.8057495029821072,2.568752982107356,1.69275,382.17937500000005,182.38139999999999,581.4372375,383.15396250000003
Sheldons Bakery,2025-10-07,226.35000000000002,1.1635979125248508,0.48724453280318086,1.8685034791252484,1.17325,263.3803875,110.2878,422.9357625,265.5651375
Sheldons Bakery,2025-10-08,226.35000000000002,1.2725944333996024,0.6720417495029821,1.8823136182902582,1.2835,288.05175,152.11665000000002,426.0616875,290.52022500000004
Sheldons Bakery,2025-10-09,226.35000000000002,0.7952395626242544,0.3370989065606362,1.3515884691848905,0.80225,180.002475,76.30233750000001,305.93205,181.5892875
Sheldons Bakery,2025-10-10,226.35000000000002,0.8219532803180913,0.30283846918489066,1.4441565606361828,0.8289999999999998,186.049125,68.5474875,326.8848375,187.64415
Sheldons Bakery,2025-10-11,226.35000000000002,2.2589711729622266,1.6448091451292244,2.880440357852882,2.26075,511.31812500000007,372.30255,651.987675,511.72076250000003
Sheldons Bakery,2025-10-12,226.35000000000002,1.3279751491053677,0.9372768389662028,1.7207514910536776,1.3372499999999998,300.587175,212.15261250000003,389.4921,302.6865375
Sheldons Bakery,2025-10-13,226.35000000000002,1.053639662027833,0.6368066600397614,1.4793737574552683,1.0637499999999998,238.49133750000001,144.1411875,334.85625000000005,240.77981249999996
Sheldons Bakery,2025-10-14,226.35000000000002,0.9421769383697812,0.44170825049701784,1.4583956262425446,0.9499999999999998,213.26175,99.9806625,330.10785,215.0325
Sheldons Bakery,2025-10-15,226.35000000000002,1.0573195825049702,0.634808648111332,1.4843096421471174,1.06325,239.32428750000003,143.6889375,335.97348750000003,240.66663750000004
Sheldons Bakery,2025-10-16,226.35000000000002,0.75090606361829,0.38905715705765404,1.122994532803181,0.7575,169.96758749999998,88.0630875,254.18981250000004,171.460125
Sheldons Bakery,2025-10-17,226.35000000000002,0.7673593439363817,0.41524999999999995,1.1218071570576538,0.7737499999999999,173.69178750000003,93.9918375,253.92104999999995,175.1383125
Sheldons Bakery,2025-10-18,226.35000000000002,0.7492087475149105,0.32758349900596423,1.195031809145129,0.7549999999999999,169.5834,74.148525,270.49545,170.89425
Sheldons Bakery,2025-10-19,226.35000000000002,0.7936416500994036,0.3353881709741551,1.3106610337972167,0.8015,179.64078750000002,75.9151125,296.66812500000003,181.41952500000002
Sheldons Bakery,2025-10-20,226.35000000000002,1.1763499005964213,0.5014905566600398,1.9574592445328032,1.1802499999999998,266.2668,113.51238750000003,443.07090000000005,267.1495875
Sheldons Bakery,2025-10-21,226.35000000000002,1.1071709741550695,0.34411431411530813,1.9526704771371768,1.115,250.60815,77.890275,441.9869625,252.38025000000002
Sheldons Bakery,2025-10-22,226.35000000000002,1.449753976143141,0.7357027833001987,2.164284791252485,1.4567500000000002,328.1518125,166.52632499999999,489.8858625000001,329.73536250000006
Sheldons Bakery,2025-10-23,226.35000000000002,1.438207753479125,0.6758066600397614,2.2630566600397612,1.4447499999999998,325.538325,152.9688375,512.242875,327.0191625
Sheldons Bakery,2025-10-24,226.35000000000002,1.166058648111332,0.42699602385685886,1.993511431411531,1.1704999999999999,263.93737500000003,96.65055000000001,451.23131250000006,264.942675
Sheldons Bakery,2025-10-25,226.35000000000002,1.9654040755467195,1.2427698807157057,2.5776481113320076,1.9665000000000001,444.8692125,281.3009625,583.45065,445.11727500000006
Sheldons Bakery,2025-10-26,226.35000000000002,0.8092176938369781,0.3049527833001988,1.3790402584493042,0.81475,183.166425,69.02606250000001,312.14576250000005,184.4186625
Sheldons Bakery,2025-10-27,226.35000000000002,1.5453449304174947,0.9843976143141152,2.073152087475149,1.5497499999999997,349.788825,222.8184,469.257975,350.7859125
Sheldons Bakery,2025-10-28,226.35000000000002,1.1688384691848908,0.44398956262425443,1.9114741550695826,1.17225,264.5665875,100.4970375,432.66217500000005,265.3387875
Sheldons Bakery,2025-10-29,226.35000000000002,1.6152559642147117,1.0975437375745527,2.0987867793240556,1.617,365.61318750000004,248.42902500000002,475.06038750000005,366.00795000000005
Sheldons Bakery,2025-10-30,226.35000000000002,0.9730526838966201,0.4043205765407555,1.5329627236580514,0.9795,220.250475,91.51796250000001,346.9861125,221.70982500000002
Sheldons Bakery,2025-10-31,226.35000000000002,0.935598906560636,0.32861182902584496,1.6155611332007953,0.9415,211.7728125,74.38128750000001,365.68226250000004,213.10852500000001
Sheldons Bakery,2025-11-01,226.35000000000002,1.082314115308151,0.41722962226640153,1.7747052683896618,1.08675,244.98180000000002,94.439925,401.7045375,245.98586250000005
Sheldons Bakery,2025-11-02,226.35000000000002,1.4237415506958249,0.6990198807157059,2.0210586481113317,1.4277499999999999,322.2639,158.22315000000003,457.46662499999996,323.1712125
Sheldons Bakery,2025-11-03,226.35000000000002,0.6914100397614313,0.18553578528827036,1.3201545725646122,0.696,156.5006625,41.996025,298.8169875,157.5396
Sheldons Bakery,2025-11-04,226.35000000000002,0.5863702783300199,0.16157306163021867,1.2330004970178927,0.5899999999999999,132.72491250000002,36.5720625,279.08966250000003,133.54649999999998
Sheldons Bakery,2025-11-05,226.35000000000002,0.5683220675944334,0.14866650099403575,1.126540258449304,0.57325,128.6397,33.650662499999996,254.9923875,129.75513750000002
Sheldons Bakery,2025-11-06,226.35000000000002,1.0785929423459244,0.6390735586481113,1.543935884691849,1.086,244.13951250000002,144.6543,349.4698875,245.81610000000003
Sheldons Bakery,2025-11-07,226.35000000000002,0.6709398608349899,0.3086177932405566,1.160006958250497,0.675,151.8672375,69.8556375,262.56757500000003,152.78625000000002
Sheldons Bakery,2025-11-08,226.35000000000002,1.0208598409542744,0.4667400596421471,1.5420576540755466,1.0239999999999998,231.07162500000004,105.6466125,349.04475,231.78239999999997
Sheldons Bakery,2025-11-09,226.35000000000002,0.8046317097415506,0.3019875745526839,1.3042713717693837,0.8099999999999999,182.1283875,68.3548875,295.221825,183.3435
Sheldons Bakery,2025-11-10,226.35000000000002,0.8737524850894631,0.4313538767395626,1.293688369781312,0.88,197.773875,97.63695,292.8263625,199.18800000000002
Sheldons Bakery,2025-11-11,226.35000000000002,0.49722813121272363,0.16557256461232603,0.8495402584493041,0.5007499999999999,112.5475875,37.47735,192.2934375,113.34476249999999
Sheldons Bakery,2025-11-12,226.35000000000002,0.4973021868787276,0.18323956262425445,0.9020730616302187,0.50225,112.56435,41.476275,204.18423750000002,113.68428750000001
Sheldons Bakery,2025-11-13,226.35000000000002,1.0809865805168986,0.716191351888668,1.4692251491053678,1.0865,244.68131250000002,162.1099125,332.5591125,245.92927500000002
Sheldons Bakery,2025-11-14,226.35000000000002,0.44884244532803186,0.14712972166998012,0.8009408548707754,0.45149999999999996,101.59548750000002,33.3028125,181.29296250000002,102.197025
Sheldons Bakery,2025-11-15,226.35000000000002,0.5223489065606362,0.17675,0.9229686878727634,0.5265,118.233675,40.0073625,208.91396250000003,119.173275
Sheldons Bakery,2025-11-16,226.35000000000002,1.051899602385686,0.6253687872763419,1.4390815109343933,1.0545,238.09747500000003,141.55222500000002,325.73609999999996,238.68607500000002
Sheldons Bakery,2025-11-17,226.35000000000002,1.385136679920477,1.1200228628230615,1.5877664015904573,1.3837499999999998,313.5256875,253.517175,359.39092500000004,313.2118125
Sheldons Bakery,2025-11-18,226.35000000000002,0.3517142147117296,0.11403677932405568,0.8080636182902585,0.35400000000000004,79.6105125,25.812225000000005,182.90520000000004,80.12790000000001
Sheldons Bakery,2025-11-19,226.35000000000002,1.1041182902584492,0.717540258449304,1.4528782306163022,1.103,249.91717500000001,162.4152375,328.8589875,249.66405000000003
Sheldons Bakery,2025-11-20,226.35000000000002,1.3048469184890659,1.033191351888668,1.4810079522862822,1.3052499999999998,295.35210000000006,233.8628625,335.22615,295.4433375
Sheldons Bakery,2025-11-21,226.35000000000002,1.2171888667992048,0.9027987077534791,1.4443757455268387,1.2182499999999998,275.51070000000004,204.34848750000003,326.93444999999997,275.7508875
Sheldons Bakery,2025-11-22,226.35000000000002,0.5158205765407554,0.17408250497017894,0.9423245526838966,0.52,116.7559875,39.403575000000004,213.2951625,117.70200000000001
Sheldons Bakery,2025-11-23,226.35000000000002,0.37315506958250494,0.11311431411530815,0.8466595427435387,0.37625,84.46365,25.603425,191.6413875,85.1641875
Sheldons Bakery,2025-11-24,226.35000000000002,0.7496739562624254,0.2797519880715706,1.2548354870775347,0.751,169.6887,63.32186250000001,284.0320125,169.98885
Sheldons Bakery,2025-11-25,226.35000000000002,1.1971003976143137,0.9557157057654075,1.3542614314115307,1.197,270.96367499999997,216.32625000000002,306.537075,270.94095000000004
Sheldons Bakery,2025-11-26,226.35000000000002,0.8651496023856858,0.535062624254473,1.1590233598409543,0.86825,195.8266125,121.11142499999998,262.3449375,196.5283875
Sheldons Bakery,2025-11-27,226.35000000000002,0.3668071570576541,0.1274269383697813,0.7081143141153081,0.36949999999999994,83.02680000000001,28.843087500000003,160.281675,83.636325
Sheldons Bakery,2025-11-28,226.35000000000002,0.5376843936381709,0.20792892644135186,0.9319602385685885,0.5385,121.70486249999999,47.0647125,210.94920000000002,121.889475
Sheldons Bakery,2025-11-29,226.35000000000002,0.3703275347912524,0.10179671968190855,0.8044885685884692,0.37324999999999997,83.82363749999999,23.041687500000002,182.0959875,84.48513750000001
Sheldons Bakery,2025-11-30,226.35000000000002,0.8335720675944333,0.4906615308151093,1.128962226640159,0.8362499999999999,188.6790375,111.0612375,255.54060000000004,189.2851875
