name,2025-01,2025-02,2025-03,2025-04,2025-05,2025-06,2025-07,2025-08,2025-09,2025-10,2025-11,2025-12,2026-01
BAE Fylde,,,,,,185.9505388888889,1749.800861111111,1596.3624416666664,1115.154638888889,500.8380055555556,459.74225,292.91783888888887,172.8431527777778
Bannatynes Braintree,,,,,,,147.74532872928177,141.41643784530385,101.67452900552485,50.59145856353591,29.656036931818186,31.655133522727276,26.383564917127067
Bannatynes Bury St Edmunds,,,,,,,,,,,38.103125000000006,84.18287500000001,41.100125
Bannatynes Colchester Kingsford Park,,,,,,,,,,,32.64274916387959,61.48112374581939,33.270548494983274
Bannatynes Cookridge Hall,,,,,,,,,,,19.532820945945943,27.720675675675672,18.404243243243243
Bannatynes Darlington Head Office,,,,,,,,,,,17.89728510028653,25.407541547277937,15.905553724928366
Bannatynes Norwich,,,,,,,,,,,20.100264258555136,37.57138783269963,19.74793536121673
Bannatynes Weybridge,,,,,,,,,,,31.251644859813084,55.48641121495328,31.265768691588782
Bannatynes Wildmoor,,,,,,,154.98435256410258,133.95983173076925,93.59939423076924,43.31673557692308,27.597434971098263,26.12250385356455,25.442503205128208
Blachford,40.160362162162166,70.84617567567568,196.02684864864867,290.0562405405405,335.2484972972973,339.91270270270275,299.0049027027027,246.9574216216216,180.01093243243247,90.2208837837838,54.19431891891893,32.22248918918919,20.044441891891893
Burnley College - Sports Hall,,,,,,,,,,,18.513293654608823,27.354438529022953,19.507790159435967
Carlton Bolling Tech Studies,,,,,,,,,,,13.26175,32.404,22.4005
Carlton High Park,,,,,,,141.23875,124.19675,84.42675,42.2885,24.7895,21.762,19.590125
Carlton Marshfield,,,,,,,,,3.117023178807947,50.04100993377484,69.13434105960265,41.97838410596027,29.96657947019867
Carlton Mills Primary School,,,,,,,139.3628409090909,122.91070454545456,85.52090909090909,42.74372727272728,9.361852534562212,23.395900921658985,19.878727272727275
Carlton Thackley,,,,,,,,,,,11.88438947368421,29.288715789473684,19.8849
Carlton Thorpe Primary,,,,,,,,,,,15.876142441860464,22.74427034883721,32.07696220930233
Casepak Sunningdale,,,,,,,,,,,,7.243313658660891,20.124548799133592
Casepak Warren Park Way,,,,,,,,,,,5.353125,33.75175,20.24825
City Football Group Phase 1,41.356722625255046,65.6503662434822,171.81684160054408,140.15353704375426,349.201042167309,189.37220065389735,176.6384038973439,239.92516344366356,158.1628566764906,75.47442985717525,48.42153117206983,31.48219319882113,20.20000470414872
Cromwell Tools,46.68303110622124,67.0360224044809,179.41607856571315,280.59382176435287,327.48526890378076,340.2045545609122,296.2848485697139,252.0619216343269,179.17421414282856,83.06900425085018,55.27550355071014,34.5856425785157,20.91932719043809
Dunham Forest Golf Club,,,,,,,,,,,11.021584459459458,31.747979729729725,19.491097972972973
Duo Plastics,,,,,,,,,,,24.33314843049327,37.5009,24.64745067264574
Faltec Europe Ltd,62.89270812182741,82.77120642978002,214.2580439932318,166.23365693739424,450.9195744500846,418.6729433164128,363.44346108291023,332.58712944162437,235.391282571912,127.6328045685279,58.52570642978003,34.584521996615905,20.954653976311334
Finlay Beverages,,,,,,39.3898487064117,203.1222135858916,236.4869831271091,173.1941839145107,88.48258548931385,47.740973565804275,28.34208211473566,18.532659730033743
Hazelwick School,60.27032719836401,89.523408997955,234.52738036809816,162.6643588957055,364.6595040899795,366.9925010224949,327.4094662576687,297.81880061349693,215.92457157464216,115.76709611451945,75.60621574642127,56.92136400817997,31.68180930470347
Hibernian Stadium,31.496,54.288,142.9005,228.4425,359.8505,292.943,275.9475,251.39225,158.744,75.2375,37.9265,19.385,13.31475
Hibernian Training Ground,51.15618468468468,75.49124324324325,172.2826891891892,256.72103153153154,390.6196486486487,302.77339189189195,288.5136846846847,278.89209684684687,187.24560360360363,95.48054054054056,54.83546396396396,28.72566216216216,19.205180180180182
I&N Fabrications,,,,,,,,,,,12.732,31.3405,20.4705
Iceland - Penny Lane,,,,,,,,,,,14.210842329545454,37.96424147727273,22.193257102272728
Iceland Bretton,,,,,,,,,,,13.407000000000002,37.748333333333335,21.0045
Iceland Queensferry,,,,,,,,,,,18.8525,46.11999999999999,25.8365
Iceland Shrewsbury,,,,,,,,,,,14.223436567164178,33.216860696517415,21.45071144278607
Inktech,,,,,,,,,,,18.234042452830188,28.85799056603773,19.75715212264151
Knowles,,,,,,,,,,,28.0275,51.164,29.6665
Merry Hill,57.81772690684909,77.55081082049813,200.95942085859411,298.2803047630264,340.839525934991,337.7131180822956,313.47807602306244,278.98514439107817,191.1514991397673,88.06277377928886,65.89462821563166,44.16739013087825,25.63440131902343
Metro Centre,43.9585,62.68925,155.20475,244.1425,336.65999999999997,310.407,269.90574999999995,248.110625,167.11625,95.33475,44.059999999999995,24.864750000000004,15.413125
Oasis - Bank Leaze,,,,,,259.5005,344.69,299.441,209.8715,97.00199999999998,74.789,55.3155,32.53275
Oasis - Connaught,,,,,,260.0755,356.44849999999997,313.60275,234.063,113.9765,102.6365,79.01099999999998,45.168
Oasis - Henderson Avenue,,,,,,269.5475,303.0545,285.99725,221.89250000000004,99.538,71.8425,57.62349999999999,27.36875
Oasis - Immingham,48.91791304347826,67.67528260869565,201.2876956521739,150.3851195652174,349.58599999999996,351.1818043478261,290.7714130434782,247.9867826086956,187.45052173913044,101.32321739130434,51.63108695652174,33.36410869565218,18.997967391304343
Oasis - Isle of Sheppey East,,,,,,201.32175000000004,164.137625,308.91724999999997,235.385,125.3065,85.034,63.56575,37.6125
Oasis - Isle of Sheppey West,102.05723333333334,134.29534444444445,370.9830444444445,249.10621111111112,560.610588888889,599.2356333333335,493.69656666666674,459.8538555555556,343.4852444444445,180.85602222222224,118.81503333333336,87.42565555555557,52.04667777777778
Oasis - John Williams,,,,,,257.2574949109415,344.2409516539441,285.7132321882952,191.63566539440205,91.01057760814253,60.301866412213755,43.75293384223919,26.14915330788804
Oasis - Lister Park,16.74212103929024,26.596662864385294,77.65501774397971,,208.3084592130518,180.7241078784758,154.728789392379,133.21205664263644,101.13683469289826,52.011463531669854,37.75762737642585,26.72017617237009,18.050928707224333
Oasis - Media City,,,,,,,,181.75925,186.6035,86.1,65.354,45.614,26.08175
Oasis - New Oak,,,,,,183.58745,202.1222,301.7966666666667,211.961,101.78433333333336,79.35633333333334,59.777,34.86441666666667
Oasis - Parkwood,,,,,,431.9764318181818,483.0477272727273,428.4773295454546,330.60247727272724,178.81727272727275,103.98820454545456,65.82493181818182,42.283375
Oasis - Pinewood,,,,,,284.3985982142857,309.37166964285717,290.37163839285716,207.8625089285714,106.69619642857144,71.78133928571428,54.72353571428571,30.930825892857147
Oasis - Short Heath,,,,,,257.94505882352945,318.5950176470588,278.0341970588235,194.29701176470587,94.8641,70.45473529411765,46.98681176470588,28.781723529411764
Oasis - Wintringham,41.49713301282051,62.44758974358975,187.8026314102564,141.72703846153846,339.87519711538465,343.4003573717949,282.91518429487184,242.04708493589743,181.8265528846154,93.2444278846154,46.04684294871795,29.154208333333337,16.879240384615382
Panorama Kitchens,,,,,,,,,,,12.160636261261262,33.86116891891892,20.186819256756756
Parfetts - Birmingham,,51.47837419354838,288.7885483870968,450.36758064516135,523.2860967741935,543.0843000000001,492.39456774193553,413.5789951612903,284.1739225806452,137.31988064516128,92.5732387096774,60.127399999999994,34.49716612903226
Park Hall Hotel,,,,,,,,,,,18.475125,49.16442857142857,30.51811383928571
Shawton Engineering,,,,,,,,,,,28.342434482758623,43.836200000000005,25.933887931034484
Sheldons Bakery,41.111916500994035,65.46356361829025,171.23890159045723,279.48060139165005,349.95371570576543,289.425486083499,273.21411729622264,239.30465805168987,157.8013111332008,75.20800397614313,48.14367693836978,31.33718687872763,20.0854935387674
Smithy's Mushrooms,,,,,,,,,,45.014,,,
Smithy's Mushrooms Phase 2,,,,,,,,,,37.17116598360656,,,
Smithys Mushrooms,71.1115,99.6275,227.7615,325.875,407.877,326.51650000000006,299.4455,277.4105,197.318,45.014,83.007,56.326,32.6375
Smithys Mushrooms Phase 2,,,,,,,,,2.313918032786885,37.17116598360656,49.328008196721306,30.965237704918025,19.00061270491803
Sofina Haverhill,,,138.4605,166.65399999999997,352.229,369.0065,299.308,297.64949999999993,230.484,112.84099999999998,77.41499999999999,67.407,33.353
Swift Dental Group,,,,,,,,,,,11.17922018348624,29.75646559633027,19.062577981651373
Uniroyal,,,,,,,,,,,10.89719766708701,27.170617696511137,18.92774012189996
Valley Hydraulics,,,,,,,,,,,16.798,38.067,29.09725
WALC Adult Learning Centre,,,,,,,,,,,11.99725,33.1085,20.6855
WALC Leigh College,,,,,,,140.0699318181818,117.44983333333332,72.84050757575758,35.83067424242424,11.572625,14.976814393939394,16.895545454545452
WALC Pagefield,,,,,,,,,,,11.057139280677012,31.340934414668546,19.47230077574048
WIENERBERGER FLOPLAST,,,,,,,157.496189890987,142.04901351068904,101.6624143506574,44.30455996474969,30.36867846445377,21.583960823280893,25.41225523510624
Wienerberger - Smeed,,,,,,,,,,,,11.60758536585366,28.87595731707317
