name,azimuth,slope,array_capacity,time,gti,gti_low,gti_high,ghi
BAE Fylde,180.0,18.0,391.23,2025-11-01 00:00:30+00:00,0.0,0.0,0.0,0.0
BAE Fylde,180.0,18.0,391.23,2025-11-01 00:15:30+00:00,0.0,0.0,0.0,0.0
BAE Fylde,180.0,18.0,391.23,2025-11-01 00:30:30+00:00,0.0,0.0,0.0,0.0
BAE Fylde,180.0,18.0,391.23,2025-11-01 00:45:30+00:00,0.0,0.0,0.0,0.0
BAE Fylde,180.0,18.0,391.23,2025-11-01 01:00:30+00:00,0.0,0.0,0.0,0.0
BAE Fylde,180.0,18.0,391.23,2025-11-01 01:15:30+00:00,0.0,0.0,0.0,0.0
BAE Fylde,180.0,18.0,391.23,2025-11-01 01:30:30+00:00,0.0,0.0,0.0,0.0
BAE Fylde,180.0,18.0,391.23,2025-11-01 01:45:30+00:00,0.0,0.0,0.0,0.0
BAE Fylde,180.0,18.0,391.23,2025-11-01 02:00:30+00:00,0.0,0.0,0.0,0.0
BAE Fylde,180.0,18.0,391.23,2025-11-01 02:15:30+00:00,0.0,0.0,0.0,0.0
BAE Fylde,180.0,18.0,391.23,2025-11-01 02:30:30+00:00,0.0,0.0,0.0,0.0
BAE Fylde,180.0,18.0,391.23,2025-11-01 02:45:30+00:00,0.0,0.0,0.0,0.0
BAE Fylde,180.0,18.0,391.23,2025-11-01 03:00:30+00:00,0.0,0.0,0.0,0.0
BAE Fylde,180.0,18.0,391.23,2025-11-01 03:15:30+00:00,0.0,0.0,0.0,0.0
BAE Fylde,180.0,18.0,391.23,2025-11-01 03:30:30+00:00,0.0,0.0,0.0,0.0
BAE Fylde,180.0,18.0,391.23,2025-11-01 03:45:30+00:00,0.0,0.0,0.0,0.0
name,azimuth,slope,array_capacity,time,gti,gti_low,gti_high,ghi
Bannatynes Braintree,128.0,10.0,20.025,2025-11-19 00:00:30+00:00,0.0,0.0,0.0,0.0
Bannatynes Braintree,128.0,10.0,20.025,2025-11-19 00:15:30+00:00,0.0,0.0,0.0,0.0
Bannatynes Braintree,128.0,10.0,20.025,2025-11-19 00:30:30+00:00,0.0,0.0,0.0,0.0
Bannatynes Braintree,128.0,10.0,20.025,2025-11-19 00:45:30+00:00,0.0,0.0,0.0,0.0
Bannatynes Braintree,128.0,10.0,20.025,2025-11-19 01:00:30+00:00,0.0,0.0,0.0,0.0
Bannatynes Braintree,128.0,10.0,20.025,2025-11-19 01:15:30+00:00,0.0,0.0,0.0,0.0
Bannatynes Braintree,128.0,10.0,20.025,2025-11-19 01:30:30+00:00,0.0,0.0,0.0,0.0
Bannatynes Braintree,128.0,10.0,20.025,2025-11-19 01:45:30+00:00,0.0,0.0,0.0,0.0
Bannatynes Braintree,128.0,10.0,20.025,2025-11-19 02:00:30+00:00,0.0,0.0,0.0,0.0
Bannatynes Braintree,128.0,10.0,20.025,2025-11-19 02:15:30+00:00,0.0,0.0,0.0,0.0
Bannatynes Braintree,128.0,10.0,20.025,2025-11-19 02:30:30+00:00,0.0,0.0,0.0,0.0
Bannatynes Braintree,128.0,10.0,20.025,2025-11-19 02:45:30+00:00,0.0,0.0,0.0,0.0
Bannatynes Braintree,128.0,10.0,20.025,2025-11-19 03:00:30+00:00,0.0,0.0,0.0,0.0
Bannatynes Braintree,128.0,10.0,20.025,2025-11-19 03:15:30+00:00,0.0,0.0,0.0,0.0
Bannatynes Braintree,128.0,10.0,20.025,2025-11-19 03:30:30+00:00,0.0,0.0,0.0,0.0
Bannatynes Braintree,128.0,10.0,20.025,2025-11-19 03:45:30+00:00,0.0,0.0,0.0,0.0
name,azimuth,slope,array_capacity,time,gti,gti_low,gti_high,ghi
Bannatynes Bury St Edmunds,249.0,34.0,1.78,2025-11-19 00:00:30+00:00,0.0,0.0,0.0,0.0
Bannatynes Bury St Edmunds,249.0,34.0,1.78,2025-11-19 00:15:30+00:00,0.0,0.0,0.0,0.0
Bannatynes Bury St Edmunds,249.0,34.0,1.78,2025-11-19 00:30:30+00:00,0.0,0.0,0.0,0.0
Bannatynes Bury St Edmunds,249.0,34.0,1.78,2025-11-19 00:45:30+00:00,0.0,0.0,0.0,0.0
Bannatynes Bury St Edmunds,249.0,34.0,1.78,2025-11-19 01:00:30+00:00,0.0,0.0,0.0,0.0
Bannatynes Bury St Edmunds,249.0,34.0,1.78,2025-11-19 01:15:30+00:00,0.0,0.0,0.0,0.0
Bannatynes Bury St Edmunds,249.0,34.0,1.78,2025-11-19 01:30:30+00:00,0.0,0.0,0.0,0.0
Bannatynes Bury St Edmunds,249.0,34.0,1.78,2025-11-19 01:45:30+00:00,0.0,0.0,0.0,0.0
Bannatynes Bury St Edmunds,249.0,34.0,1.78,2025-11-19 02:00:30+00:00,0.0,0.0,0.0,0.0
Bannatynes Bury St Edmunds,249.0,34.0,1.78,2025-11-19 02:15:30+00:00,0.0,0.0,0.0,0.0
Bannatynes Bury St Edmunds,249.0,34.0,1.78,2025-11-19 02:30:30+00:00,0.0,0.0,0.0,0.0
Bannatynes Bury St Edmunds,249.0,34.0,1.78,2025-11-19 02:45:30+00:00,0.0,0.0,0.0,0.0
Bannatynes Bury St Edmunds,249.0,34.0,1.78,2025-11-19 03:00:30+00:00,0.0,0.0,0.0,0.0
Bannatynes Bury St Edmunds,249.0,34.0,1.78,2025-11-19 03:15:30+00:00,0.0,0.0,0.0,0.0
Bannatynes Bury St Edmunds,249.0,34.0,1.78,2025-11-19 03:30:30+00:00,0.0,0.0,0.0,0.0
Bannatynes Bury St Edmunds,249.0,34.0,1.78,2025-11-19 03:45:30+00:00,0.0,0.0,0.0,0.0
name,azimuth,slope,array_capacity,time,gti,gti_low,gti_high,ghi
Bannatynes Colchester Kingsford Park,204.0,28.0,40.94,2025-11-19 00:00:30+00:00,0.0,0.0,0.0,0.0
Bannatynes Colchester Kingsford Park,204.0,28.0,40.94,2025-11-19 00:15:30+00:00,0.0,0.0,0.0,0.0
Bannatynes Colchester Kingsford Park,204.0,28.0,40.94,2025-11-19 00:30:30+00:00,0.0,0.0,0.0,0.0
Bannatynes Colchester Kingsford Park,204.0,28.0,40.94,2025-11-19 00:45:30+00:00,0.0,0.0,0.0,0.0
Bannatynes Colchester Kingsford Park,204.0,28.0,40.94,2025-11-19 01:00:30+00:00,0.0,0.0,0.0,0.0
Bannatynes Colchester Kingsford Park,204.0,28.0,40.94,2025-11-19 01:15:30+00:00,0.0,0.0,0.0,0.0
Bannatynes Colchester Kingsford Park,204.0,28.0,40.94,2025-11-19 01:30:30+00:00,0.0,0.0,0.0,0.0
Bannatynes Colchester Kingsford Park,204.0,28.0,40.94,2025-11-19 01:45:30+00:00,0.0,0.0,0.0,0.0
Bannatynes Colchester Kingsford Park,204.0,28.0,40.94,2025-11-19 02:00:30+00:00,0.0,0.0,0.0,0.0
Bannatynes Colchester Kingsford Park,204.0,28.0,40.94,2025-11-19 02:15:30+00:00,0.0,0.0,0.0,0.0
Bannatynes Colchester Kingsford Park,204.0,28.0,40.94,2025-11-19 02:30:30+00:00,0.0,0.0,0.0,0.0
Bannatynes Colchester Kingsford Park,204.0,28.0,40.94,2025-11-19 02:45:30+00:00,0.0,0.0,0.0,0.0
Bannatynes Colchester Kingsford Park,204.0,28.0,40.94,2025-11-19 03:00:30+00:00,0.0,0.0,0.0,0.0
Bannatynes Colchester Kingsford Park,204.0,28.0,40.94,2025-11-19 03:15:30+00:00,0.0,0.0,0.0,0.0
Bannatynes Colchester Kingsford Park,204.0,28.0,40.94,2025-11-19 03:30:30+00:00,0.0,0.0,0.0,0.0
Bannatynes Colchester Kingsford Park,204.0,28.0,40.94,2025-11-19 03:45:30+00:00,0.0,0.0,0.0,0.0
name,azimuth,slope,array_capacity,time,gti,gti_low,gti_high,ghi
Bannatynes Cookridge Hall,180.0,0.0,27.82,2025-11-19 00:00:30+00:00,0.0,0.0,0.0,0.0
Bannatynes Cookridge Hall,180.0,0.0,27.82,2025-11-19 00:15:30+00:00,0.0,0.0,0.0,0.0
Bannatynes Cookridge Hall,180.0,0.0,27.82,2025-11-19 00:30:30+00:00,0.0,0.0,0.0,0.0
Bannatynes Cookridge Hall,180.0,0.0,27.82,2025-11-19 00:45:30+00:00,0.0,0.0,0.0,0.0
Bannatynes Cookridge Hall,180.0,0.0,27.82,2025-11-19 01:00:30+00:00,0.0,0.0,0.0,0.0
Bannatynes Cookridge Hall,180.0,0.0,27.82,2025-11-19 01:15:30+00:00,0.0,0.0,0.0,0.0
Bannatynes Cookridge Hall,180.0,0.0,27.82,2025-11-19 01:30:30+00:00,0.0,0.0,0.0,0.0
Bannatynes Cookridge Hall,180.0,0.0,27.82,2025-11-19 01:45:30+00:00,0.0,0.0,0.0,0.0
Bannatynes Cookridge Hall,180.0,0.0,27.82,2025-11-19 02:00:30+00:00,0.0,0.0,0.0,0.0
Bannatynes Cookridge Hall,180.0,0.0,27.82,2025-11-19 02:15:30+00:00,0.0,0.0,0.0,0.0
Bannatynes Cookridge Hall,180.0,0.0,27.82,2025-11-19 02:30:30+00:00,0.0,0.0,0.0,0.0
Bannatynes Cookridge Hall,180.0,0.0,27.82,2025-11-19 02:45:30+00:00,0.0,0.0,0.0,0.0
Bannatynes Cookridge Hall,180.0,0.0,27.82,2025-11-19 03:00:30+00:00,0.0,0.0,0.0,0.0
Bannatynes Cookridge Hall,180.0,0.0,27.82,2025-11-19 03:15:30+00:00,0.0,0.0,0.0,0.0
Bannatynes Cookridge Hall,180.0,0.0,27.82,2025-11-19 03:30:30+00:00,0.0,0.0,0.0,0.0
Bannatynes Cookridge Hall,180.0,0.0,27.82,2025-11-19 03:45:30+00:00,0.0,0.0,0.0,0.0
name,azimuth,slope,array_capacity,time,gti,gti_low,gti_high,ghi
Bannatynes Darlington Head Office,278.0,18.0,26.1,2025-11-19 00:00:30+00:00,0.0,0.0,0.0,0.0
Bannatynes Darlington Head Office,278.0,18.0,26.1,2025-11-19 00:15:30+00:00,0.0,0.0,0.0,0.0
Bannatynes Darlington Head Office,278.0,18.0,26.1,2025-11-19 00:30:30+00:00,0.0,0.0,0.0,0.0
Bannatynes Darlington Head Office,278.0,18.0,26.1,2025-11-19 00:45:30+00:00,0.0,0.0,0.0,0.0
Bannatynes Darlington Head Office,278.0,18.0,26.1,2025-11-19 01:00:30+00:00,0.0,0.0,0.0,0.0
Bannatynes Darlington Head Office,278.0,18.0,26.1,2025-11-19 01:15:30+00:00,0.0,0.0,0.0,0.0
Bannatynes Darlington Head Office,278.0,18.0,26.1,2025-11-19 01:30:30+00:00,0.0,0.0,0.0,0.0
Bannatynes Darlington Head Office,278.0,18.0,26.1,2025-11-19 01:45:30+00:00,0.0,0.0,0.0,0.0
Bannatynes Darlington Head Office,278.0,18.0,26.1,2025-11-19 02:00:30+00:00,0.0,0.0,0.0,0.0
Bannatynes Darlington Head Office,278.0,18.0,26.1,2025-11-19 02:15:30+00:00,0.0,0.0,0.0,0.0
Bannatynes Darlington Head Office,278.0,18.0,26.1,2025-11-19 02:30:30+00:00,0.0,0.0,0.0,0.0
Bannatynes Darlington Head Office,278.0,18.0,26.1,2025-11-19 02:45:30+00:00,0.0,0.0,0.0,0.0
Bannatynes Darlington Head Office,278.0,18.0,26.1,2025-11-19 03:00:30+00:00,0.0,0.0,0.0,0.0
Bannatynes Darlington Head Office,278.0,18.0,26.1,2025-11-19 03:15:30+00:00,0.0,0.0,0.0,0.0
Bannatynes Darlington Head Office,278.0,18.0,26.1,2025-11-19 03:30:30+00:00,0.0,0.0,0.0,0.0
Bannatynes Darlington Head Office,278.0,18.0,26.1,2025-11-19 03:45:30+00:00,0.0,0.0,0.0,0.0
name,azimuth,slope,array_capacity,time,gti,gti_low,gti_high,ghi
Bannatynes Norwich,78.0,6.0,140.62,2025-11-19 00:00:30+00:00,0.0,0.0,0.0,0.0
Bannatynes Norwich,78.0,6.0,140.62,2025-11-19 00:15:30+00:00,0.0,0.0,0.0,0.0
Bannatynes Norwich,78.0,6.0,140.62,2025-11-19 00:30:30+00:00,0.0,0.0,0.0,0.0
Bannatynes Norwich,78.0,6.0,140.62,2025-11-19 00:45:30+00:00,0.0,0.0,0.0,0.0
Bannatynes Norwich,78.0,6.0,140.62,2025-11-19 01:00:30+00:00,0.0,0.0,0.0,0.0
Bannatynes Norwich,78.0,6.0,140.62,2025-11-19 01:15:30+00:00,0.0,0.0,0.0,0.0
Bannatynes Norwich,78.0,6.0,140.62,2025-11-19 01:30:30+00:00,0.0,0.0,0.0,0.0
Bannatynes Norwich,78.0,6.0,140.62,2025-11-19 01:45:30+00:00,0.0,0.0,0.0,0.0
Bannatynes Norwich,78.0,6.0,140.62,2025-11-19 02:00:30+00:00,0.0,0.0,0.0,0.0
Bannatynes Norwich,78.0,6.0,140.62,2025-11-19 02:15:30+00:00,0.0,0.0,0.0,0.0
Bannatynes Norwich,78.0,6.0,140.62,2025-11-19 02:30:30+00:00,0.0,0.0,0.0,0.0
Bannatynes Norwich,78.0,6.0,140.62,2025-11-19 02:45:30+00:00,0.0,0.0,0.0,0.0
Bannatynes Norwich,78.0,6.0,140.62,2025-11-19 03:00:30+00:00,0.0,0.0,0.0,0.0
Bannatynes Norwich,78.0,6.0,140.62,2025-11-19 03:15:30+00:00,0.0,0.0,0.0,0.0
Bannatynes Norwich,78.0,6.0,140.62,2025-11-19 03:30:30+00:00,0.0,0.0,0.0,0.0
Bannatynes Norwich,78.0,6.0,140.62,2025-11-19 03:45:30+00:00,0.0,0.0,0.0,0.0
name,azimuth,slope,array_capacity,time,gti,gti_low,gti_high,ghi
Bannatynes Weybridge,188.0,45.0,24.03,2025-11-19 00:00:30+00:00,0.0,0.0,0.0,0.0
Bannatynes Weybridge,188.0,45.0,24.03,2025-11-19 00:15:30+00:00,0.0,0.0,0.0,0.0
Bannatynes Weybridge,188.0,45.0,24.03,2025-11-19 00:30:30+00:00,0.0,0.0,0.0,0.0
Bannatynes Weybridge,188.0,45.0,24.03,2025-11-19 00:45:30+00:00,0.0,0.0,0.0,0.0
Bannatynes Weybridge,188.0,45.0,24.03,2025-11-19 01:00:30+00:00,0.0,0.0,0.0,0.0
Bannatynes Weybridge,188.0,45.0,24.03,2025-11-19 01:15:30+00:00,0.0,0.0,0.0,0.0
Bannatynes Weybridge,188.0,45.0,24.03,2025-11-19 01:30:30+00:00,0.0,0.0,0.0,0.0
Bannatynes Weybridge,188.0,45.0,24.03,2025-11-19 01:45:30+00:00,0.0,0.0,0.0,0.0
Bannatynes Weybridge,188.0,45.0,24.03,2025-11-19 02:00:30+00:00,0.0,0.0,0.0,0.0
Bannatynes Weybridge,188.0,45.0,24.03,2025-11-19 02:15:30+00:00,0.0,0.0,0.0,0.0
Bannatynes Weybridge,188.0,45.0,24.03,2025-11-19 02:30:30+00:00,0.0,0.0,0.0,0.0
Bannatynes Weybridge,188.0,45.0,24.03,2025-11-19 02:45:30+00:00,0.0,0.0,0.0,0.0
Bannatynes Weybridge,188.0,45.0,24.03,2025-11-19 03:00:30+00:00,0.0,0.0,0.0,0.0
Bannatynes Weybridge,188.0,45.0,24.03,2025-11-19 03:15:30+00:00,0.0,0.0,0.0,0.0
Bannatynes Weybridge,188.0,45.0,24.03,2025-11-19 03:30:30+00:00,0.0,0.0,0.0,0.0
Bannatynes Weybridge,188.0,45.0,24.03,2025-11-19 03:45:30+00:00,0.0,0.0,0.0,0.0
name,azimuth,slope,array_capacity,time,gti,gti_low,gti_high,ghi
Bannatynes Wildmoor,208.0,40.0,16.465,2025-11-19 00:00:30+00:00,0.0,0.0,0.0,0.0
Bannatynes Wildmoor,208.0,40.0,16.465,2025-11-19 00:15:30+00:00,0.0,0.0,0.0,0.0
Bannatynes Wildmoor,208.0,40.0,16.465,2025-11-19 00:30:30+00:00,0.0,0.0,0.0,0.0
Bannatynes Wildmoor,208.0,40.0,16.465,2025-11-19 00:45:30+00:00,0.0,0.0,0.0,0.0
Bannatynes Wildmoor,208.0,40.0,16.465,2025-11-19 01:00:30+00:00,0.0,0.0,0.0,0.0
Bannatynes Wildmoor,208.0,40.0,16.465,2025-11-19 01:15:30+00:00,0.0,0.0,0.0,0.0
Bannatynes Wildmoor,208.0,40.0,16.465,2025-11-19 01:30:30+00:00,0.0,0.0,0.0,0.0
Bannatynes Wildmoor,208.0,40.0,16.465,2025-11-19 01:45:30+00:00,0.0,0.0,0.0,0.0
Bannatynes Wildmoor,208.0,40.0,16.465,2025-11-19 02:00:30+00:00,0.0,0.0,0.0,0.0
Bannatynes Wildmoor,208.0,40.0,16.465,2025-11-19 02:15:30+00:00,0.0,0.0,0.0,0.0
Bannatynes Wildmoor,208.0,40.0,16.465,2025-11-19 02:30:30+00:00,0.0,0.0,0.0,0.0
Bannatynes Wildmoor,208.0,40.0,16.465,2025-11-19 02:45:30+00:00,0.0,0.0,0.0,0.0
Bannatynes Wildmoor,208.0,40.0,16.465,2025-11-19 03:00:30+00:00,0.0,0.0,0.0,0.0
Bannatynes Wildmoor,208.0,40.0,16.465,2025-11-19 03:15:30+00:00,0.0,0.0,0.0,0.0
Bannatynes Wildmoor,208.0,40.0,16.465,2025-11-19 03:30:30+00:00,0.0,0.0,0.0,0.0
Bannatynes Wildmoor,208.0,40.0,16.465,2025-11-19 03:45:30+00:00,0.0,0.0,0.0,0.0
name,azimuth,slope,array_capacity,time,gti,gti_low,gti_high,ghi
Blachford,347.0,8.0,88.2,2025-11-01 00:00:30+00:00,0.0,0.0,0.0,0.0
Blachford,347.0,8.0,88.2,2025-11-01 00:15:30+00:00,0.0,0.0,0.0,0.0
Blachford,347.0,8.0,88.2,2025-11-01 00:30:30+00:00,0.0,0.0,0.0,0.0
Blachford,347.0,8.0,88.2,2025-11-01 00:45:30+00:00,0.0,0.0,0.0,0.0
Blachford,347.0,8.0,88.2,2025-11-01 01:00:30+00:00,0.0,0.0,0.0,0.0
Blachford,347.0,8.0,88.2,2025-11-01 01:15:30+00:00,0.0,0.0,0.0,0.0
Blachford,347.0,8.0,88.2,2025-11-01 01:30:30+00:00,0.0,0.0,0.0,0.0
Blachford,347.0,8.0,88.2,2025-11-01 01:45:30+00:00,0.0,0.0,0.0,0.0
Blachford,347.0,8.0,88.2,2025-11-01 02:00:30+00:00,0.0,0.0,0.0,0.0
Blachford,347.0,8.0,88.2,2025-11-01 02:15:30+00:00,0.0,0.0,0.0,0.0
Blachford,347.0,8.0,88.2,2025-11-01 02:30:30+00:00,0.0,0.0,0.0,0.0
Blachford,347.0,8.0,88.2,2025-11-01 02:45:30+00:00,0.0,0.0,0.0,0.0
Blachford,347.0,8.0,88.2,2025-11-01 03:00:30+00:00,0.0,0.0,0.0,0.0
Blachford,347.0,8.0,88.2,2025-11-01 03:15:30+00:00,0.0,0.0,0.0,0.0
Blachford,347.0,8.0,88.2,2025-11-01 03:30:30+00:00,0.0,0.0,0.0,0.0
Blachford,347.0,8.0,88.2,2025-11-01 03:45:30+00:00,0.0,0.0,0.0,0.0
name,azimuth,slope,array_capacity,time,gti,gti_low,gti_high,ghi
Burnley College - Sports Hall,53.0,10.0,13.43,2025-11-19 00:00:30+00:00,0.0,0.0,0.0,0.0
Burnley College - Sports Hall,53.0,10.0,13.43,2025-11-19 00:15:30+00:00,0.0,0.0,0.0,0.0
Burnley College - Sports Hall,53.0,10.0,13.43,2025-11-19 00:30:30+00:00,0.0,0.0,0.0,0.0
Burnley College - Sports Hall,53.0,10.0,13.43,2025-11-19 00:45:30+00:00,0.0,0.0,0.0,0.0
Burnley College - Sports Hall,53.0,10.0,13.43,2025-11-19 01:00:30+00:00,0.0,0.0,0.0,0.0
Burnley College - Sports Hall,53.0,10.0,13.43,2025-11-19 01:15:30+00:00,0.0,0.0,0.0,0.0
Burnley College - Sports Hall,53.0,10.0,13.43,2025-11-19 01:30:30+00:00,0.0,0.0,0.0,0.0
Burnley College - Sports Hall,53.0,10.0,13.43,2025-11-19 01:45:30+00:00,0.0,0.0,0.0,0.0
Burnley College - Sports Hall,53.0,10.0,13.43,2025-11-19 02:00:30+00:00,0.0,0.0,0.0,0.0
Burnley College - Sports Hall,53.0,10.0,13.43,2025-11-19 02:15:30+00:00,0.0,0.0,0.0,0.0
Burnley College - Sports Hall,53.0,10.0,13.43,2025-11-19 02:30:30+00:00,0.0,0.0,0.0,0.0
Burnley College - Sports Hall,53.0,10.0,13.43,2025-11-19 02:45:30+00:00,0.0,0.0,0.0,0.0
Burnley College - Sports Hall,53.0,10.0,13.43,2025-11-19 03:00:30+00:00,0.0,0.0,0.0,0.0
Burnley College - Sports Hall,53.0,10.0,13.43,2025-11-19 03:15:30+00:00,0.0,0.0,0.0,0.0
Burnley College - Sports Hall,53.0,10.0,13.43,2025-11-19 03:30:30+00:00,0.0,0.0,0.0,0.0
Burnley College - Sports Hall,53.0,10.0,13.43,2025-11-19 03:45:30+00:00,0.0,0.0,0.0,0.0
name,azimuth,slope,array_capacity,time,gti,gti_low,gti_high,ghi
Carlton Bolling Tech Studies,188.0,6.0,32.5,2025-11-18 00:00:30+00:00,0.0,0.0,0.0,0.0
Carlton Bolling Tech Studies,188.0,6.0,32.5,2025-11-18 00:15:30+00:00,0.0,0.0,0.0,0.0
Carlton Bolling Tech Studies,188.0,6.0,32.5,2025-11-18 00:30:30+00:00,0.0,0.0,0.0,0.0
Carlton Bolling Tech Studies,188.0,6.0,32.5,2025-11-18 00:45:30+00:00,0.0,0.0,0.0,0.0
Carlton Bolling Tech Studies,188.0,6.0,32.5,2025-11-18 01:00:30+00:00,0.0,0.0,0.0,0.0
Carlton Bolling Tech Studies,188.0,6.0,32.5,2025-11-18 01:15:30+00:00,0.0,0.0,0.0,0.0
Carlton Bolling Tech Studies,188.0,6.0,32.5,2025-11-18 01:30:30+00:00,0.0,0.0,0.0,0.0
Carlton Bolling Tech Studies,188.0,6.0,32.5,2025-11-18 01:45:30+00:00,0.0,0.0,0.0,0.0
Carlton Bolling Tech Studies,188.0,6.0,32.5,2025-11-18 02:00:30+00:00,0.0,0.0,0.0,0.0
Carlton Bolling Tech Studies,188.0,6.0,32.5,2025-11-18 02:15:30+00:00,0.0,0.0,0.0,0.0
Carlton Bolling Tech Studies,188.0,6.0,32.5,2025-11-18 02:30:30+00:00,0.0,0.0,0.0,0.0
Carlton Bolling Tech Studies,188.0,6.0,32.5,2025-11-18 02:45:30+00:00,0.0,0.0,0.0,0.0
Carlton Bolling Tech Studies,188.0,6.0,32.5,2025-11-18 03:00:30+00:00,0.0,0.0,0.0,0.0
Carlton Bolling Tech Studies,188.0,6.0,32.5,2025-11-18 03:15:30+00:00,0.0,0.0,0.0,0.0
Carlton Bolling Tech Studies,188.0,6.0,32.5,2025-11-18 03:30:30+00:00,0.0,0.0,0.0,0.0
Carlton Bolling Tech Studies,188.0,6.0,32.5,2025-11-18 03:45:30+00:00,0.0,0.0,0.0,0.0
name,azimuth,slope,array_capacity,time,gti,gti_low,gti_high,ghi
Carlton High Park,171.0,2.0,78.5,2025-11-30 00:00:30+00:00,0.0,0.0,0.0,0.0
Carlton High Park,171.0,2.0,78.5,2025-11-30 00:15:30+00:00,0.0,0.0,0.0,0.0
Carlton High Park,171.0,2.0,78.5,2025-11-30 00:30:30+00:00,0.0,0.0,0.0,0.0
Carlton High Park,171.0,2.0,78.5,2025-11-30 00:45:30+00:00,0.0,0.0,0.0,0.0
Carlton High Park,171.0,2.0,78.5,2025-11-30 01:00:30+00:00,0.0,0.0,0.0,0.0
Carlton High Park,171.0,2.0,78.5,2025-11-30 01:15:30+00:00,0.0,0.0,0.0,0.0
Carlton High Park,171.0,2.0,78.5,2025-11-30 01:30:30+00:00,0.0,0.0,0.0,0.0
Carlton High Park,171.0,2.0,78.5,2025-11-30 01:45:30+00:00,0.0,0.0,0.0,0.0
Carlton High Park,171.0,2.0,78.5,2025-11-30 02:00:30+00:00,0.0,0.0,0.0,0.0
Carlton High Park,171.0,2.0,78.5,2025-11-30 02:15:30+00:00,0.0,0.0,0.0,0.0
Carlton High Park,171.0,2.0,78.5,2025-11-30 02:30:30+00:00,0.0,0.0,0.0,0.0
Carlton High Park,171.0,2.0,78.5,2025-11-30 02:45:30+00:00,0.0,0.0,0.0,0.0
Carlton High Park,171.0,2.0,78.5,2025-11-30 03:00:30+00:00,0.0,0.0,0.0,0.0
Carlton High Park,171.0,2.0,78.5,2025-11-30 03:15:30+00:00,0.0,0.0,0.0,0.0
Carlton High Park,171.0,2.0,78.5,2025-11-30 03:30:30+00:00,0.0,0.0,0.0,0.0
Carlton High Park,171.0,2.0,78.5,2025-11-30 03:45:30+00:00,0.0,0.0,0.0,0.0
name,azimuth,slope,array_capacity,time,gti,gti_low,gti_high,ghi
Carlton Marshfield,211.0,45.0,5.0,2025-11-01 00:00:30+00:00,0.0,0.0,0.0,0.0
Carlton Marshfield,211.0,45.0,5.0,2025-11-01 00:15:30+00:00,0.0,0.0,0.0,0.0
Carlton Marshfield,211.0,45.0,5.0,2025-11-01 00:30:30+00:00,0.0,0.0,0.0,0.0
Carlton Marshfield,211.0,45.0,5.0,2025-11-01 00:45:30+00:00,0.0,0.0,0.0,0.0
Carlton Marshfield,211.0,45.0,5.0,2025-11-01 01:00:30+00:00,0.0,0.0,0.0,0.0
Carlton Marshfield,211.0,45.0,5.0,2025-11-01 01:15:30+00:00,0.0,0.0,0.0,0.0
Carlton Marshfield,211.0,45.0,5.0,2025-11-01 01:30:30+00:00,0.0,0.0,0.0,0.0
Carlton Marshfield,211.0,45.0,5.0,2025-11-01 01:45:30+00:00,0.0,0.0,0.0,0.0
Carlton Marshfield,211.0,45.0,5.0,2025-11-01 02:00:30+00:00,0.0,0.0,0.0,0.0
Carlton Marshfield,211.0,45.0,5.0,2025-11-01 02:15:30+00:00,0.0,0.0,0.0,0.0
Carlton Marshfield,211.0,45.0,5.0,2025-11-01 02:30:30+00:00,0.0,0.0,0.0,0.0
Carlton Marshfield,211.0,45.0,5.0,2025-11-01 02:45:30+00:00,0.0,0.0,0.0,0.0
Carlton Marshfield,211.0,45.0,5.0,2025-11-01 03:00:30+00:00,0.0,0.0,0.0,0.0
Carlton Marshfield,211.0,45.0,5.0,2025-11-01 03:15:30+00:00,0.0,0.0,0.0,0.0
Carlton Marshfield,211.0,45.0,5.0,2025-11-01 03:30:30+00:00,0.0,0.0,0.0,0.0
Carlton Marshfield,211.0,45.0,5.0,2025-11-01 03:45:30+00:00,0.0,0.0,0.0,0.0
name,azimuth,slope,array_capacity,time,gti,gti_low,gti_high,ghi
Carlton Mills Primary School,76.0,20.0,9.0,2025-11-30 00:00:30+00:00,0.0,0.0,0.0,0.0
Carlton Mills Primary School,76.0,20.0,9.0,2025-11-30 00:15:30+00:00,0.0,0.0,0.0,0.0
Carlton Mills Primary School,76.0,20.0,9.0,2025-11-30 00:30:30+00:00,0.0,0.0,0.0,0.0
Carlton Mills Primary School,76.0,20.0,9.0,2025-11-30 00:45:30+00:00,0.0,0.0,0.0,0.0
Carlton Mills Primary School,76.0,20.0,9.0,2025-11-30 01:00:30+00:00,0.0,0.0,0.0,0.0
Carlton Mills Primary School,76.0,20.0,9.0,2025-11-30 01:15:30+00:00,0.0,0.0,0.0,0.0
Carlton Mills Primary School,76.0,20.0,9.0,2025-11-30 01:30:30+00:00,0.0,0.0,0.0,0.0
Carlton Mills Primary School,76.0,20.0,9.0,2025-11-30 01:45:30+00:00,0.0,0.0,0.0,0.0
Carlton Mills Primary School,76.0,20.0,9.0,2025-11-30 02:00:30+00:00,0.0,0.0,0.0,0.0
Carlton Mills Primary School,76.0,20.0,9.0,2025-11-30 02:15:30+00:00,0.0,0.0,0.0,0.0
Carlton Mills Primary School,76.0,20.0,9.0,2025-11-30 02:30:30+00:00,0.0,0.0,0.0,0.0
Carlton Mills Primary School,76.0,20.0,9.0,2025-11-30 02:45:30+00:00,0.0,0.0,0.0,0.0
Carlton Mills Primary School,76.0,20.0,9.0,2025-11-30 03:00:30+00:00,0.0,0.0,0.0,0.0
Carlton Mills Primary School,76.0,20.0,9.0,2025-11-30 03:15:30+00:00,0.0,0.0,0.0,0.0
Carlton Mills Primary School,76.0,20.0,9.0,2025-11-30 03:30:30+00:00,0.0,0.0,0.0,0.0
Carlton Mills Primary School,76.0,20.0,9.0,2025-11-30 03:45:30+00:00,0.0,0.0,0.0,0.0
name,azimuth,slope,array_capacity,time,gti,gti_low,gti_high,ghi
Carlton Thackley,133.0,5.0,11.5,2025-11-18 00:00:30+00:00,0.0,0.0,0.0,0.0
Carlton Thackley,133.0,5.0,11.5,2025-11-18 00:15:30+00:00,0.0,0.0,0.0,0.0
Carlton Thackley,133.0,5.0,11.5,2025-11-18 00:30:30+00:00,0.0,0.0,0.0,0.0
Carlton Thackley,133.0,5.0,11.5,2025-11-18 00:45:30+00:00,0.0,0.0,0.0,0.0
Carlton Thackley,133.0,5.0,11.5,2025-11-18 01:00:30+00:00,0.0,0.0,0.0,0.0
Carlton Thackley,133.0,5.0,11.5,2025-11-18 01:15:30+00:00,0.0,0.0,0.0,0.0
Carlton Thackley,133.0,5.0,11.5,2025-11-18 01:30:30+00:00,0.0,0.0,0.0,0.0
Carlton Thackley,133.0,5.0,11.5,2025-11-18 01:45:30+00:00,0.0,0.0,0.0,0.0
Carlton Thackley,133.0,5.0,11.5,2025-11-18 02:00:30+00:00,0.0,0.0,0.0,0.0
Carlton Thackley,133.0,5.0,11.5,2025-11-18 02:15:30+00:00,0.0,0.0,0.0,0.0
Carlton Thackley,133.0,5.0,11.5,2025-11-18 02:30:30+00:00,0.0,0.0,0.0,0.0
Carlton Thackley,133.0,5.0,11.5,2025-11-18 02:45:30+00:00,0.0,0.0,0.0,0.0
Carlton Thackley,133.0,5.0,11.5,2025-11-18 03:00:30+00:00,0.0,0.0,0.0,0.0
Carlton Thackley,133.0,5.0,11.5,2025-11-18 03:15:30+00:00,0.0,0.0,0.0,0.0
Carlton Thackley,133.0,5.0,11.5,2025-11-18 03:30:30+00:00,0.0,0.0,0.0,0.0
Carlton Thackley,133.0,5.0,11.5,2025-11-18 03:45:30+00:00,0.0,0.0,0.0,0.0
name,azimuth,slope,array_capacity,time,gti,gti_low,gti_high,ghi
City Football Group Phase 1,350.0,5.0,136.6,2025-11-01 00:00:30+00:00,0.0,0.0,0.0,0.0
City Football Group Phase 1,350.0,5.0,136.6,2025-11-01 00:15:30+00:00,0.0,0.0,0.0,0.0
City Football Group Phase 1,350.0,5.0,136.6,2025-11-01 00:30:30+00:00,0.0,0.0,0.0,0.0
City Football Group Phase 1,350.0,5.0,136.6,2025-11-01 00:45:30+00:00,0.0,0.0,0.0,0.0
City Football Group Phase 1,350.0,5.0,136.6,2025-11-01 01:00:30+00:00,0.0,0.0,0.0,0.0
City Football Group Phase 1,350.0,5.0,136.6,2025-11-01 01:15:30+00:00,0.0,0.0,0.0,0.0
City Football Group Phase 1,350.0,5.0,136.6,2025-11-01 01:30:30+00:00,0.0,0.0,0.0,0.0
City Football Group Phase 1,350.0,5.0,136.6,2025-11-01 01:45:30+00:00,0.0,0.0,0.0,0.0
City Football Group Phase 1,350.0,5.0,136.6,2025-11-01 02:00:30+00:00,0.0,0.0,0.0,0.0
City Football Group Phase 1,350.0,5.0,136.6,2025-11-01 02:15:30+00:00,0.0,0.0,0.0,0.0
City Football Group Phase 1,350.0,5.0,136.6,2025-11-01 02:30:30+00:00,0.0,0.0,0.0,0.0
City Football Group Phase 1,350.0,5.0,136.6,2025-11-01 02:45:30+00:00,0.0,0.0,0.0,0.0
City Football Group Phase 1,350.0,5.0,136.6,2025-11-01 03:00:30+00:00,0.0,0.0,0.0,0.0
City Football Group Phase 1,350.0,5.0,136.6,2025-11-01 03:15:30+00:00,0.0,0.0,0.0,0.0
City Football Group Phase 1,350.0,5.0,136.6,2025-11-01 03:30:30+00:00,0.0,0.0,0.0,0.0
City Football Group Phase 1,350.0,5.0,136.6,2025-11-01 03:45:30+00:00,0.0,0.0,0.0,0.0
name,azimuth,slope,array_capacity,time,gti,gti_low,gti_high,ghi
Cromwell Tools,94.0,13.0,500.1,2025-11-01 00:00:30+00:00,0.0,0.0,0.0,0.0
Cromwell Tools,94.0,13.0,500.1,2025-11-01 00:15:30+00:00,0.0,0.0,0.0,0.0
Cromwell Tools,94.0,13.0,500.1,2025-11-01 00:30:30+00:00,0.0,0.0,0.0,0.0
Cromwell Tools,94.0,13.0,500.1,2025-11-01 00:45:30+00:00,0.0,0.0,0.0,0.0
Cromwell Tools,94.0,13.0,500.1,2025-11-01 01:00:30+00:00,0.0,0.0,0.0,0.0
Cromwell Tools,94.0,13.0,500.1,2025-11-01 01:15:30+00:00,0.0,0.0,0.0,0.0
Cromwell Tools,94.0,13.0,500.1,2025-11-01 01:30:30+00:00,0.0,0.0,0.0,0.0
Cromwell Tools,94.0,13.0,500.1,2025-11-01 01:45:30+00:00,0.0,0.0,0.0,0.0
Cromwell Tools,94.0,13.0,500.1,2025-11-01 02:00:30+00:00,0.0,0.0,0.0,0.0
Cromwell Tools,94.0,13.0,500.1,2025-11-01 02:15:30+00:00,0.0,0.0,0.0,0.0
Cromwell Tools,94.0,13.0,500.1,2025-11-01 02:30:30+00:00,0.0,0.0,0.0,0.0
Cromwell Tools,94.0,13.0,500.1,2025-11-01 02:45:30+00:00,0.0,0.0,0.0,0.0
Cromwell Tools,94.0,13.0,500.1,2025-11-01 03:00:30+00:00,0.0,0.0,0.0,0.0
Cromwell Tools,94.0,13.0,500.1,2025-11-01 03:15:30+00:00,0.0,0.0,0.0,0.0
Cromwell Tools,94.0,13.0,500.1,2025-11-01 03:30:30+00:00,0.0,0.0,0.0,0.0
Cromwell Tools,94.0,13.0,500.1,2025-11-01 03:45:30+00:00,0.0,0.0,0.0,0.0
name,azimuth,slope,array_capacity,time,gti,gti_low,gti_high,ghi
Dunham Forest Golf Club,87.0,10.0,8.295,2025-11-18 00:00:30+00:00,0.0,0.0,0.0,0.0
Dunham Forest Golf Club,87.0,10.0,8.295,2025-11-18 00:15:30+00:00,0.0,0.0,0.0,0.0
Dunham Forest Golf Club,87.0,10.0,8.295,2025-11-18 00:30:30+00:00,0.0,0.0,0.0,0.0
Dunham Forest Golf Club,87.0,10.0,8.295,2025-11-18 00:45:30+00:00,0.0,0.0,0.0,0.0
Dunham Forest Golf Club,87.0,10.0,8.295,2025-11-18 01:00:30+00:00,0.0,0.0,0.0,0.0
Dunham Forest Golf Club,87.0,10.0,8.295,2025-11-18 01:15:30+00:00,0.0,0.0,0.0,0.0
Dunham Forest Golf Club,87.0,10.0,8.295,2025-11-18 01:30:30+00:00,0.0,0.0,0.0,0.0
Dunham Forest Golf Club,87.0,10.0,8.295,2025-11-18 01:45:30+00:00,0.0,0.0,0.0,0.0
Dunham Forest Golf Club,87.0,10.0,8.295,2025-11-18 02:00:30+00:00,0.0,0.0,0.0,0.0
Dunham Forest Golf Club,87.0,10.0,8.295,2025-11-18 02:15:30+00:00,0.0,0.0,0.0,0.0
Dunham Forest Golf Club,87.0,10.0,8.295,2025-11-18 02:30:30+00:00,0.0,0.0,0.0,0.0
Dunham Forest Golf Club,87.0,10.0,8.295,2025-11-18 02:45:30+00:00,0.0,0.0,0.0,0.0
Dunham Forest Golf Club,87.0,10.0,8.295,2025-11-18 03:00:30+00:00,0.0,0.0,0.0,0.0
Dunham Forest Golf Club,87.0,10.0,8.295,2025-11-18 03:15:30+00:00,0.0,0.0,0.0,0.0
Dunham Forest Golf Club,87.0,10.0,8.295,2025-11-18 03:30:30+00:00,0.0,0.0,0.0,0.0
Dunham Forest Golf Club,87.0,10.0,8.295,2025-11-18 03:45:30+00:00,0.0,0.0,0.0,0.0
name,azimuth,slope,array_capacity,time,gti,gti_low,gti_high,ghi
Duo Plastics,142.0,23.0,30.0,2025-11-19 00:00:30+00:00,0.0,0.0,0.0,0.0
Duo Plastics,142.0,23.0,30.0,2025-11-19 00:15:30+00:00,0.0,0.0,0.0,0.0
Duo Plastics,142.0,23.0,30.0,2025-11-19 00:30:30+00:00,0.0,0.0,0.0,0.0
Duo Plastics,142.0,23.0,30.0,2025-11-19 00:45:30+00:00,0.0,0.0,0.0,0.0
Duo Plastics,142.0,23.0,30.0,2025-11-19 01:00:30+00:00,0.0,0.0,0.0,0.0
Duo Plastics,142.0,23.0,30.0,2025-11-19 01:15:30+00:00,0.0,0.0,0.0,0.0
Duo Plastics,142.0,23.0,30.0,2025-11-19 01:30:30+00:00,0.0,0.0,0.0,0.0
Duo Plastics,142.0,23.0,30.0,2025-11-19 01:45:30+00:00,0.0,0.0,0.0,0.0
Duo Plastics,142.0,23.0,30.0,2025-11-19 02:00:30+00:00,0.0,0.0,0.0,0.0
Duo Plastics,142.0,23.0,30.0,2025-11-19 02:15:30+00:00,0.0,0.0,0.0,0.0
Duo Plastics,142.0,23.0,30.0,2025-11-19 02:30:30+00:00,0.0,0.0,0.0,0.0
Duo Plastics,142.0,23.0,30.0,2025-11-19 02:45:30+00:00,0.0,0.0,0.0,0.0
Duo Plastics,142.0,23.0,30.0,2025-11-19 03:00:30+00:00,0.0,0.0,0.0,0.0
Duo Plastics,142.0,23.0,30.0,2025-11-19 03:15:30+00:00,0.0,0.0,0.0,0.0
Duo Plastics,142.0,23.0,30.0,2025-11-19 03:30:30+00:00,0.0,0.0,0.0,0.0
Duo Plastics,142.0,23.0,30.0,2025-11-19 03:45:30+00:00,0.0,0.0,0.0,0.0
name,azimuth,slope,array_capacity,time,gti,gti_low,gti_high,ghi
Faltec Europe Ltd,219.0,6.0,153.12,2025-11-01 00:00:30+00:00,0.0,0.0,0.0,0.0
Faltec Europe Ltd,219.0,6.0,153.12,2025-11-01 00:15:30+00:00,0.0,0.0,0.0,0.0
Faltec Europe Ltd,219.0,6.0,153.12,2025-11-01 00:30:30+00:00,0.0,0.0,0.0,0.0
Faltec Europe Ltd,219.0,6.0,153.12,2025-11-01 00:45:30+00:00,0.0,0.0,0.0,0.0
Faltec Europe Ltd,219.0,6.0,153.12,2025-11-01 01:00:30+00:00,0.0,0.0,0.0,0.0
Faltec Europe Ltd,219.0,6.0,153.12,2025-11-01 01:15:30+00:00,0.0,0.0,0.0,0.0
Faltec Europe Ltd,219.0,6.0,153.12,2025-11-01 01:30:30+00:00,0.0,0.0,0.0,0.0
Faltec Europe Ltd,219.0,6.0,153.12,2025-11-01 01:45:30+00:00,0.0,0.0,0.0,0.0
Faltec Europe Ltd,219.0,6.0,153.12,2025-11-01 02:00:30+00:00,0.0,0.0,0.0,0.0
Faltec Europe Ltd,219.0,6.0,153.12,2025-11-01 02:15:30+00:00,0.0,0.0,0.0,0.0
Faltec Europe Ltd,219.0,6.0,153.12,2025-11-01 02:30:30+00:00,0.0,0.0,0.0,0.0
Faltec Europe Ltd,219.0,6.0,153.12,2025-11-01 02:45:30+00:00,0.0,0.0,0.0,0.0
Faltec Europe Ltd,219.0,6.0,153.12,2025-11-01 03:00:30+00:00,0.0,0.0,0.0,0.0
Faltec Europe Ltd,219.0,6.0,153.12,2025-11-01 03:15:30+00:00,0.0,0.0,0.0,0.0
Faltec Europe Ltd,219.0,6.0,153.12,2025-11-01 03:30:30+00:00,0.0,0.0,0.0,0.0
Faltec Europe Ltd,219.0,6.0,153.12,2025-11-01 03:45:30+00:00,0.0,0.0,0.0,0.0
name,azimuth,slope,array_capacity,time,gti,gti_low,gti_high,ghi
Finlay Beverages,57.0,6.0,797.4,2025-11-01 00:00:30+00:00,0.0,0.0,0.0,0.0
Finlay Beverages,57.0,6.0,797.4,2025-11-01 00:15:30+00:00,0.0,0.0,0.0,0.0
Finlay Beverages,57.0,6.0,797.4,2025-11-01 00:30:30+00:00,0.0,0.0,0.0,0.0
Finlay Beverages,57.0,6.0,797.4,2025-11-01 00:45:30+00:00,0.0,0.0,0.0,0.0
Finlay Beverages,57.0,6.0,797.4,2025-11-01 01:00:30+00:00,0.0,0.0,0.0,0.0
Finlay Beverages,57.0,6.0,797.4,2025-11-01 01:15:30+00:00,0.0,0.0,0.0,0.0
Finlay Beverages,57.0,6.0,797.4,2025-11-01 01:30:30+00:00,0.0,0.0,0.0,0.0
Finlay Beverages,57.0,6.0,797.4,2025-11-01 01:45:30+00:00,0.0,0.0,0.0,0.0
Finlay Beverages,57.0,6.0,797.4,2025-11-01 02:00:30+00:00,0.0,0.0,0.0,0.0
Finlay Beverages,57.0,6.0,797.4,2025-11-01 02:15:30+00:00,0.0,0.0,0.0,0.0
Finlay Beverages,57.0,6.0,797.4,2025-11-01 02:30:30+00:00,0.0,0.0,0.0,0.0
Finlay Beverages,57.0,6.0,797.4,2025-11-01 02:45:30+00:00,0.0,0.0,0.0,0.0
Finlay Beverages,57.0,6.0,797.4,2025-11-01 03:00:30+00:00,0.0,0.0,0.0,0.0
Finlay Beverages,57.0,6.0,797.4,2025-11-01 03:15:30+00:00,0.0,0.0,0.0,0.0
Finlay Beverages,57.0,6.0,797.4,2025-11-01 03:30:30+00:00,0.0,0.0,0.0,0.0
Finlay Beverages,57.0,6.0,797.4,2025-11-01 03:45:30+00:00,0.0,0.0,0.0,0.0
name,azimuth,slope,array_capacity,time,gti,gti_low,gti_high,ghi
Hazelwick School,182.0,10.0,46.0,2025-11-01 00:00:30+00:00,0.0,0.0,0.0,0.0
Hazelwick School,182.0,10.0,46.0,2025-11-01 00:15:30+00:00,0.0,0.0,0.0,0.0
Hazelwick School,182.0,10.0,46.0,2025-11-01 00:30:30+00:00,0.0,0.0,0.0,0.0
Hazelwick School,182.0,10.0,46.0,2025-11-01 00:45:30+00:00,0.0,0.0,0.0,0.0
Hazelwick School,182.0,10.0,46.0,2025-11-01 01:00:30+00:00,0.0,0.0,0.0,0.0
Hazelwick School,182.0,10.0,46.0,2025-11-01 01:15:30+00:00,0.0,0.0,0.0,0.0
Hazelwick School,182.0,10.0,46.0,2025-11-01 01:30:30+00:00,0.0,0.0,0.0,0.0
Hazelwick School,182.0,10.0,46.0,2025-11-01 01:45:30+00:00,0.0,0.0,0.0,0.0
Hazelwick School,182.0,10.0,46.0,2025-11-01 02:00:30+00:00,0.0,0.0,0.0,0.0
Hazelwick School,182.0,10.0,46.0,2025-11-01 02:15:30+00:00,0.0,0.0,0.0,0.0
Hazelwick School,182.0,10.0,46.0,2025-11-01 02:30:30+00:00,0.0,0.0,0.0,0.0
Hazelwick School,182.0,10.0,46.0,2025-11-01 02:45:30+00:00,0.0,0.0,0.0,0.0
Hazelwick School,182.0,10.0,46.0,2025-11-01 03:00:30+00:00,0.0,0.0,0.0,0.0
Hazelwick School,182.0,10.0,46.0,2025-11-01 03:15:30+00:00,0.0,0.0,0.0,0.0
Hazelwick School,182.0,10.0,46.0,2025-11-01 03:30:30+00:00,0.0,0.0,0.0,0.0
Hazelwick School,182.0,10.0,46.0,2025-11-01 03:45:30+00:00,0.0,0.0,0.0,0.0
name,azimuth,slope,array_capacity,time,gti,gti_low,gti_high,ghi
Hibernian Stadium,64.0,7.0,116.64,2025-11-01 00:00:30+00:00,0.0,0.0,0.0,0.0
Hibernian Stadium,64.0,7.0,116.64,2025-11-01 00:15:30+00:00,0.0,0.0,0.0,0.0
Hibernian Stadium,64.0,7.0,116.64,2025-11-01 00:30:30+00:00,0.0,0.0,0.0,0.0
Hibernian Stadium,64.0,7.0,116.64,2025-11-01 00:45:30+00:00,0.0,0.0,0.0,0.0
Hibernian Stadium,64.0,7.0,116.64,2025-11-01 01:00:30+00:00,0.0,0.0,0.0,0.0
Hibernian Stadium,64.0,7.0,116.64,2025-11-01 01:15:30+00:00,0.0,0.0,0.0,0.0
Hibernian Stadium,64.0,7.0,116.64,2025-11-01 01:30:30+00:00,0.0,0.0,0.0,0.0
Hibernian Stadium,64.0,7.0,116.64,2025-11-01 01:45:30+00:00,0.0,0.0,0.0,0.0
Hibernian Stadium,64.0,7.0,116.64,2025-11-01 02:00:30+00:00,0.0,0.0,0.0,0.0
Hibernian Stadium,64.0,7.0,116.64,2025-11-01 02:15:30+00:00,0.0,0.0,0.0,0.0
Hibernian Stadium,64.0,7.0,116.64,2025-11-01 02:30:30+00:00,0.0,0.0,0.0,0.0
Hibernian Stadium,64.0,7.0,116.64,2025-11-01 02:45:30+00:00,0.0,0.0,0.0,0.0
Hibernian Stadium,64.0,7.0,116.64,2025-11-01 03:00:30+00:00,0.0,0.0,0.0,0.0
Hibernian Stadium,64.0,7.0,116.64,2025-11-01 03:15:30+00:00,0.0,0.0,0.0,0.0
Hibernian Stadium,64.0,7.0,116.64,2025-11-01 03:30:30+00:00,0.0,0.0,0.0,0.0
Hibernian Stadium,64.0,7.0,116.64,2025-11-01 03:45:30+00:00,0.0,0.0,0.0,0.0
name,azimuth,slope,array_capacity,time,gti,gti_low,gti_high,ghi
Hibernian Training Ground,126.0,15.0,22.68,2025-11-01 00:00:30+00:00,0.0,0.0,0.0,0.0
Hibernian Training Ground,126.0,15.0,22.68,2025-11-01 00:15:30+00:00,0.0,0.0,0.0,0.0
Hibernian Training Ground,126.0,15.0,22.68,2025-11-01 00:30:30+00:00,0.0,0.0,0.0,0.0
Hibernian Training Ground,126.0,15.0,22.68,2025-11-01 00:45:30+00:00,0.0,0.0,0.0,0.0
Hibernian Training Ground,126.0,15.0,22.68,2025-11-01 01:00:30+00:00,0.0,0.0,0.0,0.0
Hibernian Training Ground,126.0,15.0,22.68,2025-11-01 01:15:30+00:00,0.0,0.0,0.0,0.0
Hibernian Training Ground,126.0,15.0,22.68,2025-11-01 01:30:30+00:00,0.0,0.0,0.0,0.0
Hibernian Training Ground,126.0,15.0,22.68,2025-11-01 01:45:30+00:00,0.0,0.0,0.0,0.0
Hibernian Training Ground,126.0,15.0,22.68,2025-11-01 02:00:30+00:00,0.0,0.0,0.0,0.0
Hibernian Training Ground,126.0,15.0,22.68,2025-11-01 02:15:30+00:00,0.0,0.0,0.0,0.0
Hibernian Training Ground,126.0,15.0,22.68,2025-11-01 02:30:30+00:00,0.0,0.0,0.0,0.0
Hibernian Training Ground,126.0,15.0,22.68,2025-11-01 02:45:30+00:00,0.0,0.0,0.0,0.0
Hibernian Training Ground,126.0,15.0,22.68,2025-11-01 03:00:30+00:00,0.0,0.0,0.0,0.0
Hibernian Training Ground,126.0,15.0,22.68,2025-11-01 03:15:30+00:00,0.0,0.0,0.0,0.0
Hibernian Training Ground,126.0,15.0,22.68,2025-11-01 03:30:30+00:00,0.0,0.0,0.0,0.0
Hibernian Training Ground,126.0,15.0,22.68,2025-11-01 03:45:30+00:00,0.0,0.0,0.0,0.0
name,azimuth,slope,array_capacity,time,gti,gti_low,gti_high,ghi
I&N Fabrications,105.0,9.0,62.25,2025-11-18 00:00:30+00:00,0.0,0.0,0.0,0.0
I&N Fabrications,105.0,9.0,62.25,2025-11-18 00:15:30+00:00,0.0,0.0,0.0,0.0
I&N Fabrications,105.0,9.0,62.25,2025-11-18 00:30:30+00:00,0.0,0.0,0.0,0.0
I&N Fabrications,105.0,9.0,62.25,2025-11-18 00:45:30+00:00,0.0,0.0,0.0,0.0
I&N Fabrications,105.0,9.0,62.25,2025-11-18 01:00:30+00:00,0.0,0.0,0.0,0.0
I&N Fabrications,105.0,9.0,62.25,2025-11-18 01:15:30+00:00,0.0,0.0,0.0,0.0
I&N Fabrications,105.0,9.0,62.25,2025-11-18 01:30:30+00:00,0.0,0.0,0.0,0.0
I&N Fabrications,105.0,9.0,62.25,2025-11-18 01:45:30+00:00,0.0,0.0,0.0,0.0
I&N Fabrications,105.0,9.0,62.25,2025-11-18 02:00:30+00:00,0.0,0.0,0.0,0.0
I&N Fabrications,105.0,9.0,62.25,2025-11-18 02:15:30+00:00,0.0,0.0,0.0,0.0
I&N Fabrications,105.0,9.0,62.25,2025-11-18 02:30:30+00:00,0.0,0.0,0.0,0.0
I&N Fabrications,105.0,9.0,62.25,2025-11-18 02:45:30+00:00,0.0,0.0,0.0,0.0
I&N Fabrications,105.0,9.0,62.25,2025-11-18 03:00:30+00:00,0.0,0.0,0.0,0.0
I&N Fabrications,105.0,9.0,62.25,2025-11-18 03:15:30+00:00,0.0,0.0,0.0,0.0
I&N Fabrications,105.0,9.0,62.25,2025-11-18 03:30:30+00:00,0.0,0.0,0.0,0.0
I&N Fabrications,105.0,9.0,62.25,2025-11-18 03:45:30+00:00,0.0,0.0,0.0,0.0
name,azimuth,slope,array_capacity,time,gti,gti_low,gti_high,ghi
Iceland - Penny Lane,61.0,7.5,12.0,2025-11-18 00:00:30+00:00,0.0,0.0,0.0,0.0
Iceland - Penny Lane,61.0,7.5,12.0,2025-11-18 00:15:30+00:00,0.0,0.0,0.0,0.0
Iceland - Penny Lane,61.0,7.5,12.0,2025-11-18 00:30:30+00:00,0.0,0.0,0.0,0.0
Iceland - Penny Lane,61.0,7.5,12.0,2025-11-18 00:45:30+00:00,0.0,0.0,0.0,0.0
Iceland - Penny Lane,61.0,7.5,12.0,2025-11-18 01:00:30+00:00,0.0,0.0,0.0,0.0
Iceland - Penny Lane,61.0,7.5,12.0,2025-11-18 01:15:30+00:00,0.0,0.0,0.0,0.0
Iceland - Penny Lane,61.0,7.5,12.0,2025-11-18 01:30:30+00:00,0.0,0.0,0.0,0.0
Iceland - Penny Lane,61.0,7.5,12.0,2025-11-18 01:45:30+00:00,0.0,0.0,0.0,0.0
Iceland - Penny Lane,61.0,7.5,12.0,2025-11-18 02:00:30+00:00,0.0,0.0,0.0,0.0
Iceland - Penny Lane,61.0,7.5,12.0,2025-11-18 02:15:30+00:00,0.0,0.0,0.0,0.0
Iceland - Penny Lane,61.0,7.5,12.0,2025-11-18 02:30:30+00:00,0.0,0.0,0.0,0.0
Iceland - Penny Lane,61.0,7.5,12.0,2025-11-18 02:45:30+00:00,0.0,0.0,0.0,0.0
Iceland - Penny Lane,61.0,7.5,12.0,2025-11-18 03:00:30+00:00,0.0,0.0,0.0,0.0
Iceland - Penny Lane,61.0,7.5,12.0,2025-11-18 03:15:30+00:00,0.0,0.0,0.0,0.0
Iceland - Penny Lane,61.0,7.5,12.0,2025-11-18 03:30:30+00:00,0.0,0.0,0.0,0.0
Iceland - Penny Lane,61.0,7.5,12.0,2025-11-18 03:45:30+00:00,0.0,0.0,0.0,0.0
name,azimuth,slope,array_capacity,time,gti,gti_low,gti_high,ghi
Iceland Bretton,274.0,18.0,21.0,2025-11-18 00:00:30+00:00,0.0,0.0,0.0,0.0
Iceland Bretton,274.0,18.0,21.0,2025-11-18 00:15:30+00:00,0.0,0.0,0.0,0.0
Iceland Bretton,274.0,18.0,21.0,2025-11-18 00:30:30+00:00,0.0,0.0,0.0,0.0
Iceland Bretton,274.0,18.0,21.0,2025-11-18 00:45:30+00:00,0.0,0.0,0.0,0.0
Iceland Bretton,274.0,18.0,21.0,2025-11-18 01:00:30+00:00,0.0,0.0,0.0,0.0
Iceland Bretton,274.0,18.0,21.0,2025-11-18 01:15:30+00:00,0.0,0.0,0.0,0.0
Iceland Bretton,274.0,18.0,21.0,2025-11-18 01:30:30+00:00,0.0,0.0,0.0,0.0
Iceland Bretton,274.0,18.0,21.0,2025-11-18 01:45:30+00:00,0.0,0.0,0.0,0.0
Iceland Bretton,274.0,18.0,21.0,2025-11-18 02:00:30+00:00,0.0,0.0,0.0,0.0
Iceland Bretton,274.0,18.0,21.0,2025-11-18 02:15:30+00:00,0.0,0.0,0.0,0.0
Iceland Bretton,274.0,18.0,21.0,2025-11-18 02:30:30+00:00,0.0,0.0,0.0,0.0
Iceland Bretton,274.0,18.0,21.0,2025-11-18 02:45:30+00:00,0.0,0.0,0.0,0.0
Iceland Bretton,274.0,18.0,21.0,2025-11-18 03:00:30+00:00,0.0,0.0,0.0,0.0
Iceland Bretton,274.0,18.0,21.0,2025-11-18 03:15:30+00:00,0.0,0.0,0.0,0.0
Iceland Bretton,274.0,18.0,21.0,2025-11-18 03:30:30+00:00,0.0,0.0,0.0,0.0
Iceland Bretton,274.0,18.0,21.0,2025-11-18 03:45:30+00:00,0.0,0.0,0.0,0.0
name,azimuth,slope,array_capacity,time,gti,gti_low,gti_high,ghi
Iceland Queensferry,123.0,22.8,115.0,2025-11-18 00:00:30+00:00,0.0,0.0,0.0,0.0
Iceland Queensferry,123.0,22.8,115.0,2025-11-18 00:15:30+00:00,0.0,0.0,0.0,0.0
Iceland Queensferry,123.0,22.8,115.0,2025-11-18 00:30:30+00:00,0.0,0.0,0.0,0.0
Iceland Queensferry,123.0,22.8,115.0,2025-11-18 00:45:30+00:00,0.0,0.0,0.0,0.0
Iceland Queensferry,123.0,22.8,115.0,2025-11-18 01:00:30+00:00,0.0,0.0,0.0,0.0
Iceland Queensferry,123.0,22.8,115.0,2025-11-18 01:15:30+00:00,0.0,0.0,0.0,0.0
Iceland Queensferry,123.0,22.8,115.0,2025-11-18 01:30:30+00:00,0.0,0.0,0.0,0.0
Iceland Queensferry,123.0,22.8,115.0,2025-11-18 01:45:30+00:00,0.0,0.0,0.0,0.0
Iceland Queensferry,123.0,22.8,115.0,2025-11-18 02:00:30+00:00,0.0,0.0,0.0,0.0
Iceland Queensferry,123.0,22.8,115.0,2025-11-18 02:15:30+00:00,0.0,0.0,0.0,0.0
Iceland Queensferry,123.0,22.8,115.0,2025-11-18 02:30:30+00:00,0.0,0.0,0.0,0.0
Iceland Queensferry,123.0,22.8,115.0,2025-11-18 02:45:30+00:00,0.0,0.0,0.0,0.0
Iceland Queensferry,123.0,22.8,115.0,2025-11-18 03:00:30+00:00,0.0,0.0,0.0,0.0
Iceland Queensferry,123.0,22.8,115.0,2025-11-18 03:15:30+00:00,0.0,0.0,0.0,0.0
Iceland Queensferry,123.0,22.8,115.0,2025-11-18 03:30:30+00:00,0.0,0.0,0.0,0.0
Iceland Queensferry,123.0,22.8,115.0,2025-11-18 03:45:30+00:00,0.0,0.0,0.0,0.0
name,azimuth,slope,array_capacity,time,gti,gti_low,gti_high,ghi
Iceland Shrewsbury,110.0,5.0,56.0,2025-11-18 00:00:30+00:00,0.0,0.0,0.0,0.0
Iceland Shrewsbury,110.0,5.0,56.0,2025-11-18 00:15:30+00:00,0.0,0.0,0.0,0.0
Iceland Shrewsbury,110.0,5.0,56.0,2025-11-18 00:30:30+00:00,0.0,0.0,0.0,0.0
Iceland Shrewsbury,110.0,5.0,56.0,2025-11-18 00:45:30+00:00,0.0,0.0,0.0,0.0
Iceland Shrewsbury,110.0,5.0,56.0,2025-11-18 01:00:30+00:00,0.0,0.0,0.0,0.0
Iceland Shrewsbury,110.0,5.0,56.0,2025-11-18 01:15:30+00:00,0.0,0.0,0.0,0.0
Iceland Shrewsbury,110.0,5.0,56.0,2025-11-18 01:30:30+00:00,0.0,0.0,0.0,0.0
Iceland Shrewsbury,110.0,5.0,56.0,2025-11-18 01:45:30+00:00,0.0,0.0,0.0,0.0
Iceland Shrewsbury,110.0,5.0,56.0,2025-11-18 02:00:30+00:00,0.0,0.0,0.0,0.0
Iceland Shrewsbury,110.0,5.0,56.0,2025-11-18 02:15:30+00:00,0.0,0.0,0.0,0.0
Iceland Shrewsbury,110.0,5.0,56.0,2025-11-18 02:30:30+00:00,0.0,0.0,0.0,0.0
Iceland Shrewsbury,110.0,5.0,56.0,2025-11-18 02:45:30+00:00,0.0,0.0,0.0,0.0
Iceland Shrewsbury,110.0,5.0,56.0,2025-11-18 03:00:30+00:00,0.0,0.0,0.0,0.0
Iceland Shrewsbury,110.0,5.0,56.0,2025-11-18 03:15:30+00:00,0.0,0.0,0.0,0.0
Iceland Shrewsbury,110.0,5.0,56.0,2025-11-18 03:30:30+00:00,0.0,0.0,0.0,0.0
Iceland Shrewsbury,110.0,5.0,56.0,2025-11-18 03:45:30+00:00,0.0,0.0,0.0,0.0
name,azimuth,slope,array_capacity,time,gti,gti_low,gti_high,ghi
Inktech,89.0,5.0,47.0,2025-11-19 00:00:30+00:00,0.0,0.0,0.0,0.0
Inktech,89.0,5.0,47.0,2025-11-19 00:15:30+00:00,0.0,0.0,0.0,0.0
Inktech,89.0,5.0,47.0,2025-11-19 00:30:30+00:00,0.0,0.0,0.0,0.0
Inktech,89.0,5.0,47.0,2025-11-19 00:45:30+00:00,0.0,0.0,0.0,0.0
Inktech,89.0,5.0,47.0,2025-11-19 01:00:30+00:00,0.0,0.0,0.0,0.0
Inktech,89.0,5.0,47.0,2025-11-19 01:15:30+00:00,0.0,0.0,0.0,0.0
Inktech,89.0,5.0,47.0,2025-11-19 01:30:30+00:00,0.0,0.0,0.0,0.0
Inktech,89.0,5.0,47.0,2025-11-19 01:45:30+00:00,0.0,0.0,0.0,0.0
Inktech,89.0,5.0,47.0,2025-11-19 02:00:30+00:00,0.0,0.0,0.0,0.0
Inktech,89.0,5.0,47.0,2025-11-19 02:15:30+00:00,0.0,0.0,0.0,0.0
Inktech,89.0,5.0,47.0,2025-11-19 02:30:30+00:00,0.0,0.0,0.0,0.0
Inktech,89.0,5.0,47.0,2025-11-19 02:45:30+00:00,0.0,0.0,0.0,0.0
Inktech,89.0,5.0,47.0,2025-11-19 03:00:30+00:00,0.0,0.0,0.0,0.0
Inktech,89.0,5.0,47.0,2025-11-19 03:15:30+00:00,0.0,0.0,0.0,0.0
Inktech,89.0,5.0,47.0,2025-11-19 03:30:30+00:00,0.0,0.0,0.0,0.0
Inktech,89.0,5.0,47.0,2025-11-19 03:45:30+00:00,0.0,0.0,0.0,0.0
name,azimuth,slope,array_capacity,time,gti,gti_low,gti_high,ghi
Knowles,183.0,8.0,500.25,2025-11-19 00:00:30+00:00,0.0,0.0,0.0,0.0
Knowles,183.0,8.0,500.25,2025-11-19 00:15:30+00:00,0.0,0.0,0.0,0.0
Knowles,183.0,8.0,500.25,2025-11-19 00:30:30+00:00,0.0,0.0,0.0,0.0
Knowles,183.0,8.0,500.25,2025-11-19 00:45:30+00:00,0.0,0.0,0.0,0.0
Knowles,183.0,8.0,500.25,2025-11-19 01:00:30+00:00,0.0,0.0,0.0,0.0
Knowles,183.0,8.0,500.25,2025-11-19 01:15:30+00:00,0.0,0.0,0.0,0.0
Knowles,183.0,8.0,500.25,2025-11-19 01:30:30+00:00,0.0,0.0,0.0,0.0
Knowles,183.0,8.0,500.25,2025-11-19 01:45:30+00:00,0.0,0.0,0.0,0.0
Knowles,183.0,8.0,500.25,2025-11-19 02:00:30+00:00,0.0,0.0,0.0,0.0
Knowles,183.0,8.0,500.25,2025-11-19 02:15:30+00:00,0.0,0.0,0.0,0.0
Knowles,183.0,8.0,500.25,2025-11-19 02:30:30+00:00,0.0,0.0,0.0,0.0
Knowles,183.0,8.0,500.25,2025-11-19 02:45:30+00:00,0.0,0.0,0.0,0.0
Knowles,183.0,8.0,500.25,2025-11-19 03:00:30+00:00,0.0,0.0,0.0,0.0
Knowles,183.0,8.0,500.25,2025-11-19 03:15:30+00:00,0.0,0.0,0.0,0.0
Knowles,183.0,8.0,500.25,2025-11-19 03:30:30+00:00,0.0,0.0,0.0,0.0
Knowles,183.0,8.0,500.25,2025-11-19 03:45:30+00:00,0.0,0.0,0.0,0.0
name,azimuth,slope,array_capacity,time,gti,gti_low,gti_high,ghi
Merry Hill,180.0,10.0,92.25,2025-11-01 00:00:30+00:00,0.0,0.0,0.0,0.0
Merry Hill,180.0,10.0,92.25,2025-11-01 00:15:30+00:00,0.0,0.0,0.0,0.0
Merry Hill,180.0,10.0,92.25,2025-11-01 00:30:30+00:00,0.0,0.0,0.0,0.0
Merry Hill,180.0,10.0,92.25,2025-11-01 00:45:30+00:00,0.0,0.0,0.0,0.0
Merry Hill,180.0,10.0,92.25,2025-11-01 01:00:30+00:00,0.0,0.0,0.0,0.0
Merry Hill,180.0,10.0,92.25,2025-11-01 01:15:30+00:00,0.0,0.0,0.0,0.0
Merry Hill,180.0,10.0,92.25,2025-11-01 01:30:30+00:00,0.0,0.0,0.0,0.0
Merry Hill,180.0,10.0,92.25,2025-11-01 01:45:30+00:00,0.0,0.0,0.0,0.0
Merry Hill,180.0,10.0,92.25,2025-11-01 02:00:30+00:00,0.0,0.0,0.0,0.0
Merry Hill,180.0,10.0,92.25,2025-11-01 02:15:30+00:00,0.0,0.0,0.0,0.0
Merry Hill,180.0,10.0,92.25,2025-11-01 02:30:30+00:00,0.0,0.0,0.0,0.0
Merry Hill,180.0,10.0,92.25,2025-11-01 02:45:30+00:00,0.0,0.0,0.0,0.0
Merry Hill,180.0,10.0,92.25,2025-11-01 03:00:30+00:00,0.0,0.0,0.0,0.0
Merry Hill,180.0,10.0,92.25,2025-11-01 03:15:30+00:00,0.0,0.0,0.0,0.0
Merry Hill,180.0,10.0,92.25,2025-11-01 03:30:30+00:00,0.0,0.0,0.0,0.0
Merry Hill,180.0,10.0,92.25,2025-11-01 03:45:30+00:00,0.0,0.0,0.0,0.0
name,azimuth,slope,array_capacity,time,gti,gti_low,gti_high,ghi
Metro Centre,286.0,10.0,369.765,2025-11-01 00:00:30+00:00,0.0,0.0,0.0,0.0
Metro Centre,286.0,10.0,369.765,2025-11-01 00:15:30+00:00,0.0,0.0,0.0,0.0
Metro Centre,286.0,10.0,369.765,2025-11-01 00:30:30+00:00,0.0,0.0,0.0,0.0
Metro Centre,286.0,10.0,369.765,2025-11-01 00:45:30+00:00,0.0,0.0,0.0,0.0
Metro Centre,286.0,10.0,369.765,2025-11-01 01:00:30+00:00,0.0,0.0,0.0,0.0
Metro Centre,286.0,10.0,369.765,2025-11-01 01:15:30+00:00,0.0,0.0,0.0,0.0
Metro Centre,286.0,10.0,369.765,2025-11-01 01:30:30+00:00,0.0,0.0,0.0,0.0
Metro Centre,286.0,10.0,369.765,2025-11-01 01:45:30+00:00,0.0,0.0,0.0,0.0
Metro Centre,286.0,10.0,369.765,2025-11-01 02:00:30+00:00,0.0,0.0,0.0,0.0
Metro Centre,286.0,10.0,369.765,2025-11-01 02:15:30+00:00,0.0,0.0,0.0,0.0
Metro Centre,286.0,10.0,369.765,2025-11-01 02:30:30+00:00,0.0,0.0,0.0,0.0
Metro Centre,286.0,10.0,369.765,2025-11-01 02:45:30+00:00,0.0,0.0,0.0,0.0
Metro Centre,286.0,10.0,369.765,2025-11-01 03:00:30+00:00,0.0,0.0,0.0,0.0
Metro Centre,286.0,10.0,369.765,2025-11-01 03:15:30+00:00,0.0,0.0,0.0,0.0
Metro Centre,286.0,10.0,369.765,2025-11-01 03:30:30+00:00,0.0,0.0,0.0,0.0
Metro Centre,286.0,10.0,369.765,2025-11-01 03:45:30+00:00,0.0,0.0,0.0,0.0
name,azimuth,slope,array_capacity,time,gti,gti_low,gti_high,ghi
Oasis - Bank Leaze,202.0,10.0,49.68,2025-11-01 00:00:30+00:00,0.0,0.0,0.0,0.0
Oasis - Bank Leaze,202.0,10.0,49.68,2025-11-01 00:15:30+00:00,0.0,0.0,0.0,0.0
Oasis - Bank Leaze,202.0,10.0,49.68,2025-11-01 00:30:30+00:00,0.0,0.0,0.0,0.0
Oasis - Bank Leaze,202.0,10.0,49.68,2025-11-01 00:45:30+00:00,0.0,0.0,0.0,0.0
Oasis - Bank Leaze,202.0,10.0,49.68,2025-11-01 01:00:30+00:00,0.0,0.0,0.0,0.0
Oasis - Bank Leaze,202.0,10.0,49.68,2025-11-01 01:15:30+00:00,0.0,0.0,0.0,0.0
Oasis - Bank Leaze,202.0,10.0,49.68,2025-11-01 01:30:30+00:00,0.0,0.0,0.0,0.0
Oasis - Bank Leaze,202.0,10.0,49.68,2025-11-01 01:45:30+00:00,0.0,0.0,0.0,0.0
Oasis - Bank Leaze,202.0,10.0,49.68,2025-11-01 02:00:30+00:00,0.0,0.0,0.0,0.0
Oasis - Bank Leaze,202.0,10.0,49.68,2025-11-01 02:15:30+00:00,0.0,0.0,0.0,0.0
Oasis - Bank Leaze,202.0,10.0,49.68,2025-11-01 02:30:30+00:00,0.0,0.0,0.0,0.0
Oasis - Bank Leaze,202.0,10.0,49.68,2025-11-01 02:45:30+00:00,0.0,0.0,0.0,0.0
Oasis - Bank Leaze,202.0,10.0,49.68,2025-11-01 03:00:30+00:00,0.0,0.0,0.0,0.0
Oasis - Bank Leaze,202.0,10.0,49.68,2025-11-01 03:15:30+00:00,0.0,0.0,0.0,0.0
Oasis - Bank Leaze,202.0,10.0,49.68,2025-11-01 03:30:30+00:00,0.0,0.0,0.0,0.0
Oasis - Bank Leaze,202.0,10.0,49.68,2025-11-01 03:45:30+00:00,0.0,0.0,0.0,0.0
name,azimuth,slope,array_capacity,time,gti,gti_low,gti_high,ghi
Oasis - Connaught,173.0,25.0,35.64,2025-11-01 00:00:30+00:00,0.0,0.0,0.0,0.0
Oasis - Connaught,173.0,25.0,35.64,2025-11-01 00:15:30+00:00,0.0,0.0,0.0,0.0
Oasis - Connaught,173.0,25.0,35.64,2025-11-01 00:30:30+00:00,0.0,0.0,0.0,0.0
Oasis - Connaught,173.0,25.0,35.64,2025-11-01 00:45:30+00:00,0.0,0.0,0.0,0.0
Oasis - Connaught,173.0,25.0,35.64,2025-11-01 01:00:30+00:00,0.0,0.0,0.0,0.0
Oasis - Connaught,173.0,25.0,35.64,2025-11-01 01:15:30+00:00,0.0,0.0,0.0,0.0
Oasis - Connaught,173.0,25.0,35.64,2025-11-01 01:30:30+00:00,0.0,0.0,0.0,0.0
Oasis - Connaught,173.0,25.0,35.64,2025-11-01 01:45:30+00:00,0.0,0.0,0.0,0.0
Oasis - Connaught,173.0,25.0,35.64,2025-11-01 02:00:30+00:00,0.0,0.0,0.0,0.0
Oasis - Connaught,173.0,25.0,35.64,2025-11-01 02:15:30+00:00,0.0,0.0,0.0,0.0
Oasis - Connaught,173.0,25.0,35.64,2025-11-01 02:30:30+00:00,0.0,0.0,0.0,0.0
Oasis - Connaught,173.0,25.0,35.64,2025-11-01 02:45:30+00:00,0.0,0.0,0.0,0.0
Oasis - Connaught,173.0,25.0,35.64,2025-11-01 03:00:30+00:00,0.0,0.0,0.0,0.0
Oasis - Connaught,173.0,25.0,35.64,2025-11-01 03:15:30+00:00,0.0,0.0,0.0,0.0
Oasis - Connaught,173.0,25.0,35.64,2025-11-01 03:30:30+00:00,0.0,0.0,0.0,0.0
Oasis - Connaught,173.0,25.0,35.64,2025-11-01 03:45:30+00:00,0.0,0.0,0.0,0.0
name,azimuth,slope,array_capacity,time,gti,gti_low,gti_high,ghi
Oasis - Henderson Avenue,167.0,10.0,75.06,2025-11-01 00:00:30+00:00,0.0,0.0,0.0,0.0
Oasis - Henderson Avenue,167.0,10.0,75.06,2025-11-01 00:15:30+00:00,0.0,0.0,0.0,0.0
Oasis - Henderson Avenue,167.0,10.0,75.06,2025-11-01 00:30:30+00:00,0.0,0.0,0.0,0.0
Oasis - Henderson Avenue,167.0,10.0,75.06,2025-11-01 00:45:30+00:00,0.0,0.0,0.0,0.0
Oasis - Henderson Avenue,167.0,10.0,75.06,2025-11-01 01:00:30+00:00,0.0,0.0,0.0,0.0
Oasis - Henderson Avenue,167.0,10.0,75.06,2025-11-01 01:15:30+00:00,0.0,0.0,0.0,0.0
Oasis - Henderson Avenue,167.0,10.0,75.06,2025-11-01 01:30:30+00:00,0.0,0.0,0.0,0.0
Oasis - Henderson Avenue,167.0,10.0,75.06,2025-11-01 01:45:30+00:00,0.0,0.0,0.0,0.0
Oasis - Henderson Avenue,167.0,10.0,75.06,2025-11-01 02:00:30+00:00,0.0,0.0,0.0,0.0
Oasis - Henderson Avenue,167.0,10.0,75.06,2025-11-01 02:15:30+00:00,0.0,0.0,0.0,0.0
Oasis - Henderson Avenue,167.0,10.0,75.06,2025-11-01 02:30:30+00:00,0.0,0.0,0.0,0.0
Oasis - Henderson Avenue,167.0,10.0,75.06,2025-11-01 02:45:30+00:00,0.0,0.0,0.0,0.0
Oasis - Henderson Avenue,167.0,10.0,75.06,2025-11-01 03:00:30+00:00,0.0,0.0,0.0,0.0
Oasis - Henderson Avenue,167.0,10.0,75.06,2025-11-01 03:15:30+00:00,0.0,0.0,0.0,0.0
Oasis - Henderson Avenue,167.0,10.0,75.06,2025-11-01 03:30:30+00:00,0.0,0.0,0.0,0.0
Oasis - Henderson Avenue,167.0,10.0,75.06,2025-11-01 03:45:30+00:00,0.0,0.0,0.0,0.0
name,azimuth,slope,array_capacity,time,gti,gti_low,gti_high,ghi
Oasis - Immingham,333.0,5.0,63.0,2025-11-01 00:00:30+00:00,0.0,0.0,0.0,0.0
Oasis - Immingham,333.0,5.0,63.0,2025-11-01 00:15:30+00:00,0.0,0.0,0.0,0.0
Oasis - Immingham,333.0,5.0,63.0,2025-11-01 00:30:30+00:00,0.0,0.0,0.0,0.0
Oasis - Immingham,333.0,5.0,63.0,2025-11-01 00:45:30+00:00,0.0,0.0,0.0,0.0
Oasis - Immingham,333.0,5.0,63.0,2025-11-01 01:00:30+00:00,0.0,0.0,0.0,0.0
Oasis - Immingham,333.0,5.0,63.0,2025-11-01 01:15:30+00:00,0.0,0.0,0.0,0.0
Oasis - Immingham,333.0,5.0,63.0,2025-11-01 01:30:30+00:00,0.0,0.0,0.0,0.0
Oasis - Immingham,333.0,5.0,63.0,2025-11-01 01:45:30+00:00,0.0,0.0,0.0,0.0
Oasis - Immingham,333.0,5.0,63.0,2025-11-01 02:00:30+00:00,0.0,0.0,0.0,0.0
Oasis - Immingham,333.0,5.0,63.0,2025-11-01 02:15:30+00:00,0.0,0.0,0.0,0.0
Oasis - Immingham,333.0,5.0,63.0,2025-11-01 02:30:30+00:00,0.0,0.0,0.0,0.0
Oasis - Immingham,333.0,5.0,63.0,2025-11-01 02:45:30+00:00,0.0,0.0,0.0,0.0
Oasis - Immingham,333.0,5.0,63.0,2025-11-01 03:00:30+00:00,0.0,0.0,0.0,0.0
Oasis - Immingham,333.0,5.0,63.0,2025-11-01 03:15:30+00:00,0.0,0.0,0.0,0.0
Oasis - Immingham,333.0,5.0,63.0,2025-11-01 03:30:30+00:00,0.0,0.0,0.0,0.0
Oasis - Immingham,333.0,5.0,63.0,2025-11-01 03:45:30+00:00,0.0,0.0,0.0,0.0
name,azimuth,slope,array_capacity,time,gti,gti_low,gti_high,ghi
Oasis - Isle of Sheppey East,185.0,15.0,99.36,2025-11-01 00:00:30+00:00,0.0,0.0,0.0,0.0
Oasis - Isle of Sheppey East,185.0,15.0,99.36,2025-11-01 00:15:30+00:00,0.0,0.0,0.0,0.0
Oasis - Isle of Sheppey East,185.0,15.0,99.36,2025-11-01 00:30:30+00:00,0.0,0.0,0.0,0.0
Oasis - Isle of Sheppey East,185.0,15.0,99.36,2025-11-01 00:45:30+00:00,0.0,0.0,0.0,0.0
Oasis - Isle of Sheppey East,185.0,15.0,99.36,2025-11-01 01:00:30+00:00,0.0,0.0,0.0,0.0
Oasis - Isle of Sheppey East,185.0,15.0,99.36,2025-11-01 01:15:30+00:00,0.0,0.0,0.0,0.0
Oasis - Isle of Sheppey East,185.0,15.0,99.36,2025-11-01 01:30:30+00:00,0.0,0.0,0.0,0.0
Oasis - Isle of Sheppey East,185.0,15.0,99.36,2025-11-01 01:45:30+00:00,0.0,0.0,0.0,0.0
Oasis - Isle of Sheppey East,185.0,15.0,99.36,2025-11-01 02:00:30+00:00,0.0,0.0,0.0,0.0
Oasis - Isle of Sheppey East,185.0,15.0,99.36,2025-11-01 02:15:30+00:00,0.0,0.0,0.0,0.0
Oasis - Isle of Sheppey East,185.0,15.0,99.36,2025-11-01 02:30:30+00:00,0.0,0.0,0.0,0.0
Oasis - Isle of Sheppey East,185.0,15.0,99.36,2025-11-01 02:45:30+00:00,0.0,0.0,0.0,0.0
Oasis - Isle of Sheppey East,185.0,15.0,99.36,2025-11-01 03:00:30+00:00,0.0,0.0,0.0,0.0
Oasis - Isle of Sheppey East,185.0,15.0,99.36,2025-11-01 03:15:30+00:00,0.0,0.0,0.0,0.0
Oasis - Isle of Sheppey East,185.0,15.0,99.36,2025-11-01 03:30:30+00:00,0.0,0.0,0.0,0.0
Oasis - Isle of Sheppey East,185.0,15.0,99.36,2025-11-01 03:45:30+00:00,0.0,0.0,0.0,0.0
name,azimuth,slope,array_capacity,time,gti,gti_low,gti_high,ghi
Oasis - Isle of Sheppey West,182.0,10.0,37.26,2025-11-01 00:00:30+00:00,0.0,0.0,0.0,0.0
Oasis - Isle of Sheppey West,182.0,10.0,37.26,2025-11-01 00:15:30+00:00,0.0,0.0,0.0,0.0
Oasis - Isle of Sheppey West,182.0,10.0,37.26,2025-11-01 00:30:30+00:00,0.0,0.0,0.0,0.0
Oasis - Isle of Sheppey West,182.0,10.0,37.26,2025-11-01 00:45:30+00:00,0.0,0.0,0.0,0.0
Oasis - Isle of Sheppey West,182.0,10.0,37.26,2025-11-01 01:00:30+00:00,0.0,0.0,0.0,0.0
Oasis - Isle of Sheppey West,182.0,10.0,37.26,2025-11-01 01:15:30+00:00,0.0,0.0,0.0,0.0
Oasis - Isle of Sheppey West,182.0,10.0,37.26,2025-11-01 01:30:30+00:00,0.0,0.0,0.0,0.0
Oasis - Isle of Sheppey West,182.0,10.0,37.26,2025-11-01 01:45:30+00:00,0.0,0.0,0.0,0.0
Oasis - Isle of Sheppey West,182.0,10.0,37.26,2025-11-01 02:00:30+00:00,0.0,0.0,0.0,0.0
Oasis - Isle of Sheppey West,182.0,10.0,37.26,2025-11-01 02:15:30+00:00,0.0,0.0,0.0,0.0
Oasis - Isle of Sheppey West,182.0,10.0,37.26,2025-11-01 02:30:30+00:00,0.0,0.0,0.0,0.0
Oasis - Isle of Sheppey West,182.0,10.0,37.26,2025-11-01 02:45:30+00:00,0.0,0.0,0.0,0.0
Oasis - Isle of Sheppey West,182.0,10.0,37.26,2025-11-01 03:00:30+00:00,0.0,0.0,0.0,0.0
Oasis - Isle of Sheppey West,182.0,10.0,37.26,2025-11-01 03:15:30+00:00,0.0,0.0,0.0,0.0
Oasis - Isle of Sheppey West,182.0,10.0,37.26,2025-11-01 03:30:30+00:00,0.0,0.0,0.0,0.0
Oasis - Isle of Sheppey West,182.0,10.0,37.26,2025-11-01 03:45:30+00:00,0.0,0.0,0.0,0.0
name,azimuth,slope,array_capacity,time,gti,gti_low,gti_high,ghi
Oasis - John Williams,279.0,2.0,49.53,2025-11-01 00:00:30+00:00,0.0,0.0,0.0,0.0
Oasis - John Williams,279.0,2.0,49.53,2025-11-01 00:15:30+00:00,0.0,0.0,0.0,0.0
Oasis - John Williams,279.0,2.0,49.53,2025-11-01 00:30:30+00:00,0.0,0.0,0.0,0.0
Oasis - John Williams,279.0,2.0,49.53,2025-11-01 00:45:30+00:00,0.0,0.0,0.0,0.0
Oasis - John Williams,279.0,2.0,49.53,2025-11-01 01:00:30+00:00,0.0,0.0,0.0,0.0
Oasis - John Williams,279.0,2.0,49.53,2025-11-01 01:15:30+00:00,0.0,0.0,0.0,0.0
Oasis - John Williams,279.0,2.0,49.53,2025-11-01 01:30:30+00:00,0.0,0.0,0.0,0.0
Oasis - John Williams,279.0,2.0,49.53,2025-11-01 01:45:30+00:00,0.0,0.0,0.0,0.0
Oasis - John Williams,279.0,2.0,49.53,2025-11-01 02:00:30+00:00,0.0,0.0,0.0,0.0
Oasis - John Williams,279.0,2.0,49.53,2025-11-01 02:15:30+00:00,0.0,0.0,0.0,0.0
Oasis - John Williams,279.0,2.0,49.53,2025-11-01 02:30:30+00:00,0.0,0.0,0.0,0.0
Oasis - John Williams,279.0,2.0,49.53,2025-11-01 02:45:30+00:00,0.0,0.0,0.0,0.0
Oasis - John Williams,279.0,2.0,49.53,2025-11-01 03:00:30+00:00,0.0,0.0,0.0,0.0
Oasis - John Williams,279.0,2.0,49.53,2025-11-01 03:15:30+00:00,0.0,0.0,0.0,0.0
Oasis - John Williams,279.0,2.0,49.53,2025-11-01 03:30:30+00:00,0.0,0.0,0.0,0.0
Oasis - John Williams,279.0,2.0,49.53,2025-11-01 03:45:30+00:00,0.0,0.0,0.0,0.0
name,azimuth,slope,array_capacity,time,gti,gti_low,gti_high,ghi
Oasis - Lister Park,243.0,5.0,18.63,2025-11-01 00:00:30+00:00,0.0,0.0,0.0,0.0
Oasis - Lister Park,243.0,5.0,18.63,2025-11-01 00:15:30+00:00,0.0,0.0,0.0,0.0
Oasis - Lister Park,243.0,5.0,18.63,2025-11-01 00:30:30+00:00,0.0,0.0,0.0,0.0
Oasis - Lister Park,243.0,5.0,18.63,2025-11-01 00:45:30+00:00,0.0,0.0,0.0,0.0
Oasis - Lister Park,243.0,5.0,18.63,2025-11-01 01:00:30+00:00,0.0,0.0,0.0,0.0
Oasis - Lister Park,243.0,5.0,18.63,2025-11-01 01:15:30+00:00,0.0,0.0,0.0,0.0
Oasis - Lister Park,243.0,5.0,18.63,2025-11-01 01:30:30+00:00,0.0,0.0,0.0,0.0
Oasis - Lister Park,243.0,5.0,18.63,2025-11-01 01:45:30+00:00,0.0,0.0,0.0,0.0
Oasis - Lister Park,243.0,5.0,18.63,2025-11-01 02:00:30+00:00,0.0,0.0,0.0,0.0
Oasis - Lister Park,243.0,5.0,18.63,2025-11-01 02:15:30+00:00,0.0,0.0,0.0,0.0
Oasis - Lister Park,243.0,5.0,18.63,2025-11-01 02:30:30+00:00,0.0,0.0,0.0,0.0
Oasis - Lister Park,243.0,5.0,18.63,2025-11-01 02:45:30+00:00,0.0,0.0,0.0,0.0
Oasis - Lister Park,243.0,5.0,18.63,2025-11-01 03:00:30+00:00,0.0,0.0,0.0,0.0
Oasis - Lister Park,243.0,5.0,18.63,2025-11-01 03:15:30+00:00,0.0,0.0,0.0,0.0
Oasis - Lister Park,243.0,5.0,18.63,2025-11-01 03:30:30+00:00,0.0,0.0,0.0,0.0
Oasis - Lister Park,243.0,5.0,18.63,2025-11-01 03:45:30+00:00,0.0,0.0,0.0,0.0
name,azimuth,slope,array_capacity,time,gti,gti_low,gti_high,ghi
Oasis - Media City,172.0,10.0,61.94,2025-11-01 00:00:30+00:00,0.0,0.0,0.0,0.0
Oasis - Media City,172.0,10.0,61.94,2025-11-01 00:15:30+00:00,0.0,0.0,0.0,0.0
Oasis - Media City,172.0,10.0,61.94,2025-11-01 00:30:30+00:00,0.0,0.0,0.0,0.0
Oasis - Media City,172.0,10.0,61.94,2025-11-01 00:45:30+00:00,0.0,0.0,0.0,0.0
Oasis - Media City,172.0,10.0,61.94,2025-11-01 01:00:30+00:00,0.0,0.0,0.0,0.0
Oasis - Media City,172.0,10.0,61.94,2025-11-01 01:15:30+00:00,0.0,0.0,0.0,0.0
Oasis - Media City,172.0,10.0,61.94,2025-11-01 01:30:30+00:00,0.0,0.0,0.0,0.0
Oasis - Media City,172.0,10.0,61.94,2025-11-01 01:45:30+00:00,0.0,0.0,0.0,0.0
Oasis - Media City,172.0,10.0,61.94,2025-11-01 02:00:30+00:00,0.0,0.0,0.0,0.0
Oasis - Media City,172.0,10.0,61.94,2025-11-01 02:15:30+00:00,0.0,0.0,0.0,0.0
Oasis - Media City,172.0,10.0,61.94,2025-11-01 02:30:30+00:00,0.0,0.0,0.0,0.0
Oasis - Media City,172.0,10.0,61.94,2025-11-01 02:45:30+00:00,0.0,0.0,0.0,0.0
Oasis - Media City,172.0,10.0,61.94,2025-11-01 03:00:30+00:00,0.0,0.0,0.0,0.0
Oasis - Media City,172.0,10.0,61.94,2025-11-01 03:15:30+00:00,0.0,0.0,0.0,0.0
Oasis - Media City,172.0,10.0,61.94,2025-11-01 03:30:30+00:00,0.0,0.0,0.0,0.0
Oasis - Media City,172.0,10.0,61.94,2025-11-01 03:45:30+00:00,0.0,0.0,0.0,0.0
name,azimuth,slope,array_capacity,time,gti,gti_low,gti_high,ghi
Oasis - New Oak,139.0,15.0,32.4,2025-11-01 00:00:30+00:00,0.0,0.0,0.0,0.0
Oasis - New Oak,139.0,15.0,32.4,2025-11-01 00:15:30+00:00,0.0,0.0,0.0,0.0
Oasis - New Oak,139.0,15.0,32.4,2025-11-01 00:30:30+00:00,0.0,0.0,0.0,0.0
Oasis - New Oak,139.0,15.0,32.4,2025-11-01 00:45:30+00:00,0.0,0.0,0.0,0.0
Oasis - New Oak,139.0,15.0,32.4,2025-11-01 01:00:30+00:00,0.0,0.0,0.0,0.0
Oasis - New Oak,139.0,15.0,32.4,2025-11-01 01:15:30+00:00,0.0,0.0,0.0,0.0
Oasis - New Oak,139.0,15.0,32.4,2025-11-01 01:30:30+00:00,0.0,0.0,0.0,0.0
Oasis - New Oak,139.0,15.0,32.4,2025-11-01 01:45:30+00:00,0.0,0.0,0.0,0.0
Oasis - New Oak,139.0,15.0,32.4,2025-11-01 02:00:30+00:00,0.0,0.0,0.0,0.0
Oasis - New Oak,139.0,15.0,32.4,2025-11-01 02:15:30+00:00,0.0,0.0,0.0,0.0
Oasis - New Oak,139.0,15.0,32.4,2025-11-01 02:30:30+00:00,0.0,0.0,0.0,0.0
Oasis - New Oak,139.0,15.0,32.4,2025-11-01 02:45:30+00:00,0.0,0.0,0.0,0.0
Oasis - New Oak,139.0,15.0,32.4,2025-11-01 03:00:30+00:00,0.0,0.0,0.0,0.0
Oasis - New Oak,139.0,15.0,32.4,2025-11-01 03:15:30+00:00,0.0,0.0,0.0,0.0
Oasis - New Oak,139.0,15.0,32.4,2025-11-01 03:30:30+00:00,0.0,0.0,0.0,0.0
Oasis - New Oak,139.0,15.0,32.4,2025-11-01 03:45:30+00:00,0.0,0.0,0.0,0.0
name,azimuth,slope,array_capacity,time,gti,gti_low,gti_high,ghi
Oasis - Parkwood,180.0,10.0,5.67,2025-11-01 00:00:30+00:00,0.0,0.0,0.0,0.0
Oasis - Parkwood,180.0,10.0,5.67,2025-11-01 00:15:30+00:00,0.0,0.0,0.0,0.0
Oasis - Parkwood,180.0,10.0,5.67,2025-11-01 00:30:30+00:00,0.0,0.0,0.0,0.0
Oasis - Parkwood,180.0,10.0,5.67,2025-11-01 00:45:30+00:00,0.0,0.0,0.0,0.0
Oasis - Parkwood,180.0,10.0,5.67,2025-11-01 01:00:30+00:00,0.0,0.0,0.0,0.0
Oasis - Parkwood,180.0,10.0,5.67,2025-11-01 01:15:30+00:00,0.0,0.0,0.0,0.0
Oasis - Parkwood,180.0,10.0,5.67,2025-11-01 01:30:30+00:00,0.0,0.0,0.0,0.0
Oasis - Parkwood,180.0,10.0,5.67,2025-11-01 01:45:30+00:00,0.0,0.0,0.0,0.0
Oasis - Parkwood,180.0,10.0,5.67,2025-11-01 02:00:30+00:00,0.0,0.0,0.0,0.0
Oasis - Parkwood,180.0,10.0,5.67,2025-11-01 02:15:30+00:00,0.0,0.0,0.0,0.0
Oasis - Parkwood,180.0,10.0,5.67,2025-11-01 02:30:30+00:00,0.0,0.0,0.0,0.0
Oasis - Parkwood,180.0,10.0,5.67,2025-11-01 02:45:30+00:00,0.0,0.0,0.0,0.0
Oasis - Parkwood,180.0,10.0,5.67,2025-11-01 03:00:30+00:00,0.0,0.0,0.0,0.0
Oasis - Parkwood,180.0,10.0,5.67,2025-11-01 03:15:30+00:00,0.0,0.0,0.0,0.0
Oasis - Parkwood,180.0,10.0,5.67,2025-11-01 03:30:30+00:00,0.0,0.0,0.0,0.0
Oasis - Parkwood,180.0,10.0,5.67,2025-11-01 03:45:30+00:00,0.0,0.0,0.0,0.0
name,azimuth,slope,array_capacity,time,gti,gti_low,gti_high,ghi
Oasis - Pinewood,177.0,10.0,14.31,2025-11-01 00:00:30+00:00,0.0,0.0,0.0,0.0
Oasis - Pinewood,177.0,10.0,14.31,2025-11-01 00:15:30+00:00,0.0,0.0,0.0,0.0
Oasis - Pinewood,177.0,10.0,14.31,2025-11-01 00:30:30+00:00,0.0,0.0,0.0,0.0
Oasis - Pinewood,177.0,10.0,14.31,2025-11-01 00:45:30+00:00,0.0,0.0,0.0,0.0
Oasis - Pinewood,177.0,10.0,14.31,2025-11-01 01:00:30+00:00,0.0,0.0,0.0,0.0
Oasis - Pinewood,177.0,10.0,14.31,2025-11-01 01:15:30+00:00,0.0,0.0,0.0,0.0
Oasis - Pinewood,177.0,10.0,14.31,2025-11-01 01:30:30+00:00,0.0,0.0,0.0,0.0
Oasis - Pinewood,177.0,10.0,14.31,2025-11-01 01:45:30+00:00,0.0,0.0,0.0,0.0
Oasis - Pinewood,177.0,10.0,14.31,2025-11-01 02:00:30+00:00,0.0,0.0,0.0,0.0
Oasis - Pinewood,177.0,10.0,14.31,2025-11-01 02:15:30+00:00,0.0,0.0,0.0,0.0
Oasis - Pinewood,177.0,10.0,14.31,2025-11-01 02:30:30+00:00,0.0,0.0,0.0,0.0
Oasis - Pinewood,177.0,10.0,14.31,2025-11-01 02:45:30+00:00,0.0,0.0,0.0,0.0
Oasis - Pinewood,177.0,10.0,14.31,2025-11-01 03:00:30+00:00,0.0,0.0,0.0,0.0
Oasis - Pinewood,177.0,10.0,14.31,2025-11-01 03:15:30+00:00,0.0,0.0,0.0,0.0
Oasis - Pinewood,177.0,10.0,14.31,2025-11-01 03:30:30+00:00,0.0,0.0,0.0,0.0
Oasis - Pinewood,177.0,10.0,14.31,2025-11-01 03:45:30+00:00,0.0,0.0,0.0,0.0
name,azimuth,slope,array_capacity,time,gti,gti_low,gti_high,ghi
Oasis - Short Heath,189.0,10.0,26.46,2025-11-01 00:00:30+00:00,0.0,0.0,0.0,0.0
Oasis - Short Heath,189.0,10.0,26.46,2025-11-01 00:15:30+00:00,0.0,0.0,0.0,0.0
Oasis - Short Heath,189.0,10.0,26.46,2025-11-01 00:30:30+00:00,0.0,0.0,0.0,0.0
Oasis - Short Heath,189.0,10.0,26.46,2025-11-01 00:45:30+00:00,0.0,0.0,0.0,0.0
Oasis - Short Heath,189.0,10.0,26.46,2025-11-01 01:00:30+00:00,0.0,0.0,0.0,0.0
Oasis - Short Heath,189.0,10.0,26.46,2025-11-01 01:15:30+00:00,0.0,0.0,0.0,0.0
Oasis - Short Heath,189.0,10.0,26.46,2025-11-01 01:30:30+00:00,0.0,0.0,0.0,0.0
Oasis - Short Heath,189.0,10.0,26.46,2025-11-01 01:45:30+00:00,0.0,0.0,0.0,0.0
Oasis - Short Heath,189.0,10.0,26.46,2025-11-01 02:00:30+00:00,0.0,0.0,0.0,0.0
Oasis - Short Heath,189.0,10.0,26.46,2025-11-01 02:15:30+00:00,0.0,0.0,0.0,0.0
Oasis - Short Heath,189.0,10.0,26.46,2025-11-01 02:30:30+00:00,0.0,0.0,0.0,0.0
Oasis - Short Heath,189.0,10.0,26.46,2025-11-01 02:45:30+00:00,0.0,0.0,0.0,0.0
Oasis - Short Heath,189.0,10.0,26.46,2025-11-01 03:00:30+00:00,0.0,0.0,0.0,0.0
Oasis - Short Heath,189.0,10.0,26.46,2025-11-01 03:15:30+00:00,0.0,0.0,0.0,0.0
Oasis - Short Heath,189.0,10.0,26.46,2025-11-01 03:30:30+00:00,0.0,0.0,0.0,0.0
Oasis - Short Heath,189.0,10.0,26.46,2025-11-01 03:45:30+00:00,0.0,0.0,0.0,0.0
name,azimuth,slope,array_capacity,time,gti,gti_low,gti_high,ghi
Oasis - Wintringham,89.0,10.0,30.24,2025-11-01 00:00:30+00:00,0.0,0.0,0.0,0.0
Oasis - Wintringham,89.0,10.0,30.24,2025-11-01 00:15:30+00:00,0.0,0.0,0.0,0.0
Oasis - Wintringham,89.0,10.0,30.24,2025-11-01 00:30:30+00:00,0.0,0.0,0.0,0.0
Oasis - Wintringham,89.0,10.0,30.24,2025-11-01 00:45:30+00:00,0.0,0.0,0.0,0.0
Oasis - Wintringham,89.0,10.0,30.24,2025-11-01 01:00:30+00:00,0.0,0.0,0.0,0.0
Oasis - Wintringham,89.0,10.0,30.24,2025-11-01 01:15:30+00:00,0.0,0.0,0.0,0.0
Oasis - Wintringham,89.0,10.0,30.24,2025-11-01 01:30:30+00:00,0.0,0.0,0.0,0.0
Oasis - Wintringham,89.0,10.0,30.24,2025-11-01 01:45:30+00:00,0.0,0.0,0.0,0.0
Oasis - Wintringham,89.0,10.0,30.24,2025-11-01 02:00:30+00:00,0.0,0.0,0.0,0.0
Oasis - Wintringham,89.0,10.0,30.24,2025-11-01 02:15:30+00:00,0.0,0.0,0.0,0.0
Oasis - Wintringham,89.0,10.0,30.24,2025-11-01 02:30:30+00:00,0.0,0.0,0.0,0.0
Oasis - Wintringham,89.0,10.0,30.24,2025-11-01 02:45:30+00:00,0.0,0.0,0.0,0.0
Oasis - Wintringham,89.0,10.0,30.24,2025-11-01 03:00:30+00:00,0.0,0.0,0.0,0.0
Oasis - Wintringham,89.0,10.0,30.24,2025-11-01 03:15:30+00:00,0.0,0.0,0.0,0.0
Oasis - Wintringham,89.0,10.0,30.24,2025-11-01 03:30:30+00:00,0.0,0.0,0.0,0.0
Oasis - Wintringham,89.0,10.0,30.24,2025-11-01 03:45:30+00:00,0.0,0.0,0.0,0.0
name,azimuth,slope,array_capacity,time,gti,gti_low,gti_high,ghi
Panorama Kitchens,315.0,7.2,29.5,2025-11-18 00:00:30+00:00,0.0,0.0,0.0,0.0
Panorama Kitchens,315.0,7.2,29.5,2025-11-18 00:15:30+00:00,0.0,0.0,0.0,0.0
Panorama Kitchens,315.0,7.2,29.5,2025-11-18 00:30:30+00:00,0.0,0.0,0.0,0.0
Panorama Kitchens,315.0,7.2,29.5,2025-11-18 00:45:30+00:00,0.0,0.0,0.0,0.0
Panorama Kitchens,315.0,7.2,29.5,2025-11-18 01:00:30+00:00,0.0,0.0,0.0,0.0
Panorama Kitchens,315.0,7.2,29.5,2025-11-18 01:15:30+00:00,0.0,0.0,0.0,0.0
Panorama Kitchens,315.0,7.2,29.5,2025-11-18 01:30:30+00:00,0.0,0.0,0.0,0.0
Panorama Kitchens,315.0,7.2,29.5,2025-11-18 01:45:30+00:00,0.0,0.0,0.0,0.0
Panorama Kitchens,315.0,7.2,29.5,2025-11-18 02:00:30+00:00,0.0,0.0,0.0,0.0
Panorama Kitchens,315.0,7.2,29.5,2025-11-18 02:15:30+00:00,0.0,0.0,0.0,0.0
Panorama Kitchens,315.0,7.2,29.5,2025-11-18 02:30:30+00:00,0.0,0.0,0.0,0.0
Panorama Kitchens,315.0,7.2,29.5,2025-11-18 02:45:30+00:00,0.0,0.0,0.0,0.0
Panorama Kitchens,315.0,7.2,29.5,2025-11-18 03:00:30+00:00,0.0,0.0,0.0,0.0
Panorama Kitchens,315.0,7.2,29.5,2025-11-18 03:15:30+00:00,0.0,0.0,0.0,0.0
Panorama Kitchens,315.0,7.2,29.5,2025-11-18 03:30:30+00:00,0.0,0.0,0.0,0.0
Panorama Kitchens,315.0,7.2,29.5,2025-11-18 03:45:30+00:00,0.0,0.0,0.0,0.0
name,azimuth,slope,array_capacity,time,gti,gti_low,gti_high,ghi
Parfetts - Birmingham,134.0,6.0,139.92,2025-11-01 00:00:30+00:00,0.0,0.0,0.0,0.0
Parfetts - Birmingham,134.0,6.0,139.92,2025-11-01 00:15:30+00:00,0.0,0.0,0.0,0.0
Parfetts - Birmingham,134.0,6.0,139.92,2025-11-01 00:30:30+00:00,0.0,0.0,0.0,0.0
Parfetts - Birmingham,134.0,6.0,139.92,2025-11-01 00:45:30+00:00,0.0,0.0,0.0,0.0
Parfetts - Birmingham,134.0,6.0,139.92,2025-11-01 01:00:30+00:00,0.0,0.0,0.0,0.0
Parfetts - Birmingham,134.0,6.0,139.92,2025-11-01 01:15:30+00:00,0.0,0.0,0.0,0.0
Parfetts - Birmingham,134.0,6.0,139.92,2025-11-01 01:30:30+00:00,0.0,0.0,0.0,0.0
Parfetts - Birmingham,134.0,6.0,139.92,2025-11-01 01:45:30+00:00,0.0,0.0,0.0,0.0
Parfetts - Birmingham,134.0,6.0,139.92,2025-11-01 02:00:30+00:00,0.0,0.0,0.0,0.0
Parfetts - Birmingham,134.0,6.0,139.92,2025-11-01 02:15:30+00:00,0.0,0.0,0.0,0.0
Parfetts - Birmingham,134.0,6.0,139.92,2025-11-01 02:30:30+00:00,0.0,0.0,0.0,0.0
Parfetts - Birmingham,134.0,6.0,139.92,2025-11-01 02:45:30+00:00,0.0,0.0,0.0,0.0
Parfetts - Birmingham,134.0,6.0,139.92,2025-11-01 03:00:30+00:00,0.0,0.0,0.0,0.0
Parfetts - Birmingham,134.0,6.0,139.92,2025-11-01 03:15:30+00:00,0.0,0.0,0.0,0.0
Parfetts - Birmingham,134.0,6.0,139.92,2025-11-01 03:30:30+00:00,0.0,0.0,0.0,0.0
Parfetts - Birmingham,134.0,6.0,139.92,2025-11-01 03:45:30+00:00,0.0,0.0,0.0,0.0
name,azimuth,slope,array_capacity,time,gti,gti_low,gti_high,ghi
Park Hall Hotel,218.0,30.0,61.2,2025-11-18 00:00:30+00:00,0.0,0.0,0.0,0.0
Park Hall Hotel,218.0,30.0,61.2,2025-11-18 00:15:30+00:00,0.0,0.0,0.0,0.0
Park Hall Hotel,218.0,30.0,61.2,2025-11-18 00:30:30+00:00,0.0,0.0,0.0,0.0
Park Hall Hotel,218.0,30.0,61.2,2025-11-18 00:45:30+00:00,0.0,0.0,0.0,0.0
Park Hall Hotel,218.0,30.0,61.2,2025-11-18 01:00:30+00:00,0.0,0.0,0.0,0.0
Park Hall Hotel,218.0,30.0,61.2,2025-11-18 01:15:30+00:00,0.0,0.0,0.0,0.0
Park Hall Hotel,218.0,30.0,61.2,2025-11-18 01:30:30+00:00,0.0,0.0,0.0,0.0
Park Hall Hotel,218.0,30.0,61.2,2025-11-18 01:45:30+00:00,0.0,0.0,0.0,0.0
Park Hall Hotel,218.0,30.0,61.2,2025-11-18 02:00:30+00:00,0.0,0.0,0.0,0.0
Park Hall Hotel,218.0,30.0,61.2,2025-11-18 02:15:30+00:00,0.0,0.0,0.0,0.0
Park Hall Hotel,218.0,30.0,61.2,2025-11-18 02:30:30+00:00,0.0,0.0,0.0,0.0
Park Hall Hotel,218.0,30.0,61.2,2025-11-18 02:45:30+00:00,0.0,0.0,0.0,0.0
Park Hall Hotel,218.0,30.0,61.2,2025-11-18 03:00:30+00:00,0.0,0.0,0.0,0.0
Park Hall Hotel,218.0,30.0,61.2,2025-11-18 03:15:30+00:00,0.0,0.0,0.0,0.0
Park Hall Hotel,218.0,30.0,61.2,2025-11-18 03:30:30+00:00,0.0,0.0,0.0,0.0
Park Hall Hotel,218.0,30.0,61.2,2025-11-18 03:45:30+00:00,0.0,0.0,0.0,0.0
name,azimuth,slope,array_capacity,time,gti,gti_low,gti_high,ghi
Shawton Engineering,212.0,13.0,76.5,2025-11-19 00:00:30+00:00,0.0,0.0,0.0,0.0
Shawton Engineering,212.0,13.0,76.5,2025-11-19 00:15:30+00:00,0.0,0.0,0.0,0.0
Shawton Engineering,212.0,13.0,76.5,2025-11-19 00:30:30+00:00,0.0,0.0,0.0,0.0
Shawton Engineering,212.0,13.0,76.5,2025-11-19 00:45:30+00:00,0.0,0.0,0.0,0.0
Shawton Engineering,212.0,13.0,76.5,2025-11-19 01:00:30+00:00,0.0,0.0,0.0,0.0
Shawton Engineering,212.0,13.0,76.5,2025-11-19 01:15:30+00:00,0.0,0.0,0.0,0.0
Shawton Engineering,212.0,13.0,76.5,2025-11-19 01:30:30+00:00,0.0,0.0,0.0,0.0
Shawton Engineering,212.0,13.0,76.5,2025-11-19 01:45:30+00:00,0.0,0.0,0.0,0.0
Shawton Engineering,212.0,13.0,76.5,2025-11-19 02:00:30+00:00,0.0,0.0,0.0,0.0
Shawton Engineering,212.0,13.0,76.5,2025-11-19 02:15:30+00:00,0.0,0.0,0.0,0.0
Shawton Engineering,212.0,13.0,76.5,2025-11-19 02:30:30+00:00,0.0,0.0,0.0,0.0
Shawton Engineering,212.0,13.0,76.5,2025-11-19 02:45:30+00:00,0.0,0.0,0.0,0.0
Shawton Engineering,212.0,13.0,76.5,2025-11-19 03:00:30+00:00,0.0,0.0,0.0,0.0
Shawton Engineering,212.0,13.0,76.5,2025-11-19 03:15:30+00:00,0.0,0.0,0.0,0.0
Shawton Engineering,212.0,13.0,76.5,2025-11-19 03:30:30+00:00,0.0,0.0,0.0,0.0
Shawton Engineering,212.0,13.0,76.5,2025-11-19 03:45:30+00:00,0.0,0.0,0.0,0.0
name,azimuth,slope,array_capacity,time,gti,gti_low,gti_high,ghi
Sheldons Bakery,276.0,6.0,117.9,2025-11-01 00:00:30+00:00,0.0,0.0,0.0,0.0
Sheldons Bakery,276.0,6.0,117.9,2025-11-01 00:15:30+00:00,0.0,0.0,0.0,0.0
Sheldons Bakery,276.0,6.0,117.9,2025-11-01 00:30:30+00:00,0.0,0.0,0.0,0.0
Sheldons Bakery,276.0,6.0,117.9,2025-11-01 00:45:30+00:00,0.0,0.0,0.0,0.0
Sheldons Bakery,276.0,6.0,117.9,2025-11-01 01:00:30+00:00,0.0,0.0,0.0,0.0
Sheldons Bakery,276.0,6.0,117.9,2025-11-01 01:15:30+00:00,0.0,0.0,0.0,0.0
Sheldons Bakery,276.0,6.0,117.9,2025-11-01 01:30:30+00:00,0.0,0.0,0.0,0.0
Sheldons Bakery,276.0,6.0,117.9,2025-11-01 01:45:30+00:00,0.0,0.0,0.0,0.0
Sheldons Bakery,276.0,6.0,117.9,2025-11-01 02:00:30+00:00,0.0,0.0,0.0,0.0
Sheldons Bakery,276.0,6.0,117.9,2025-11-01 02:15:30+00:00,0.0,0.0,0.0,0.0
Sheldons Bakery,276.0,6.0,117.9,2025-11-01 02:30:30+00:00,0.0,0.0,0.0,0.0
Sheldons Bakery,276.0,6.0,117.9,2025-11-01 02:45:30+00:00,0.0,0.0,0.0,0.0
Sheldons Bakery,276.0,6.0,117.9,2025-11-01 03:00:30+00:00,0.0,0.0,0.0,0.0
Sheldons Bakery,276.0,6.0,117.9,2025-11-01 03:15:30+00:00,0.0,0.0,0.0,0.0
Sheldons Bakery,276.0,6.0,117.9,2025-11-01 03:30:30+00:00,0.0,0.0,0.0,0.0
Sheldons Bakery,276.0,6.0,117.9,2025-11-01 03:45:30+00:00,0.0,0.0,0.0,0.0
name,azimuth,slope,array_capacity,time,gti,gti_low,gti_high,ghi
Smithys Mushrooms,148.0,25.0,224.4,2025-11-01 00:00:30+00:00,0.0,0.0,0.0,0.0
Smithys Mushrooms,148.0,25.0,224.4,2025-11-01 00:15:30+00:00,0.0,0.0,0.0,0.0
Smithys Mushrooms,148.0,25.0,224.4,2025-11-01 00:30:30+00:00,0.0,0.0,0.0,0.0
Smithys Mushrooms,148.0,25.0,224.4,2025-11-01 00:45:30+00:00,0.0,0.0,0.0,0.0
Smithys Mushrooms,148.0,25.0,224.4,2025-11-01 01:00:30+00:00,0.0,0.0,0.0,0.0
Smithys Mushrooms,148.0,25.0,224.4,2025-11-01 01:15:30+00:00,0.0,0.0,0.0,0.0
Smithys Mushrooms,148.0,25.0,224.4,2025-11-01 01:30:30+00:00,0.0,0.0,0.0,0.0
Smithys Mushrooms,148.0,25.0,224.4,2025-11-01 01:45:30+00:00,0.0,0.0,0.0,0.0
Smithys Mushrooms,148.0,25.0,224.4,2025-11-01 02:00:30+00:00,0.0,0.0,0.0,0.0
Smithys Mushrooms,148.0,25.0,224.4,2025-11-01 02:15:30+00:00,0.0,0.0,0.0,0.0
Smithys Mushrooms,148.0,25.0,224.4,2025-11-01 02:30:30+00:00,0.0,0.0,0.0,0.0
Smithys Mushrooms,148.0,25.0,224.4,2025-11-01 02:45:30+00:00,0.0,0.0,0.0,0.0
Smithys Mushrooms,148.0,25.0,224.4,2025-11-01 03:00:30+00:00,0.0,0.0,0.0,0.0
Smithys Mushrooms,148.0,25.0,224.4,2025-11-01 03:15:30+00:00,0.0,0.0,0.0,0.0
Smithys Mushrooms,148.0,25.0,224.4,2025-11-01 03:30:30+00:00,0.0,0.0,0.0,0.0
Smithys Mushrooms,148.0,25.0,224.4,2025-11-01 03:45:30+00:00,0.0,0.0,0.0,0.0
name,azimuth,slope,array_capacity,time,gti,gti_low,gti_high,ghi
Smithys Mushrooms Phase 2,328.0,10.0,185.12,2025-11-01 00:00:30+00:00,0.0,0.0,0.0,0.0
Smithys Mushrooms Phase 2,328.0,10.0,185.12,2025-11-01 00:15:30+00:00,0.0,0.0,0.0,0.0
Smithys Mushrooms Phase 2,328.0,10.0,185.12,2025-11-01 00:30:30+00:00,0.0,0.0,0.0,0.0
Smithys Mushrooms Phase 2,328.0,10.0,185.12,2025-11-01 00:45:30+00:00,0.0,0.0,0.0,0.0
Smithys Mushrooms Phase 2,328.0,10.0,185.12,2025-11-01 01:00:30+00:00,0.0,0.0,0.0,0.0
Smithys Mushrooms Phase 2,328.0,10.0,185.12,2025-11-01 01:15:30+00:00,0.0,0.0,0.0,0.0
Smithys Mushrooms Phase 2,328.0,10.0,185.12,2025-11-01 01:30:30+00:00,0.0,0.0,0.0,0.0
Smithys Mushrooms Phase 2,328.0,10.0,185.12,2025-11-01 01:45:30+00:00,0.0,0.0,0.0,0.0
Smithys Mushrooms Phase 2,328.0,10.0,185.12,2025-11-01 02:00:30+00:00,0.0,0.0,0.0,0.0
Smithys Mushrooms Phase 2,328.0,10.0,185.12,2025-11-01 02:15:30+00:00,0.0,0.0,0.0,0.0
Smithys Mushrooms Phase 2,328.0,10.0,185.12,2025-11-01 02:30:30+00:00,0.0,0.0,0.0,0.0
Smithys Mushrooms Phase 2,328.0,10.0,185.12,2025-11-01 02:45:30+00:00,0.0,0.0,0.0,0.0
Smithys Mushrooms Phase 2,328.0,10.0,185.12,2025-11-01 03:00:30+00:00,0.0,0.0,0.0,0.0
Smithys Mushrooms Phase 2,328.0,10.0,185.12,2025-11-01 03:15:30+00:00,0.0,0.0,0.0,0.0
Smithys Mushrooms Phase 2,328.0,10.0,185.12,2025-11-01 03:30:30+00:00,0.0,0.0,0.0,0.0
Smithys Mushrooms Phase 2,328.0,10.0,185.12,2025-11-01 03:45:30+00:00,0.0,0.0,0.0,0.0
name,azimuth,slope,array_capacity,time,gti,gti_low,gti_high,ghi
Sofina Haverhill,148.0,20.0,589.31,2025-11-01 00:00:30+00:00,0.0,0.0,0.0,0.0
Sofina Haverhill,148.0,20.0,589.31,2025-11-01 00:15:30+00:00,0.0,0.0,0.0,0.0
Sofina Haverhill,148.0,20.0,589.31,2025-11-01 00:30:30+00:00,0.0,0.0,0.0,0.0
Sofina Haverhill,148.0,20.0,589.31,2025-11-01 00:45:30+00:00,0.0,0.0,0.0,0.0
Sofina Haverhill,148.0,20.0,589.31,2025-11-01 01:00:30+00:00,0.0,0.0,0.0,0.0
Sofina Haverhill,148.0,20.0,589.31,2025-11-01 01:15:30+00:00,0.0,0.0,0.0,0.0
Sofina Haverhill,148.0,20.0,589.31,2025-11-01 01:30:30+00:00,0.0,0.0,0.0,0.0
Sofina Haverhill,148.0,20.0,589.31,2025-11-01 01:45:30+00:00,0.0,0.0,0.0,0.0
Sofina Haverhill,148.0,20.0,589.31,2025-11-01 02:00:30+00:00,0.0,0.0,0.0,0.0
Sofina Haverhill,148.0,20.0,589.31,2025-11-01 02:15:30+00:00,0.0,0.0,0.0,0.0
Sofina Haverhill,148.0,20.0,589.31,2025-11-01 02:30:30+00:00,0.0,0.0,0.0,0.0
Sofina Haverhill,148.0,20.0,589.31,2025-11-01 02:45:30+00:00,0.0,0.0,0.0,0.0
Sofina Haverhill,148.0,20.0,589.31,2025-11-01 03:00:30+00:00,0.0,0.0,0.0,0.0
Sofina Haverhill,148.0,20.0,589.31,2025-11-01 03:15:30+00:00,0.0,0.0,0.0,0.0
Sofina Haverhill,148.0,20.0,589.31,2025-11-01 03:30:30+00:00,0.0,0.0,0.0,0.0
Sofina Haverhill,148.0,20.0,589.31,2025-11-01 03:45:30+00:00,0.0,0.0,0.0,0.0
name,azimuth,slope,array_capacity,time,gti,gti_low,gti_high,ghi
Swift Dental Group,55.0,10.0,44.625,2025-11-18 00:00:30+00:00,0.0,0.0,0.0,0.0
Swift Dental Group,55.0,10.0,44.625,2025-11-18 00:15:30+00:00,0.0,0.0,0.0,0.0
Swift Dental Group,55.0,10.0,44.625,2025-11-18 00:30:30+00:00,0.0,0.0,0.0,0.0
Swift Dental Group,55.0,10.0,44.625,2025-11-18 00:45:30+00:00,0.0,0.0,0.0,0.0
Swift Dental Group,55.0,10.0,44.625,2025-11-18 01:00:30+00:00,0.0,0.0,0.0,0.0
Swift Dental Group,55.0,10.0,44.625,2025-11-18 01:15:30+00:00,0.0,0.0,0.0,0.0
Swift Dental Group,55.0,10.0,44.625,2025-11-18 01:30:30+00:00,0.0,0.0,0.0,0.0
Swift Dental Group,55.0,10.0,44.625,2025-11-18 01:45:30+00:00,0.0,0.0,0.0,0.0
Swift Dental Group,55.0,10.0,44.625,2025-11-18 02:00:30+00:00,0.0,0.0,0.0,0.0
Swift Dental Group,55.0,10.0,44.625,2025-11-18 02:15:30+00:00,0.0,0.0,0.0,0.0
Swift Dental Group,55.0,10.0,44.625,2025-11-18 02:30:30+00:00,0.0,0.0,0.0,0.0
Swift Dental Group,55.0,10.0,44.625,2025-11-18 02:45:30+00:00,0.0,0.0,0.0,0.0
Swift Dental Group,55.0,10.0,44.625,2025-11-18 03:00:30+00:00,0.0,0.0,0.0,0.0
Swift Dental Group,55.0,10.0,44.625,2025-11-18 03:15:30+00:00,0.0,0.0,0.0,0.0
Swift Dental Group,55.0,10.0,44.625,2025-11-18 03:30:30+00:00,0.0,0.0,0.0,0.0
Swift Dental Group,55.0,10.0,44.625,2025-11-18 03:45:30+00:00,0.0,0.0,0.0,0.0
name,azimuth,slope,array_capacity,time,gti,gti_low,gti_high,ghi
Uniroyal,45.0,5.0,63.84,2025-11-18 00:00:30+00:00,0.0,0.0,0.0,0.0
Uniroyal,45.0,5.0,63.84,2025-11-18 00:15:30+00:00,0.0,0.0,0.0,0.0
Uniroyal,45.0,5.0,63.84,2025-11-18 00:30:30+00:00,0.0,0.0,0.0,0.0
Uniroyal,45.0,5.0,63.84,2025-11-18 00:45:30+00:00,0.0,0.0,0.0,0.0
Uniroyal,45.0,5.0,63.84,2025-11-18 01:00:30+00:00,0.0,0.0,0.0,0.0
Uniroyal,45.0,5.0,63.84,2025-11-18 01:15:30+00:00,0.0,0.0,0.0,0.0
Uniroyal,45.0,5.0,63.84,2025-11-18 01:30:30+00:00,0.0,0.0,0.0,0.0
Uniroyal,45.0,5.0,63.84,2025-11-18 01:45:30+00:00,0.0,0.0,0.0,0.0
Uniroyal,45.0,5.0,63.84,2025-11-18 02:00:30+00:00,0.0,0.0,0.0,0.0
Uniroyal,45.0,5.0,63.84,2025-11-18 02:15:30+00:00,0.0,0.0,0.0,0.0
Uniroyal,45.0,5.0,63.84,2025-11-18 02:30:30+00:00,0.0,0.0,0.0,0.0
Uniroyal,45.0,5.0,63.84,2025-11-18 02:45:30+00:00,0.0,0.0,0.0,0.0
Uniroyal,45.0,5.0,63.84,2025-11-18 03:00:30+00:00,0.0,0.0,0.0,0.0
Uniroyal,45.0,5.0,63.84,2025-11-18 03:15:30+00:00,0.0,0.0,0.0,0.0
Uniroyal,45.0,5.0,63.84,2025-11-18 03:30:30+00:00,0.0,0.0,0.0,0.0
Uniroyal,45.0,5.0,63.84,2025-11-18 03:45:30+00:00,0.0,0.0,0.0,0.0
name,azimuth,slope,array_capacity,time,gti,gti_low,gti_high,ghi
Valley Hydraulics,161.0,15.4,88.5,2025-11-18 00:00:30+00:00,0.0,0.0,0.0,0.0
Valley Hydraulics,161.0,15.4,88.5,2025-11-18 00:15:30+00:00,0.0,0.0,0.0,0.0
Valley Hydraulics,161.0,15.4,88.5,2025-11-18 00:30:30+00:00,0.0,0.0,0.0,0.0
Valley Hydraulics,161.0,15.4,88.5,2025-11-18 00:45:30+00:00,0.0,0.0,0.0,0.0
Valley Hydraulics,161.0,15.4,88.5,2025-11-18 01:00:30+00:00,0.0,0.0,0.0,0.0
Valley Hydraulics,161.0,15.4,88.5,2025-11-18 01:15:30+00:00,0.0,0.0,0.0,0.0
Valley Hydraulics,161.0,15.4,88.5,2025-11-18 01:30:30+00:00,0.0,0.0,0.0,0.0
Valley Hydraulics,161.0,15.4,88.5,2025-11-18 01:45:30+00:00,0.0,0.0,0.0,0.0
Valley Hydraulics,161.0,15.4,88.5,2025-11-18 02:00:30+00:00,0.0,0.0,0.0,0.0
Valley Hydraulics,161.0,15.4,88.5,2025-11-18 02:15:30+00:00,0.0,0.0,0.0,0.0
Valley Hydraulics,161.0,15.4,88.5,2025-11-18 02:30:30+00:00,0.0,0.0,0.0,0.0
Valley Hydraulics,161.0,15.4,88.5,2025-11-18 02:45:30+00:00,0.0,0.0,0.0,0.0
Valley Hydraulics,161.0,15.4,88.5,2025-11-18 03:00:30+00:00,0.0,0.0,0.0,0.0
Valley Hydraulics,161.0,15.4,88.5,2025-11-18 03:15:30+00:00,0.0,0.0,0.0,0.0
Valley Hydraulics,161.0,15.4,88.5,2025-11-18 03:30:30+00:00,0.0,0.0,0.0,0.0
Valley Hydraulics,161.0,15.4,88.5,2025-11-18 03:45:30+00:00,0.0,0.0,0.0,0.0
name,azimuth,slope,array_capacity,time,gti,gti_low,gti_high,ghi
WALC Adult Learning Centre,113.0,5.0,50.4,2025-11-18 00:00:30+00:00,0.0,0.0,0.0,0.0
WALC Adult Learning Centre,113.0,5.0,50.4,2025-11-18 00:15:30+00:00,0.0,0.0,0.0,0.0
WALC Adult Learning Centre,113.0,5.0,50.4,2025-11-18 00:30:30+00:00,0.0,0.0,0.0,0.0
WALC Adult Learning Centre,113.0,5.0,50.4,2025-11-18 00:45:30+00:00,0.0,0.0,0.0,0.0
WALC Adult Learning Centre,113.0,5.0,50.4,2025-11-18 01:00:30+00:00,0.0,0.0,0.0,0.0
WALC Adult Learning Centre,113.0,5.0,50.4,2025-11-18 01:15:30+00:00,0.0,0.0,0.0,0.0
WALC Adult Learning Centre,113.0,5.0,50.4,2025-11-18 01:30:30+00:00,0.0,0.0,0.0,0.0
WALC Adult Learning Centre,113.0,5.0,50.4,2025-11-18 01:45:30+00:00,0.0,0.0,0.0,0.0
WALC Adult Learning Centre,113.0,5.0,50.4,2025-11-18 02:00:30+00:00,0.0,0.0,0.0,0.0
WALC Adult Learning Centre,113.0,5.0,50.4,2025-11-18 02:15:30+00:00,0.0,0.0,0.0,0.0
WALC Adult Learning Centre,113.0,5.0,50.4,2025-11-18 02:30:30+00:00,0.0,0.0,0.0,0.0
WALC Adult Learning Centre,113.0,5.0,50.4,2025-11-18 02:45:30+00:00,0.0,0.0,0.0,0.0
WALC Adult Learning Centre,113.0,5.0,50.4,2025-11-18 03:00:30+00:00,0.0,0.0,0.0,0.0
WALC Adult Learning Centre,113.0,5.0,50.4,2025-11-18 03:15:30+00:00,0.0,0.0,0.0,0.0
WALC Adult Learning Centre,113.0,5.0,50.4,2025-11-18 03:30:30+00:00,0.0,0.0,0.0,0.0
WALC Adult Learning Centre,113.0,5.0,50.4,2025-11-18 03:45:30+00:00,0.0,0.0,0.0,0.0
name,azimuth,slope,array_capacity,time,gti,gti_low,gti_high,ghi
WALC Leigh College,19.0,11.0,15.12,2025-11-18 00:00:30+00:00,0.0,0.0,0.0,0.0
WALC Leigh College,19.0,11.0,15.12,2025-11-18 00:15:30+00:00,0.0,0.0,0.0,0.0
WALC Leigh College,19.0,11.0,15.12,2025-11-18 00:30:30+00:00,0.0,0.0,0.0,0.0
WALC Leigh College,19.0,11.0,15.12,2025-11-18 00:45:30+00:00,0.0,0.0,0.0,0.0
WALC Leigh College,19.0,11.0,15.12,2025-11-18 01:00:30+00:00,0.0,0.0,0.0,0.0
WALC Leigh College,19.0,11.0,15.12,2025-11-18 01:15:30+00:00,0.0,0.0,0.0,0.0
WALC Leigh College,19.0,11.0,15.12,2025-11-18 01:30:30+00:00,0.0,0.0,0.0,0.0
WALC Leigh College,19.0,11.0,15.12,2025-11-18 01:45:30+00:00,0.0,0.0,0.0,0.0
WALC Leigh College,19.0,11.0,15.12,2025-11-18 02:00:30+00:00,0.0,0.0,0.0,0.0
WALC Leigh College,19.0,11.0,15.12,2025-11-18 02:15:30+00:00,0.0,0.0,0.0,0.0
WALC Leigh College,19.0,11.0,15.12,2025-11-18 02:30:30+00:00,0.0,0.0,0.0,0.0
WALC Leigh College,19.0,11.0,15.12,2025-11-18 02:45:30+00:00,0.0,0.0,0.0,0.0
WALC Leigh College,19.0,11.0,15.12,2025-11-18 03:00:30+00:00,0.0,0.0,0.0,0.0
WALC Leigh College,19.0,11.0,15.12,2025-11-18 03:15:30+00:00,0.0,0.0,0.0,0.0
WALC Leigh College,19.0,11.0,15.12,2025-11-18 03:30:30+00:00,0.0,0.0,0.0,0.0
WALC Leigh College,19.0,11.0,15.12,2025-11-18 03:45:30+00:00,0.0,0.0,0.0,0.0
name,azimuth,slope,array_capacity,time,gti,gti_low,gti_high,ghi
WALC Pagefield,71.0,5.0,38.2,2025-11-18 00:00:30+00:00,0.0,0.0,0.0,0.0
WALC Pagefield,71.0,5.0,38.2,2025-11-18 00:15:30+00:00,0.0,0.0,0.0,0.0
WALC Pagefield,71.0,5.0,38.2,2025-11-18 00:30:30+00:00,0.0,0.0,0.0,0.0
WALC Pagefield,71.0,5.0,38.2,2025-11-18 00:45:30+00:00,0.0,0.0,0.0,0.0
WALC Pagefield,71.0,5.0,38.2,2025-11-18 01:00:30+00:00,0.0,0.0,0.0,0.0
WALC Pagefield,71.0,5.0,38.2,2025-11-18 01:15:30+00:00,0.0,0.0,0.0,0.0
WALC Pagefield,71.0,5.0,38.2,2025-11-18 01:30:30+00:00,0.0,0.0,0.0,0.0
WALC Pagefield,71.0,5.0,38.2,2025-11-18 01:45:30+00:00,0.0,0.0,0.0,0.0
WALC Pagefield,71.0,5.0,38.2,2025-11-18 02:00:30+00:00,0.0,0.0,0.0,0.0
WALC Pagefield,71.0,5.0,38.2,2025-11-18 02:15:30+00:00,0.0,0.0,0.0,0.0
WALC Pagefield,71.0,5.0,38.2,2025-11-18 02:30:30+00:00,0.0,0.0,0.0,0.0
WALC Pagefield,71.0,5.0,38.2,2025-11-18 02:45:30+00:00,0.0,0.0,0.0,0.0
WALC Pagefield,71.0,5.0,38.2,2025-11-18 03:00:30+00:00,0.0,0.0,0.0,0.0
WALC Pagefield,71.0,5.0,38.2,2025-11-18 03:15:30+00:00,0.0,0.0,0.0,0.0
WALC Pagefield,71.0,5.0,38.2,2025-11-18 03:30:30+00:00,0.0,0.0,0.0,0.0
WALC Pagefield,71.0,5.0,38.2,2025-11-18 03:45:30+00:00,0.0,0.0,0.0,0.0
name,azimuth,slope,array_capacity,time,gti,gti_low,gti_high,ghi
WIENERBERGER FLOPLAST,220.0,6.0,753.16,2025-11-01 00:00:30+00:00,0.0,0.0,0.0,0.0
WIENERBERGER FLOPLAST,220.0,6.0,753.16,2025-11-01 00:15:30+00:00,0.0,0.0,0.0,0.0
WIENERBERGER FLOPLAST,220.0,6.0,753.16,2025-11-01 00:30:30+00:00,0.0,0.0,0.0,0.0
WIENERBERGER FLOPLAST,220.0,6.0,753.16,2025-11-01 00:45:30+00:00,0.0,0.0,0.0,0.0
WIENERBERGER FLOPLAST,220.0,6.0,753.16,2025-11-01 01:00:30+00:00,0.0,0.0,0.0,0.0
WIENERBERGER FLOPLAST,220.0,6.0,753.16,2025-11-01 01:15:30+00:00,0.0,0.0,0.0,0.0
WIENERBERGER FLOPLAST,220.0,6.0,753.16,2025-11-01 01:30:30+00:00,0.0,0.0,0.0,0.0
WIENERBERGER FLOPLAST,220.0,6.0,753.16,2025-11-01 01:45:30+00:00,0.0,0.0,0.0,0.0
WIENERBERGER FLOPLAST,220.0,6.0,753.16,2025-11-01 02:00:30+00:00,0.0,0.0,0.0,0.0
WIENERBERGER FLOPLAST,220.0,6.0,753.16,2025-11-01 02:15:30+00:00,0.0,0.0,0.0,0.0
WIENERBERGER FLOPLAST,220.0,6.0,753.16,2025-11-01 02:30:30+00:00,0.0,0.0,0.0,0.0
WIENERBERGER FLOPLAST,220.0,6.0,753.16,2025-11-01 02:45:30+00:00,0.0,0.0,0.0,0.0
WIENERBERGER FLOPLAST,220.0,6.0,753.16,2025-11-01 03:00:30+00:00,0.0,0.0,0.0,0.0
WIENERBERGER FLOPLAST,220.0,6.0,753.16,2025-11-01 03:15:30+00:00,0.0,0.0,0.0,0.0
WIENERBERGER FLOPLAST,220.0,6.0,753.16,2025-11-01 03:30:30+00:00,0.0,0.0,0.0,0.0
WIENERBERGER FLOPLAST,220.0,6.0,753.16,2025-11-01 03:45:30+00:00,0.0,0.0,0.0,0.0
