name,azimuth,slope,array_capacity,time,gti,gti_low,gti_high,ghi
Knowles,183.0,8.0,500.25,2025-11-19 00:00:30+00:00,0.0,0.0,0.0,0.0
Knowles,183.0,8.0,500.25,2025-11-19 00:15:30+00:00,0.0,0.0,0.0,0.0
Knowles,183.0,8.0,500.25,2025-11-19 00:30:30+00:00,0.0,0.0,0.0,0.0
Knowles,183.0,8.0,500.25,2025-11-19 00:45:30+00:00,0.0,0.0,0.0,0.0
Knowles,183.0,8.0,500.25,2025-11-19 01:00:30+00:00,0.0,0.0,0.0,0.0
Knowles,183.0,8.0,500.25,2025-11-19 01:15:30+00:00,0.0,0.0,0.0,0.0
Knowles,183.0,8.0,500.25,2025-11-19 01:30:30+00:00,0.0,0.0,0.0,0.0
Knowles,183.0,8.0,500.25,2025-11-19 01:45:30+00:00,0.0,0.0,0.0,0.0
Knowles,183.0,8.0,500.25,2025-11-19 02:00:30+00:00,0.0,0.0,0.0,0.0
Knowles,183.0,8.0,500.25,2025-11-19 02:15:30+00:00,0.0,0.0,0.0,0.0
Knowles,183.0,8.0,500.25,2025-11-19 02:30:30+00:00,0.0,0.0,0.0,0.0
Knowles,183.0,8.0,500.25,2025-11-19 02:45:30+00:00,0.0,0.0,0.0,0.0
Knowles,183.0,8.0,500.25,2025-11-19 03:00:30+00:00,0.0,0.0,0.0,0.0
Knowles,183.0,8.0,500.25,2025-11-19 03:15:30+00:00,0.0,0.0,0.0,0.0
Knowles,183.0,8.0,500.25,2025-11-19 03:30:30+00:00,0.0,0.0,0.0,0.0
Knowles,183.0,8.0,500.25,2025-11-19 03:45:30+00:00,0.0,0.0,0.0,0.0
Knowles,183.0,8.0,500.25,2025-11-19 04:00:30+00:00,0.0,0.0,0.0,0.0
Knowles,183.0,8.0,500.25,2025-11-19 04:15:30+00:00,0.0,0.0,0.0,0.0
Knowles,183.0,8.0,500.25,2025-11-19 04:30:30+00:00,0.0,0.0,0.0,0.0
Knowles,183.0,8.0,500.25,2025-11-19 04:45:30+00:00,0.0,0.0,0.0,0.0
Knowles,183.0,8.0,500.25,2025-11-19 05:00:30+00:00,0.0,0.0,0.0,0.0
Knowles,183.0,8.0,500.25,2025-11-19 05:15:30+00:00,0.0,0.0,0.0,0.0
Knowles,183.0,8.0,500.25,2025-11-19 05:30:30+00:00,0.0,0.0,0.0,0.0
Knowles,183.0,8.0,500.25,2025-11-19 05:45:30+00:00,0.0,0.0,0.0,0.0
Knowles,183.0,8.0,500.25,2025-11-19 06:00:30+00:00,0.0,0.0,0.0,0.0
Knowles,183.0,8.0,500.25,2025-11-19 06:15:30+00:00,0.0,0.0,0.0,0.0
Knowles,183.0,8.0,500.25,2025-11-19 06:30:30+00:00,0.0,0.0,0.0,0.0
Knowles,183.0,8.0,500.25,2025-11-19 06:45:30+00:00,0.0,0.0,0.0,0.0
Knowles,183.0,8.0,500.25,2025-11-19 07:00:30+00:00,0.0,0.0,0.0,0.0
Knowles,183.0,8.0,500.25,2025-11-19 07:15:30+00:00,0.0,0.0,0.0,0.0
Knowles,183.0,8.0,500.25,2025-11-19 07:30:30+00:00,0.00025,0.00025,0.0005,0.00025
Knowles,183.0,8.0,500.25,2025-11-19 07:45:30+00:00,0.00275,0.00125,0.00475,0.00275
Knowles,183.0,8.0,500.25,2025-11-19 08:00:30+00:00,0.00725,0.00325,0.011,0.0065
Knowles,183.0,8.0,500.25,2025-11-19 08:15:30+00:00,0.01125,0.00475,0.01675,0.00975
Knowles,183.0,8.0,500.25,2025-11-19 08:30:30+00:00,0.013,0.007,0.02175,0.012
Knowles,183.0,8.0,500.25,2025-11-19 08:45:30+00:00,0.02125,0.0095,0.029,0.018
Knowles,183.0,8.0,500.25,2025-11-19 09:00:30+00:00,0.0205,0.00925,0.0345,0.0185
Knowles,183.0,8.0,500.25,2025-11-19 09:15:30+00:00,0.025,0.00925,0.0435,0.02275
Knowles,183.0,8.0,500.25,2025-11-19 09:30:30+00:00,0.03525,0.015,0.06,0.03
Knowles,183.0,8.0,500.25,2025-11-19 09:45:30+00:00,0.0545,0.02425,0.074,0.043
Knowles,183.0,8.0,500.25,2025-11-19 10:00:30+00:00,0.0645,0.036,0.083,0.04925
Knowles,183.0,8.0,500.25,2025-11-19 10:15:30+00:00,0.0665,0.04675,0.0885,0.051
Knowles,183.0,8.0,500.25,2025-11-19 10:30:30+00:00,0.08225,0.05125,0.09225,0.0635
Knowles,183.0,8.0,500.25,2025-11-19 10:45:30+00:00,0.0675,0.048,0.09275,0.054
Knowles,183.0,8.0,500.25,2025-11-19 11:00:30+00:00,0.08525,0.04175,0.0985,0.06625
Knowles,183.0,8.0,500.25,2025-11-19 11:15:30+00:00,0.08125,0.02425,0.09825,0.0645
Knowles,183.0,8.0,500.25,2025-11-19 11:30:30+00:00,0.0375,0.0075,0.08675,0.033
Knowles,183.0,8.0,500.25,2025-11-19 11:45:30+00:00,0.02475,0.006,0.06375,0.0235
Knowles,183.0,8.0,500.25,2025-11-19 12:00:30+00:00,0.017,0.00575,0.068,0.01675
Knowles,183.0,8.0,500.25,2025-11-19 12:15:30+00:00,0.06925,0.01375,0.086,0.05575
Knowles,183.0,8.0,500.25,2025-11-19 12:30:30+00:00,0.03425,0.00675,0.07825,0.02925
Knowles,183.0,8.0,500.25,2025-11-19 12:45:30+00:00,0.0135,0.00525,0.054,0.01325
Knowles,183.0,8.0,500.25,2025-11-19 13:00:30+00:00,0.029,0.00575,0.05975,0.0265
Knowles,183.0,8.0,500.25,2025-11-19 13:15:30+00:00,0.0415,0.00825,0.066,0.0355
Knowles,183.0,8.0,500.25,2025-11-19 13:30:30+00:00,0.026,0.00525,0.055,0.02375
Knowles,183.0,8.0,500.25,2025-11-19 13:45:30+00:00,0.01175,0.004,0.03925,0.01175
Knowles,183.0,8.0,500.25,2025-11-19 14:00:30+00:00,0.006,0.0035,0.02375,0.006
Knowles,183.0,8.0,500.25,2025-11-19 14:15:30+00:00,0.0075,0.003,0.03025,0.0075
Knowles,183.0,8.0,500.25,2025-11-19 14:30:30+00:00,0.02275,0.0045,0.041,0.018
Knowles,183.0,8.0,500.25,2025-11-19 14:45:30+00:00,0.032,0.009,0.0375,0.02225
Knowles,183.0,8.0,500.25,2025-11-19 15:00:30+00:00,0.0275,0.013,0.0305,0.017
Knowles,183.0,8.0,500.25,2025-11-19 15:15:30+00:00,0.01775,0.01025,0.0205,0.01
Knowles,183.0,8.0,500.25,2025-11-19 15:30:30+00:00,0.006,0.00475,0.00675,0.00425
Knowles,183.0,8.0,500.25,2025-11-19 15:45:30+00:00,0.00175,0.00125,0.00175,0.00175
Knowles,183.0,8.0,500.25,2025-11-19 16:00:30+00:00,0.0,0.0,0.0,0.0
Knowles,183.0,8.0,500.25,2025-11-19 16:15:30+00:00,0.0,0.0,0.0,0.0
Knowles,183.0,8.0,500.25,2025-11-19 16:30:30+00:00,0.0,0.0,0.0,0.0
Knowles,183.0,8.0,500.25,2025-11-19 16:45:30+00:00,0.0,0.0,0.0,0.0
Knowles,183.0,8.0,500.25,2025-11-19 17:00:30+00:00,0.0,0.0,0.0,0.0
Knowles,183.0,8.0,500.25,2025-11-19 17:15:30+00:00,0.0,0.0,0.0,0.0
Knowles,183.0,8.0,500.25,2025-11-19 17:30:30+00:00,0.0,0.0,0.0,0.0
Knowles,183.0,8.0,500.25,2025-11-19 17:45:30+00:00,0.0,0.0,0.0,0.0
Knowles,183.0,8.0,500.25,2025-11-19 18:00:30+00:00,0.0,0.0,0.0,0.0
Knowles,183.0,8.0,500.25,2025-11-19 18:15:30+00:00,0.0,0.0,0.0,0.0
Knowles,183.0,8.0,500.25,2025-11-19 18:30:30+00:00,0.0,0.0,0.0,0.0
Knowles,183.0,8.0,500.25,2025-11-19 18:45:30+00:00,0.0,0.0,0.0,0.0
Knowles,183.0,8.0,500.25,2025-11-19 19:00:30+00:00,0.0,0.0,0.0,0.0
Knowles,183.0,8.0,500.25,2025-11-19 19:15:30+00:00,0.0,0.0,0.0,0.0
Knowles,183.0,8.0,500.25,2025-11-19 19:30:30+00:00,0.0,0.0,0.0,0.0
Knowles,183.0,8.0,500.25,2025-11-19 19:45:30+00:00,0.0,0.0,0.0,0.0
Knowles,183.0,8.0,500.25,2025-11-19 20:00:30+00:00,0.0,0.0,0.0,0.0
Knowles,183.0,8.0,500.25,2025-11-19 20:15:30+00:00,0.0,0.0,0.0,0.0
Knowles,183.0,8.0,500.25,2025-11-19 20:30:30+00:00,0.0,0.0,0.0,0.0
Knowles,183.0,8.0,500.25,2025-11-19 20:45:30+00:00,0.0,0.0,0.0,0.0
Knowles,183.0,8.0,500.25,2025-11-19 21:00:30+00:00,0.0,0.0,0.0,0.0
Knowles,183.0,8.0,500.25,2025-11-19 21:15:30+00:00,0.0,0.0,0.0,0.0
Knowles,183.0,8.0,500.25,2025-11-19 21:30:30+00:00,0.0,0.0,0.0,0.0
Knowles,183.0,8.0,500.25,2025-11-19 21:45:30+00:00,0.0,0.0,0.0,0.0
Knowles,183.0,8.0,500.25,2025-11-19 22:00:30+00:00,0.0,0.0,0.0,0.0
Knowles,183.0,8.0,500.25,2025-11-19 22:15:30+00:00,0.0,0.0,0.0,0.0
Knowles,183.0,8.0,500.25,2025-11-19 22:30:30+00:00,0.0,0.0,0.0,0.0
Knowles,183.0,8.0,500.25,2025-11-19 22:45:30+00:00,0.0,0.0,0.0,0.0
Knowles,183.0,8.0,500.25,2025-11-19 23:00:30+00:00,0.0,0.0,0.0,0.0
Knowles,183.0,8.0,500.25,2025-11-19 23:15:30+00:00,0.0,0.0,0.0,0.0
Knowles,183.0,8.0,500.25,2025-11-19 23:30:30+00:00,0.0,0.0,0.0,0.0
Knowles,183.0,8.0,500.25,2025-11-19 23:45:30+00:00,0.0,0.0,0.0,0.0
Knowles,183.0,8.0,500.25,2025-11-20 00:00:30+00:00,0.0,0.0,0.0,0.0
Knowles,183.0,8.0,500.25,2025-11-20 00:15:30+00:00,0.0,0.0,0.0,0.0
Knowles,183.0,8.0,500.25,2025-11-20 00:30:30+00:00,0.0,0.0,0.0,0.0
Knowles,183.0,8.0,500.25,2025-11-20 00:45:30+00:00,0.0,0.0,0.0,0.0
Knowles,183.0,8.0,500.25,2025-11-20 01:00:30+00:00,0.0,0.0,0.0,0.0
Knowles,183.0,8.0,500.25,2025-11-20 01:15:30+00:00,0.0,0.0,0.0,0.0
Knowles,183.0,8.0,500.25,2025-11-20 01:30:30+00:00,0.0,0.0,0.0,0.0
Knowles,183.0,8.0,500.25,2025-11-20 01:45:30+00:00,0.0,0.0,0.0,0.0
Knowles,183.0,8.0,500.25,2025-11-20 02:00:30+00:00,0.0,0.0,0.0,0.0
Knowles,183.0,8.0,500.25,2025-11-20 02:15:30+00:00,0.0,0.0,0.0,0.0
Knowles,183.0,8.0,500.25,2025-11-20 02:30:30+00:00,0.0,0.0,0.0,0.0
Knowles,183.0,8.0,500.25,2025-11-20 02:45:30+00:00,0.0,0.0,0.0,0.0
Knowles,183.0,8.0,500.25,2025-11-20 03:00:30+00:00,0.0,0.0,0.0,0.0
Knowles,183.0,8.0,500.25,2025-11-20 03:15:30+00:00,0.0,0.0,0.0,0.0
Knowles,183.0,8.0,500.25,2025-11-20 03:30:30+00:00,0.0,0.0,0.0,0.0
Knowles,183.0,8.0,500.25,2025-11-20 03:45:30+00:00,0.0,0.0,0.0,0.0
Knowles,183.0,8.0,500.25,2025-11-20 04:00:30+00:00,0.0,0.0,0.0,0.0
Knowles,183.0,8.0,500.25,2025-11-20 04:15:30+00:00,0.0,0.0,0.0,0.0
Knowles,183.0,8.0,500.25,2025-11-20 04:30:30+00:00,0.0,0.0,0.0,0.0
Knowles,183.0,8.0,500.25,2025-11-20 04:45:30+00:00,0.0,0.0,0.0,0.0
Knowles,183.0,8.0,500.25,2025-11-20 05:00:30+00:00,0.0,0.0,0.0,0.0
Knowles,183.0,8.0,500.25,2025-11-20 05:15:30+00:00,0.0,0.0,0.0,0.0
Knowles,183.0,8.0,500.25,2025-11-20 05:30:30+00:00,0.0,0.0,0.0,0.0
Knowles,183.0,8.0,500.25,2025-11-20 05:45:30+00:00,0.0,0.0,0.0,0.0
Knowles,183.0,8.0,500.25,2025-11-20 06:00:30+00:00,0.0,0.0,0.0,0.0
Knowles,183.0,8.0,500.25,2025-11-20 06:15:30+00:00,0.0,0.0,0.0,0.0
Knowles,183.0,8.0,500.25,2025-11-20 06:30:30+00:00,0.0,0.0,0.0,0.0
Knowles,183.0,8.0,500.25,2025-11-20 06:45:30+00:00,0.0,0.0,0.0,0.0
Knowles,183.0,8.0,500.25,2025-11-20 07:00:30+00:00,0.0,0.0,0.0,0.0
Knowles,183.0,8.0,500.25,2025-11-20 07:15:30+00:00,0.0,0.0,0.0,0.0
Knowles,183.0,8.0,500.25,2025-11-20 07:30:30+00:00,0.00025,0.00025,0.00025,0.00025
Knowles,183.0,8.0,500.25,2025-11-20 07:45:30+00:00,0.0035,0.00275,0.00425,0.0035
Knowles,183.0,8.0,500.25,2025-11-20 08:00:30+00:00,0.0135,0.0085,0.01625,0.00875
Knowles,183.0,8.0,500.25,2025-11-20 08:15:30+00:00,0.02025,0.014,0.02575,0.014
Knowles,183.0,8.0,500.25,2025-11-20 08:30:30+00:00,0.03025,0.02075,0.03625,0.02125
Knowles,183.0,8.0,500.25,2025-11-20 08:45:30+00:00,0.04025,0.029,0.04725,0.02775
Knowles,183.0,8.0,500.25,2025-11-20 09:00:30+00:00,0.04875,0.0365,0.05675,0.03375
Knowles,183.0,8.0,500.25,2025-11-20 09:15:30+00:00,0.0565,0.04325,0.06575,0.0395
Knowles,183.0,8.0,500.25,2025-11-20 09:30:30+00:00,0.06325,0.04825,0.0735,0.04475
Knowles,183.0,8.0,500.25,2025-11-20 09:45:30+00:00,0.0655,0.053,0.0795,0.0475
Knowles,183.0,8.0,500.25,2025-11-20 10:00:30+00:00,0.073,0.05575,0.08575,0.05325
Knowles,183.0,8.0,500.25,2025-11-20 10:15:30+00:00,0.0725,0.05775,0.08925,0.0545
Knowles,183.0,8.0,500.25,2025-11-20 10:30:30+00:00,0.07675,0.05275,0.0935,0.058
Knowles,183.0,8.0,500.25,2025-11-20 10:45:30+00:00,0.07375,0.04575,0.0965,0.05625
Knowles,183.0,8.0,500.25,2025-11-20 11:00:30+00:00,0.0745,0.0305,0.0975,0.058
Knowles,183.0,8.0,500.25,2025-11-20 11:15:30+00:00,0.049,0.0175,0.0885,0.042
Knowles,183.0,8.0,500.25,2025-11-20 11:30:30+00:00,0.0395,0.012,0.06925,0.03625
Knowles,183.0,8.0,500.25,2025-11-20 11:45:30+00:00,0.0355,0.01525,0.06575,0.03275
Knowles,183.0,8.0,500.25,2025-11-20 12:00:30+00:00,0.0505,0.01525,0.06775,0.043
Knowles,183.0,8.0,500.25,2025-11-20 12:15:30+00:00,0.03275,0.0155,0.071,0.03025
Knowles,183.0,8.0,500.25,2025-11-20 12:30:30+00:00,0.05625,0.01875,0.085,0.04575
Knowles,183.0,8.0,500.25,2025-11-20 12:45:30+00:00,0.06375,0.0295,0.0865,0.05025
Knowles,183.0,8.0,500.25,2025-11-20 13:00:30+00:00,0.0495,0.026,0.0765,0.04125
Knowles,183.0,8.0,500.25,2025-11-20 13:15:30+00:00,0.043,0.02425,0.06975,0.03625
Knowles,183.0,8.0,500.25,2025-11-20 13:30:30+00:00,0.052,0.016,0.068,0.04125
Knowles,183.0,8.0,500.25,2025-11-20 13:45:30+00:00,0.0255,0.0105,0.054,0.02225
Knowles,183.0,8.0,500.25,2025-11-20 14:00:30+00:00,0.02325,0.0065,0.04125,0.02075
Knowles,183.0,8.0,500.25,2025-11-20 14:15:30+00:00,0.0245,0.007,0.038,0.021
Knowles,183.0,8.0,500.25,2025-11-20 14:30:30+00:00,0.0175,0.007,0.031,0.01575
Knowles,183.0,8.0,500.25,2025-11-20 14:45:30+00:00,0.0175,0.00575,0.0295,0.01425
Knowles,183.0,8.0,500.25,2025-11-20 15:00:30+00:00,0.018,0.00675,0.025,0.01325
Knowles,183.0,8.0,500.25,2025-11-20 15:15:30+00:00,0.013,0.00625,0.01725,0.00825
Knowles,183.0,8.0,500.25,2025-11-20 15:30:30+00:00,0.00425,0.003,0.00575,0.00325
Knowles,183.0,8.0,500.25,2025-11-20 15:45:30+00:00,0.00125,0.00075,0.0015,0.00125
Knowles,183.0,8.0,500.25,2025-11-20 16:00:30+00:00,0.0,0.0,0.0,0.0
Knowles,183.0,8.0,500.25,2025-11-20 16:15:30+00:00,0.0,0.0,0.0,0.0
Knowles,183.0,8.0,500.25,2025-11-20 16:30:30+00:00,0.0,0.0,0.0,0.0
Knowles,183.0,8.0,500.25,2025-11-20 16:45:30+00:00,0.0,0.0,0.0,0.0
Knowles,183.0,8.0,500.25,2025-11-20 17:00:30+00:00,0.0,0.0,0.0,0.0
Knowles,183.0,8.0,500.25,2025-11-20 17:15:30+00:00,0.0,0.0,0.0,0.0
Knowles,183.0,8.0,500.25,2025-11-20 17:30:30+00:00,0.0,0.0,0.0,0.0
Knowles,183.0,8.0,500.25,2025-11-20 17:45:30+00:00,0.0,0.0,0.0,0.0
Knowles,183.0,8.0,500.25,2025-11-20 18:00:30+00:00,0.0,0.0,0.0,0.0
Knowles,183.0,8.0,500.25,2025-11-20 18:15:30+00:00,0.0,0.0,0.0,0.0
Knowles,183.0,8.0,500.25,2025-11-20 18:30:30+00:00,0.0,0.0,0.0,0.0
Knowles,183.0,8.0,500.25,2025-11-20 18:45:30+00:00,0.0,0.0,0.0,0.0
Knowles,183.0,8.0,500.25,2025-11-20 19:00:30+00:00,0.0,0.0,0.0,0.0
Knowles,183.0,8.0,500.25,2025-11-20 19:15:30+00:00,0.0,0.0,0.0,0.0
Knowles,183.0,8.0,500.25,2025-11-20 19:30:30+00:00,0.0,0.0,0.0,0.0
Knowles,183.0,8.0,500.25,2025-11-20 19:45:30+00:00,0.0,0.0,0.0,0.0
Knowles,183.0,8.0,500.25,2025-11-20 20:00:30+00:00,0.0,0.0,0.0,0.0
Knowles,183.0,8.0,500.25,2025-11-20 20:15:30+00:00,0.0,0.0,0.0,0.0
Knowles,183.0,8.0,500.25,2025-11-20 20:30:30+00:00,0.0,0.0,0.0,0.0
Knowles,183.0,8.0,500.25,2025-11-20 20:45:30+00:00,0.0,0.0,0.0,0.0
Knowles,183.0,8.0,500.25,2025-11-20 21:00:30+00:00,0.0,0.0,0.0,0.0
Knowles,183.0,8.0,500.25,2025-11-20 21:15:30+00:00,0.0,0.0,0.0,0.0
Knowles,183.0,8.0,500.25,2025-11-20 21:30:30+00:00,0.0,0.0,0.0,0.0
Knowles,183.0,8.0,500.25,2025-11-20 21:45:30+00:00,0.0,0.0,0.0,0.0
Knowles,183.0,8.0,500.25,2025-11-20 22:00:30+00:00,0.0,0.0,0.0,0.0
Knowles,183.0,8.0,500.25,2025-11-20 22:15:30+00:00,0.0,0.0,0.0,0.0
Knowles,183.0,8.0,500.25,2025-11-20 22:30:30+00:00,0.0,0.0,0.0,0.0
Knowles,183.0,8.0,500.25,2025-11-20 22:45:30+00:00,0.0,0.0,0.0,0.0
Knowles,183.0,8.0,500.25,2025-11-20 23:00:30+00:00,0.0,0.0,0.0,0.0
Knowles,183.0,8.0,500.25,2025-11-20 23:15:30+00:00,0.0,0.0,0.0,0.0
Knowles,183.0,8.0,500.25,2025-11-20 23:30:30+00:00,0.0,0.0,0.0,0.0
Knowles,183.0,8.0,500.25,2025-11-20 23:45:30+00:00,0.0,0.0,0.0,0.0
Knowles,183.0,8.0,500.25,2025-11-21 00:00:30+00:00,0.0,0.0,0.0,0.0
Knowles,183.0,8.0,500.25,2025-11-21 00:15:30+00:00,0.0,0.0,0.0,0.0
Knowles,183.0,8.0,500.25,2025-11-21 00:30:30+00:00,0.0,0.0,0.0,0.0
Knowles,183.0,8.0,500.25,2025-11-21 00:45:30+00:00,0.0,0.0,0.0,0.0
Knowles,183.0,8.0,500.25,2025-11-21 01:00:30+00:00,0.0,0.0,0.0,0.0
Knowles,183.0,8.0,500.25,2025-11-21 01:15:30+00:00,0.0,0.0,0.0,0.0
Knowles,183.0,8.0,500.25,2025-11-21 01:30:30+00:00,0.0,0.0,0.0,0.0
Knowles,183.0,8.0,500.25,2025-11-21 01:45:30+00:00,0.0,0.0,0.0,0.0
Knowles,183.0,8.0,500.25,2025-11-21 02:00:30+00:00,0.0,0.0,0.0,0.0
Knowles,183.0,8.0,500.25,2025-11-21 02:15:30+00:00,0.0,0.0,0.0,0.0
Knowles,183.0,8.0,500.25,2025-11-21 02:30:30+00:00,0.0,0.0,0.0,0.0
Knowles,183.0,8.0,500.25,2025-11-21 02:45:30+00:00,0.0,0.0,0.0,0.0
Knowles,183.0,8.0,500.25,2025-11-21 03:00:30+00:00,0.0,0.0,0.0,0.0
Knowles,183.0,8.0,500.25,2025-11-21 03:15:30+00:00,0.0,0.0,0.0,0.0
Knowles,183.0,8.0,500.25,2025-11-21 03:30:30+00:00,0.0,0.0,0.0,0.0
Knowles,183.0,8.0,500.25,2025-11-21 03:45:30+00:00,0.0,0.0,0.0,0.0
Knowles,183.0,8.0,500.25,2025-11-21 04:00:30+00:00,0.0,0.0,0.0,0.0
Knowles,183.0,8.0,500.25,2025-11-21 04:15:30+00:00,0.0,0.0,0.0,0.0
Knowles,183.0,8.0,500.25,2025-11-21 04:30:30+00:00,0.0,0.0,0.0,0.0
Knowles,183.0,8.0,500.25,2025-11-21 04:45:30+00:00,0.0,0.0,0.0,0.0
Knowles,183.0,8.0,500.25,2025-11-21 05:00:30+00:00,0.0,0.0,0.0,0.0
Knowles,183.0,8.0,500.25,2025-11-21 05:15:30+00:00,0.0,0.0,0.0,0.0
Knowles,183.0,8.0,500.25,2025-11-21 05:30:30+00:00,0.0,0.0,0.0,0.0
Knowles,183.0,8.0,500.25,2025-11-21 05:45:30+00:00,0.0,0.0,0.0,0.0
Knowles,183.0,8.0,500.25,2025-11-21 06:00:30+00:00,0.0,0.0,0.0,0.0
Knowles,183.0,8.0,500.25,2025-11-21 06:15:30+00:00,0.0,0.0,0.0,0.0
Knowles,183.0,8.0,500.25,2025-11-21 06:30:30+00:00,0.0,0.0,0.0,0.0
Knowles,183.0,8.0,500.25,2025-11-21 06:45:30+00:00,0.0,0.0,0.0,0.0
Knowles,183.0,8.0,500.25,2025-11-21 07:00:30+00:00,0.0,0.0,0.0,0.0
Knowles,183.0,8.0,500.25,2025-11-21 07:15:30+00:00,0.0,0.0,0.0,0.0
Knowles,183.0,8.0,500.25,2025-11-21 07:30:30+00:00,0.0,0.0,0.0,0.0
Knowles,183.0,8.0,500.25,2025-11-21 07:45:30+00:00,0.00325,0.0025,0.00375,0.00325
Knowles,183.0,8.0,500.25,2025-11-21 08:00:30+00:00,0.01425,0.00975,0.017,0.0085
Knowles,183.0,8.0,500.25,2025-11-21 08:15:30+00:00,0.0245,0.017,0.0285,0.015
Knowles,183.0,8.0,500.25,2025-11-21 08:30:30+00:00,0.0335,0.024,0.03875,0.0215
Knowles,183.0,8.0,500.25,2025-11-21 08:45:30+00:00,0.042,0.031,0.04825,0.02775
Knowles,183.0,8.0,500.25,2025-11-21 09:00:30+00:00,0.05075,0.0385,0.05775,0.03425
Knowles,183.0,8.0,500.25,2025-11-21 09:15:30+00:00,0.0585,0.0455,0.0665,0.04
Knowles,183.0,8.0,500.25,2025-11-21 09:30:30+00:00,0.06575,0.052,0.07425,0.04575
Knowles,183.0,8.0,500.25,2025-11-21 09:45:30+00:00,0.0725,0.05825,0.08125,0.051
Knowles,183.0,8.0,500.25,2025-11-21 10:00:30+00:00,0.07825,0.064,0.08775,0.0555
Knowles,183.0,8.0,500.25,2025-11-21 10:15:30+00:00,0.0835,0.069,0.09325,0.0595
Knowles,183.0,8.0,500.25,2025-11-21 10:30:30+00:00,0.0875,0.0735,0.098,0.06275
Knowles,183.0,8.0,500.25,2025-11-21 10:45:30+00:00,0.091,0.077,0.10175,0.0655
Knowles,183.0,8.0,500.25,2025-11-21 11:00:30+00:00,0.09375,0.07975,0.10475,0.0675
Knowles,183.0,8.0,500.25,2025-11-21 11:15:30+00:00,0.09575,0.08175,0.10675,0.069
Knowles,183.0,8.0,500.25,2025-11-21 11:30:30+00:00,0.09675,0.08275,0.10775,0.06975
Knowles,183.0,8.0,500.25,2025-11-21 11:45:30+00:00,0.09675,0.083,0.10775,0.07
Knowles,183.0,8.0,500.25,2025-11-21 12:00:30+00:00,0.09625,0.08225,0.107,0.0695
Knowles,183.0,8.0,500.25,2025-11-21 12:15:30+00:00,0.095,0.08075,0.10525,0.06825
Knowles,183.0,8.0,500.25,2025-11-21 12:30:30+00:00,0.093,0.0785,0.10275,0.0665
Knowles,183.0,8.0,500.25,2025-11-21 12:45:30+00:00,0.09,0.0755,0.099,0.064
Knowles,183.0,8.0,500.25,2025-11-21 13:00:30+00:00,0.08625,0.07125,0.0945,0.061
Knowles,183.0,8.0,500.25,2025-11-21 13:15:30+00:00,0.081,0.06575,0.08925,0.05675
Knowles,183.0,8.0,500.25,2025-11-21 13:30:30+00:00,0.07425,0.0595,0.08325,0.05125
Knowles,183.0,8.0,500.25,2025-11-21 13:45:30+00:00,0.06725,0.05325,0.07625,0.04575
Knowles,183.0,8.0,500.25,2025-11-21 14:00:30+00:00,0.06075,0.047,0.06875,0.04075
Knowles,183.0,8.0,500.25,2025-11-21 14:15:30+00:00,0.053,0.0405,0.06025,0.03475
Knowles,183.0,8.0,500.25,2025-11-21 14:30:30+00:00,0.04625,0.034,0.05125,0.02925
Knowles,183.0,8.0,500.25,2025-11-21 14:45:30+00:00,0.03775,0.02725,0.0415,0.023
Knowles,183.0,8.0,500.25,2025-11-21 15:00:30+00:00,0.0285,0.01975,0.0315,0.01625
Knowles,183.0,8.0,500.25,2025-11-21 15:15:30+00:00,0.01825,0.0125,0.0205,0.0095
Knowles,183.0,8.0,500.25,2025-11-21 15:30:30+00:00,0.0055,0.005,0.0065,0.0035
Knowles,183.0,8.0,500.25,2025-11-21 15:45:30+00:00,0.00125,0.001,0.0015,0.00125
Knowles,183.0,8.0,500.25,2025-11-21 16:00:30+00:00,0.0,0.0,0.0,0.0
Knowles,183.0,8.0,500.25,2025-11-21 16:15:30+00:00,0.0,0.0,0.0,0.0
Knowles,183.0,8.0,500.25,2025-11-21 16:30:30+00:00,0.0,0.0,0.0,0.0
Knowles,183.0,8.0,500.25,2025-11-21 16:45:30+00:00,0.0,0.0,0.0,0.0
Knowles,183.0,8.0,500.25,2025-11-21 17:00:30+00:00,0.0,0.0,0.0,0.0
Knowles,183.0,8.0,500.25,2025-11-21 17:15:30+00:00,0.0,0.0,0.0,0.0
Knowles,183.0,8.0,500.25,2025-11-21 17:30:30+00:00,0.0,0.0,0.0,0.0
Knowles,183.0,8.0,500.25,2025-11-21 17:45:30+00:00,0.0,0.0,0.0,0.0
Knowles,183.0,8.0,500.25,2025-11-21 18:00:30+00:00,0.0,0.0,0.0,0.0
Knowles,183.0,8.0,500.25,2025-11-21 18:15:30+00:00,0.0,0.0,0.0,0.0
Knowles,183.0,8.0,500.25,2025-11-21 18:30:30+00:00,0.0,0.0,0.0,0.0
Knowles,183.0,8.0,500.25,2025-11-21 18:45:30+00:00,0.0,0.0,0.0,0.0
Knowles,183.0,8.0,500.25,2025-11-21 19:00:30+00:00,0.0,0.0,0.0,0.0
Knowles,183.0,8.0,500.25,2025-11-21 19:15:30+00:00,0.0,0.0,0.0,0.0
Knowles,183.0,8.0,500.25,2025-11-21 19:30:30+00:00,0.0,0.0,0.0,0.0
Knowles,183.0,8.0,500.25,2025-11-21 19:45:30+00:00,0.0,0.0,0.0,0.0
Knowles,183.0,8.0,500.25,2025-11-21 20:00:30+00:00,0.0,0.0,0.0,0.0
Knowles,183.0,8.0,500.25,2025-11-21 20:15:30+00:00,0.0,0.0,0.0,0.0
Knowles,183.0,8.0,500.25,2025-11-21 20:30:30+00:00,0.0,0.0,0.0,0.0
Knowles,183.0,8.0,500.25,2025-11-21 20:45:30+00:00,0.0,0.0,0.0,0.0
Knowles,183.0,8.0,500.25,2025-11-21 21:00:30+00:00,0.0,0.0,0.0,0.0
Knowles,183.0,8.0,500.25,2025-11-21 21:15:30+00:00,0.0,0.0,0.0,0.0
Knowles,183.0,8.0,500.25,2025-11-21 21:30:30+00:00,0.0,0.0,0.0,0.0
Knowles,183.0,8.0,500.25,2025-11-21 21:45:30+00:00,0.0,0.0,0.0,0.0
Knowles,183.0,8.0,500.25,2025-11-21 22:00:30+00:00,0.0,0.0,0.0,0.0
Knowles,183.0,8.0,500.25,2025-11-21 22:15:30+00:00,0.0,0.0,0.0,0.0
Knowles,183.0,8.0,500.25,2025-11-21 22:30:30+00:00,0.0,0.0,0.0,0.0
Knowles,183.0,8.0,500.25,2025-11-21 22:45:30+00:00,0.0,0.0,0.0,0.0
Knowles,183.0,8.0,500.25,2025-11-21 23:00:30+00:00,0.0,0.0,0.0,0.0
Knowles,183.0,8.0,500.25,2025-11-21 23:15:30+00:00,0.0,0.0,0.0,0.0
Knowles,183.0,8.0,500.25,2025-11-21 23:30:30+00:00,0.0,0.0,0.0,0.0
Knowles,183.0,8.0,500.25,2025-11-21 23:45:30+00:00,0.0,0.0,0.0,0.0
Knowles,183.0,8.0,500.25,2025-11-22 00:00:30+00:00,0.0,0.0,0.0,0.0
Knowles,183.0,8.0,500.25,2025-11-22 00:15:30+00:00,0.0,0.0,0.0,0.0
Knowles,183.0,8.0,500.25,2025-11-22 00:30:30+00:00,0.0,0.0,0.0,0.0
Knowles,183.0,8.0,500.25,2025-11-22 00:45:30+00:00,0.0,0.0,0.0,0.0
Knowles,183.0,8.0,500.25,2025-11-22 01:00:30+00:00,0.0,0.0,0.0,0.0
Knowles,183.0,8.0,500.25,2025-11-22 01:15:30+00:00,0.0,0.0,0.0,0.0
Knowles,183.0,8.0,500.25,2025-11-22 01:30:30+00:00,0.0,0.0,0.0,0.0
Knowles,183.0,8.0,500.25,2025-11-22 01:45:30+00:00,0.0,0.0,0.0,0.0
Knowles,183.0,8.0,500.25,2025-11-22 02:00:30+00:00,0.0,0.0,0.0,0.0
Knowles,183.0,8.0,500.25,2025-11-22 02:15:30+00:00,0.0,0.0,0.0,0.0
Knowles,183.0,8.0,500.25,2025-11-22 02:30:30+00:00,0.0,0.0,0.0,0.0
Knowles,183.0,8.0,500.25,2025-11-22 02:45:30+00:00,0.0,0.0,0.0,0.0
Knowles,183.0,8.0,500.25,2025-11-22 03:00:30+00:00,0.0,0.0,0.0,0.0
Knowles,183.0,8.0,500.25,2025-11-22 03:15:30+00:00,0.0,0.0,0.0,0.0
Knowles,183.0,8.0,500.25,2025-11-22 03:30:30+00:00,0.0,0.0,0.0,0.0
Knowles,183.0,8.0,500.25,2025-11-22 03:45:30+00:00,0.0,0.0,0.0,0.0
Knowles,183.0,8.0,500.25,2025-11-22 04:00:30+00:00,0.0,0.0,0.0,0.0
Knowles,183.0,8.0,500.25,2025-11-22 04:15:30+00:00,0.0,0.0,0.0,0.0
Knowles,183.0,8.0,500.25,2025-11-22 04:30:30+00:00,0.0,0.0,0.0,0.0
Knowles,183.0,8.0,500.25,2025-11-22 04:45:30+00:00,0.0,0.0,0.0,0.0
Knowles,183.0,8.0,500.25,2025-11-22 05:00:30+00:00,0.0,0.0,0.0,0.0
Knowles,183.0,8.0,500.25,2025-11-22 05:15:30+00:00,0.0,0.0,0.0,0.0
Knowles,183.0,8.0,500.25,2025-11-22 05:30:30+00:00,0.0,0.0,0.0,0.0
Knowles,183.0,8.0,500.25,2025-11-22 05:45:30+00:00,0.0,0.0,0.0,0.0
Knowles,183.0,8.0,500.25,2025-11-22 06:00:30+00:00,0.0,0.0,0.0,0.0
Knowles,183.0,8.0,500.25,2025-11-22 06:15:30+00:00,0.0,0.0,0.0,0.0
Knowles,183.0,8.0,500.25,2025-11-22 06:30:30+00:00,0.0,0.0,0.0,0.0
Knowles,183.0,8.0,500.25,2025-11-22 06:45:30+00:00,0.0,0.0,0.0,0.0
Knowles,183.0,8.0,500.25,2025-11-22 07:00:30+00:00,0.0,0.0,0.0,0.0
Knowles,183.0,8.0,500.25,2025-11-22 07:15:30+00:00,0.0,0.0,0.0,0.0
Knowles,183.0,8.0,500.25,2025-11-22 07:30:30+00:00,0.0005,0.00025,0.00125,0.0005
Knowles,183.0,8.0,500.25,2025-11-22 07:45:30+00:00,0.0015,0.0005,0.00325,0.0015
Knowles,183.0,8.0,500.25,2025-11-22 08:00:30+00:00,0.00375,0.00075,0.00725,0.00375
Knowles,183.0,8.0,500.25,2025-11-22 08:15:30+00:00,0.0065,0.00125,0.01175,0.0065
Knowles,183.0,8.0,500.25,2025-11-22 08:30:30+00:00,0.008,0.00175,0.02,0.008
Knowles,183.0,8.0,500.25,2025-11-22 08:45:30+00:00,0.02075,0.00425,0.03425,0.01725
Knowles,183.0,8.0,500.25,2025-11-22 09:00:30+00:00,0.02225,0.0045,0.0375,0.01925
Knowles,183.0,8.0,500.25,2025-11-22 09:15:30+00:00,0.0075,0.00325,0.03025,0.00725
Knowles,183.0,8.0,500.25,2025-11-22 09:30:30+00:00,0.02975,0.006,0.04275,0.025
Knowles,183.0,8.0,500.25,2025-11-22 09:45:30+00:00,0.01275,0.0045,0.04525,0.0115
Knowles,183.0,8.0,500.25,2025-11-22 10:00:30+00:00,0.021,0.00475,0.0415,0.01975
Knowles,183.0,8.0,500.25,2025-11-22 10:15:30+00:00,0.026,0.00575,0.0415,0.02475
Knowles,183.0,8.0,500.25,2025-11-22 10:30:30+00:00,0.023,0.009,0.03875,0.02275
Knowles,183.0,8.0,500.25,2025-11-22 10:45:30+00:00,0.023,0.00775,0.0375,0.02275
Knowles,183.0,8.0,500.25,2025-11-22 11:00:30+00:00,0.02175,0.00525,0.039,0.0215
Knowles,183.0,8.0,500.25,2025-11-22 11:15:30+00:00,0.01975,0.0055,0.038,0.01975
Knowles,183.0,8.0,500.25,2025-11-22 11:30:30+00:00,0.01375,0.0055,0.0335,0.014
Knowles,183.0,8.0,500.25,2025-11-22 11:45:30+00:00,0.00725,0.0055,0.027,0.0075
Knowles,183.0,8.0,500.25,2025-11-22 12:00:30+00:00,0.0065,0.00525,0.023,0.0065
Knowles,183.0,8.0,500.25,2025-11-22 12:15:30+00:00,0.0085,0.00525,0.0235,0.00875
Knowles,183.0,8.0,500.25,2025-11-22 12:30:30+00:00,0.01325,0.005,0.02475,0.0135
Knowles,183.0,8.0,500.25,2025-11-22 12:45:30+00:00,0.011,0.005,0.024,0.01125
Knowles,183.0,8.0,500.25,2025-11-22 13:00:30+00:00,0.00775,0.00475,0.02075,0.008
Knowles,183.0,8.0,500.25,2025-11-22 13:15:30+00:00,0.006,0.00425,0.01875,0.00625
Knowles,183.0,8.0,500.25,2025-11-22 13:30:30+00:00,0.00625,0.004,0.0185,0.00625
Knowles,183.0,8.0,500.25,2025-11-22 13:45:30+00:00,0.00825,0.0035,0.02175,0.0085
Knowles,183.0,8.0,500.25,2025-11-22 14:00:30+00:00,0.00825,0.00325,0.0235,0.00825
Knowles,183.0,8.0,500.25,2025-11-22 14:15:30+00:00,0.008,0.00275,0.0255,0.00825
Knowles,183.0,8.0,500.25,2025-11-22 14:30:30+00:00,0.017,0.0035,0.026,0.01475
Knowles,183.0,8.0,500.25,2025-11-22 14:45:30+00:00,0.008,0.00175,0.01925,0.0075
Knowles,183.0,8.0,500.25,2025-11-22 15:00:30+00:00,0.0035,0.00125,0.01075,0.0035
Knowles,183.0,8.0,500.25,2025-11-22 15:15:30+00:00,0.002,0.00075,0.00575,0.002
Knowles,183.0,8.0,500.25,2025-11-22 15:30:30+00:00,0.00075,0.00025,0.0025,0.00075
Knowles,183.0,8.0,500.25,2025-11-22 15:45:30+00:00,0.0,0.0,0.0005,0.0
Knowles,183.0,8.0,500.25,2025-11-22 16:00:30+00:00,0.0,0.0,0.0,0.0
Knowles,183.0,8.0,500.25,2025-11-22 16:15:30+00:00,0.0,0.0,0.0,0.0
Knowles,183.0,8.0,500.25,2025-11-22 16:30:30+00:00,0.0,0.0,0.0,0.0
Knowles,183.0,8.0,500.25,2025-11-22 16:45:30+00:00,0.0,0.0,0.0,0.0
Knowles,183.0,8.0,500.25,2025-11-22 17:00:30+00:00,0.0,0.0,0.0,0.0
Knowles,183.0,8.0,500.25,2025-11-22 17:15:30+00:00,0.0,0.0,0.0,0.0
Knowles,183.0,8.0,500.25,2025-11-22 17:30:30+00:00,0.0,0.0,0.0,0.0
Knowles,183.0,8.0,500.25,2025-11-22 17:45:30+00:00,0.0,0.0,0.0,0.0
Knowles,183.0,8.0,500.25,2025-11-22 18:00:30+00:00,0.0,0.0,0.0,0.0
Knowles,183.0,8.0,500.25,2025-11-22 18:15:30+00:00,0.0,0.0,0.0,0.0
Knowles,183.0,8.0,500.25,2025-11-22 18:30:30+00:00,0.0,0.0,0.0,0.0
Knowles,183.0,8.0,500.25,2025-11-22 18:45:30+00:00,0.0,0.0,0.0,0.0
Knowles,183.0,8.0,500.25,2025-11-22 19:00:30+00:00,0.0,0.0,0.0,0.0
Knowles,183.0,8.0,500.25,2025-11-22 19:15:30+00:00,0.0,0.0,0.0,0.0
Knowles,183.0,8.0,500.25,2025-11-22 19:30:30+00:00,0.0,0.0,0.0,0.0
Knowles,183.0,8.0,500.25,2025-11-22 19:45:30+00:00,0.0,0.0,0.0,0.0
Knowles,183.0,8.0,500.25,2025-11-22 20:00:30+00:00,0.0,0.0,0.0,0.0
Knowles,183.0,8.0,500.25,2025-11-22 20:15:30+00:00,0.0,0.0,0.0,0.0
Knowles,183.0,8.0,500.25,2025-11-22 20:30:30+00:00,0.0,0.0,0.0,0.0
Knowles,183.0,8.0,500.25,2025-11-22 20:45:30+00:00,0.0,0.0,0.0,0.0
Knowles,183.0,8.0,500.25,2025-11-22 21:00:30+00:00,0.0,0.0,0.0,0.0
Knowles,183.0,8.0,500.25,2025-11-22 21:15:30+00:00,0.0,0.0,0.0,0.0
Knowles,183.0,8.0,500.25,2025-11-22 21:30:30+00:00,0.0,0.0,0.0,0.0
Knowles,183.0,8.0,500.25,2025-11-22 21:45:30+00:00,0.0,0.0,0.0,0.0
Knowles,183.0,8.0,500.25,2025-11-22 22:00:30+00:00,0.0,0.0,0.0,0.0
Knowles,183.0,8.0,500.25,2025-11-22 22:15:30+00:00,0.0,0.0,0.0,0.0
Knowles,183.0,8.0,500.25,2025-11-22 22:30:30+00:00,0.0,0.0,0.0,0.0
Knowles,183.0,8.0,500.25,2025-11-22 22:45:30+00:00,0.0,0.0,0.0,0.0
Knowles,183.0,8.0,500.25,2025-11-22 23:00:30+00:00,0.0,0.0,0.0,0.0
Knowles,183.0,8.0,500.25,2025-11-22 23:15:30+00:00,0.0,0.0,0.0,0.0
Knowles,183.0,8.0,500.25,2025-11-22 23:30:30+00:00,0.0,0.0,0.0,0.0
Knowles,183.0,8.0,500.25,2025-11-22 23:45:30+00:00,0.0,0.0,0.0,0.0
Knowles,183.0,8.0,500.25,2025-11-23 00:00:30+00:00,0.0,0.0,0.0,0.0
Knowles,183.0,8.0,500.25,2025-11-23 00:15:30+00:00,0.0,0.0,0.0,0.0
Knowles,183.0,8.0,500.25,2025-11-23 00:30:30+00:00,0.0,0.0,0.0,0.0
Knowles,183.0,8.0,500.25,2025-11-23 00:45:30+00:00,0.0,0.0,0.0,0.0
Knowles,183.0,8.0,500.25,2025-11-23 01:00:30+00:00,0.0,0.0,0.0,0.0
Knowles,183.0,8.0,500.25,2025-11-23 01:15:30+00:00,0.0,0.0,0.0,0.0
Knowles,183.0,8.0,500.25,2025-11-23 01:30:30+00:00,0.0,0.0,0.0,0.0
Knowles,183.0,8.0,500.25,2025-11-23 01:45:30+00:00,0.0,0.0,0.0,0.0
Knowles,183.0,8.0,500.25,2025-11-23 02:00:30+00:00,0.0,0.0,0.0,0.0
Knowles,183.0,8.0,500.25,2025-11-23 02:15:30+00:00,0.0,0.0,0.0,0.0
Knowles,183.0,8.0,500.25,2025-11-23 02:30:30+00:00,0.0,0.0,0.0,0.0
Knowles,183.0,8.0,500.25,2025-11-23 02:45:30+00:00,0.0,0.0,0.0,0.0
Knowles,183.0,8.0,500.25,2025-11-23 03:00:30+00:00,0.0,0.0,0.0,0.0
Knowles,183.0,8.0,500.25,2025-11-23 03:15:30+00:00,0.0,0.0,0.0,0.0
Knowles,183.0,8.0,500.25,2025-11-23 03:30:30+00:00,0.0,0.0,0.0,0.0
Knowles,183.0,8.0,500.25,2025-11-23 03:45:30+00:00,0.0,0.0,0.0,0.0
Knowles,183.0,8.0,500.25,2025-11-23 04:00:30+00:00,0.0,0.0,0.0,0.0
Knowles,183.0,8.0,500.25,2025-11-23 04:15:30+00:00,0.0,0.0,0.0,0.0
Knowles,183.0,8.0,500.25,2025-11-23 04:30:30+00:00,0.0,0.0,0.0,0.0
Knowles,183.0,8.0,500.25,2025-11-23 04:45:30+00:00,0.0,0.0,0.0,0.0
Knowles,183.0,8.0,500.25,2025-11-23 05:00:30+00:00,0.0,0.0,0.0,0.0
Knowles,183.0,8.0,500.25,2025-11-23 05:15:30+00:00,0.0,0.0,0.0,0.0
Knowles,183.0,8.0,500.25,2025-11-23 05:30:30+00:00,0.0,0.0,0.0,0.0
Knowles,183.0,8.0,500.25,2025-11-23 05:45:30+00:00,0.0,0.0,0.0,0.0
Knowles,183.0,8.0,500.25,2025-11-23 06:00:30+00:00,0.0,0.0,0.0,0.0
Knowles,183.0,8.0,500.25,2025-11-23 06:15:30+00:00,0.0,0.0,0.0,0.0
Knowles,183.0,8.0,500.25,2025-11-23 06:30:30+00:00,0.0,0.0,0.0,0.0
Knowles,183.0,8.0,500.25,2025-11-23 06:45:30+00:00,0.0,0.0,0.0,0.0
Knowles,183.0,8.0,500.25,2025-11-23 07:00:30+00:00,0.0,0.0,0.0,0.0
Knowles,183.0,8.0,500.25,2025-11-23 07:15:30+00:00,0.0,0.0,0.0,0.0
Knowles,183.0,8.0,500.25,2025-11-23 07:30:30+00:00,0.0,0.0,0.0005,0.0
Knowles,183.0,8.0,500.25,2025-11-23 07:45:30+00:00,0.00025,0.00025,0.00125,0.00025
Knowles,183.0,8.0,500.25,2025-11-23 08:00:30+00:00,0.00075,0.0005,0.00325,0.00075
Knowles,183.0,8.0,500.25,2025-11-23 08:15:30+00:00,0.0015,0.001,0.006,0.0015
Knowles,183.0,8.0,500.25,2025-11-23 08:30:30+00:00,0.003,0.0015,0.01175,0.003
Knowles,183.0,8.0,500.25,2025-11-23 08:45:30+00:00,0.01125,0.0025,0.02025,0.00975
Knowles,183.0,8.0,500.25,2025-11-23 09:00:30+00:00,0.01025,0.003,0.02775,0.00925
Knowles,183.0,8.0,500.25,2025-11-23 09:15:30+00:00,0.01225,0.00325,0.03225,0.01225
Knowles,183.0,8.0,500.25,2025-11-23 09:30:30+00:00,0.01925,0.00375,0.052,0.018
Knowles,183.0,8.0,500.25,2025-11-23 09:45:30+00:00,0.05775,0.017,0.06875,0.04525
Knowles,183.0,8.0,500.25,2025-11-23 10:00:30+00:00,0.06975,0.0305,0.078,0.0525
Knowles,183.0,8.0,500.25,2025-11-23 10:15:30+00:00,0.06325,0.03325,0.08275,0.048
Knowles,183.0,8.0,500.25,2025-11-23 10:30:30+00:00,0.0685,0.02825,0.0865,0.053
Knowles,183.0,8.0,500.25,2025-11-23 10:45:30+00:00,0.0475,0.02725,0.0845,0.039
Knowles,183.0,8.0,500.25,2025-11-23 11:00:30+00:00,0.06625,0.032,0.09075,0.0525
Knowles,183.0,8.0,500.25,2025-11-23 11:15:30+00:00,0.08625,0.05025,0.09975,0.0635
Knowles,183.0,8.0,500.25,2025-11-23 11:30:30+00:00,0.0905,0.0595,0.10225,0.06575
Knowles,183.0,8.0,500.25,2025-11-23 11:45:30+00:00,0.0845,0.0585,0.0995,0.06325
Knowles,183.0,8.0,500.25,2025-11-23 12:00:30+00:00,0.074,0.04325,0.097,0.05625
Knowles,183.0,8.0,500.25,2025-11-23 12:15:30+00:00,0.065,0.034,0.09375,0.05
Knowles,183.0,8.0,500.25,2025-11-23 12:30:30+00:00,0.072,0.0165,0.0895,0.0565
Knowles,183.0,8.0,500.25,2025-11-23 12:45:30+00:00,0.03325,0.0065,0.07425,0.0285
Knowles,183.0,8.0,500.25,2025-11-23 13:00:30+00:00,0.01225,0.00475,0.046,0.01225
Knowles,183.0,8.0,500.25,2025-11-23 13:15:30+00:00,0.0175,0.0045,0.0365,0.01725
Knowles,183.0,8.0,500.25,2025-11-23 13:30:30+00:00,0.01675,0.004,0.03325,0.0165
Knowles,183.0,8.0,500.25,2025-11-23 13:45:30+00:00,0.01425,0.0035,0.03275,0.01425
Knowles,183.0,8.0,500.25,2025-11-23 14:00:30+00:00,0.015,0.00325,0.0365,0.01475
Knowles,183.0,8.0,500.25,2025-11-23 14:15:30+00:00,0.028,0.0055,0.04675,0.022
Knowles,183.0,8.0,500.25,2025-11-23 14:30:30+00:00,0.02775,0.009,0.041,0.0205
Knowles,183.0,8.0,500.25,2025-11-23 14:45:30+00:00,0.02725,0.01175,0.03375,0.01875
Knowles,183.0,8.0,500.25,2025-11-23 15:00:30+00:00,0.02125,0.012,0.02575,0.01325
Knowles,183.0,8.0,500.25,2025-11-23 15:15:30+00:00,0.01175,0.0075,0.015,0.00725
Knowles,183.0,8.0,500.25,2025-11-23 15:30:30+00:00,0.00325,0.0025,0.004,0.0025
Knowles,183.0,8.0,500.25,2025-11-23 15:45:30+00:00,0.00025,0.00025,0.0005,0.00025
Knowles,183.0,8.0,500.25,2025-11-23 16:00:30+00:00,0.0,0.0,0.0,0.0
Knowles,183.0,8.0,500.25,2025-11-23 16:15:30+00:00,0.0,0.0,0.0,0.0
Knowles,183.0,8.0,500.25,2025-11-23 16:30:30+00:00,0.0,0.0,0.0,0.0
Knowles,183.0,8.0,500.25,2025-11-23 16:45:30+00:00,0.0,0.0,0.0,0.0
Knowles,183.0,8.0,500.25,2025-11-23 17:00:30+00:00,0.0,0.0,0.0,0.0
Knowles,183.0,8.0,500.25,2025-11-23 17:15:30+00:00,0.0,0.0,0.0,0.0
Knowles,183.0,8.0,500.25,2025-11-23 17:30:30+00:00,0.0,0.0,0.0,0.0
Knowles,183.0,8.0,500.25,2025-11-23 17:45:30+00:00,0.0,0.0,0.0,0.0
Knowles,183.0,8.0,500.25,2025-11-23 18:00:30+00:00,0.0,0.0,0.0,0.0
Knowles,183.0,8.0,500.25,2025-11-23 18:15:30+00:00,0.0,0.0,0.0,0.0
Knowles,183.0,8.0,500.25,2025-11-23 18:30:30+00:00,0.0,0.0,0.0,0.0
Knowles,183.0,8.0,500.25,2025-11-23 18:45:30+00:00,0.0,0.0,0.0,0.0
Knowles,183.0,8.0,500.25,2025-11-23 19:00:30+00:00,0.0,0.0,0.0,0.0
Knowles,183.0,8.0,500.25,2025-11-23 19:15:30+00:00,0.0,0.0,0.0,0.0
Knowles,183.0,8.0,500.25,2025-11-23 19:30:30+00:00,0.0,0.0,0.0,0.0
Knowles,183.0,8.0,500.25,2025-11-23 19:45:30+00:00,0.0,0.0,0.0,0.0
Knowles,183.0,8.0,500.25,2025-11-23 20:00:30+00:00,0.0,0.0,0.0,0.0
Knowles,183.0,8.0,500.25,2025-11-23 20:15:30+00:00,0.0,0.0,0.0,0.0
Knowles,183.0,8.0,500.25,2025-11-23 20:30:30+00:00,0.0,0.0,0.0,0.0
Knowles,183.0,8.0,500.25,2025-11-23 20:45:30+00:00,0.0,0.0,0.0,0.0
Knowles,183.0,8.0,500.25,2025-11-23 21:00:30+00:00,0.0,0.0,0.0,0.0
Knowles,183.0,8.0,500.25,2025-11-23 21:15:30+00:00,0.0,0.0,0.0,0.0
Knowles,183.0,8.0,500.25,2025-11-23 21:30:30+00:00,0.0,0.0,0.0,0.0
Knowles,183.0,8.0,500.25,2025-11-23 21:45:30+00:00,0.0,0.0,0.0,0.0
Knowles,183.0,8.0,500.25,2025-11-23 22:00:30+00:00,0.0,0.0,0.0,0.0
Knowles,183.0,8.0,500.25,2025-11-23 22:15:30+00:00,0.0,0.0,0.0,0.0
Knowles,183.0,8.0,500.25,2025-11-23 22:30:30+00:00,0.0,0.0,0.0,0.0
Knowles,183.0,8.0,500.25,2025-11-23 22:45:30+00:00,0.0,0.0,0.0,0.0
Knowles,183.0,8.0,500.25,2025-11-23 23:00:30+00:00,0.0,0.0,0.0,0.0
Knowles,183.0,8.0,500.25,2025-11-23 23:15:30+00:00,0.0,0.0,0.0,0.0
Knowles,183.0,8.0,500.25,2025-11-23 23:30:30+00:00,0.0,0.0,0.0,0.0
Knowles,183.0,8.0,500.25,2025-11-23 23:45:30+00:00,0.0,0.0,0.0,0.0
Knowles,183.0,8.0,500.25,2025-11-24 00:00:30+00:00,0.0,0.0,0.0,0.0
Knowles,183.0,8.0,500.25,2025-11-24 00:15:30+00:00,0.0,0.0,0.0,0.0
Knowles,183.0,8.0,500.25,2025-11-24 00:30:30+00:00,0.0,0.0,0.0,0.0
Knowles,183.0,8.0,500.25,2025-11-24 00:45:30+00:00,0.0,0.0,0.0,0.0
Knowles,183.0,8.0,500.25,2025-11-24 01:00:30+00:00,0.0,0.0,0.0,0.0
Knowles,183.0,8.0,500.25,2025-11-24 01:15:30+00:00,0.0,0.0,0.0,0.0
Knowles,183.0,8.0,500.25,2025-11-24 01:30:30+00:00,0.0,0.0,0.0,0.0
Knowles,183.0,8.0,500.25,2025-11-24 01:45:30+00:00,0.0,0.0,0.0,0.0
Knowles,183.0,8.0,500.25,2025-11-24 02:00:30+00:00,0.0,0.0,0.0,0.0
Knowles,183.0,8.0,500.25,2025-11-24 02:15:30+00:00,0.0,0.0,0.0,0.0
Knowles,183.0,8.0,500.25,2025-11-24 02:30:30+00:00,0.0,0.0,0.0,0.0
Knowles,183.0,8.0,500.25,2025-11-24 02:45:30+00:00,0.0,0.0,0.0,0.0
Knowles,183.0,8.0,500.25,2025-11-24 03:00:30+00:00,0.0,0.0,0.0,0.0
Knowles,183.0,8.0,500.25,2025-11-24 03:15:30+00:00,0.0,0.0,0.0,0.0
Knowles,183.0,8.0,500.25,2025-11-24 03:30:30+00:00,0.0,0.0,0.0,0.0
Knowles,183.0,8.0,500.25,2025-11-24 03:45:30+00:00,0.0,0.0,0.0,0.0
Knowles,183.0,8.0,500.25,2025-11-24 04:00:30+00:00,0.0,0.0,0.0,0.0
Knowles,183.0,8.0,500.25,2025-11-24 04:15:30+00:00,0.0,0.0,0.0,0.0
Knowles,183.0,8.0,500.25,2025-11-24 04:30:30+00:00,0.0,0.0,0.0,0.0
Knowles,183.0,8.0,500.25,2025-11-24 04:45:30+00:00,0.0,0.0,0.0,0.0
Knowles,183.0,8.0,500.25,2025-11-24 05:00:30+00:00,0.0,0.0,0.0,0.0
Knowles,183.0,8.0,500.25,2025-11-24 05:15:30+00:00,0.0,0.0,0.0,0.0
Knowles,183.0,8.0,500.25,2025-11-24 05:30:30+00:00,0.0,0.0,0.0,0.0
Knowles,183.0,8.0,500.25,2025-11-24 05:45:30+00:00,0.0,0.0,0.0,0.0
Knowles,183.0,8.0,500.25,2025-11-24 06:00:30+00:00,0.0,0.0,0.0,0.0
Knowles,183.0,8.0,500.25,2025-11-24 06:15:30+00:00,0.0,0.0,0.0,0.0
Knowles,183.0,8.0,500.25,2025-11-24 06:30:30+00:00,0.0,0.0,0.0,0.0
Knowles,183.0,8.0,500.25,2025-11-24 06:45:30+00:00,0.0,0.0,0.0,0.0
Knowles,183.0,8.0,500.25,2025-11-24 07:00:30+00:00,0.0,0.0,0.0,0.0
Knowles,183.0,8.0,500.25,2025-11-24 07:15:30+00:00,0.0,0.0,0.0,0.0
Knowles,183.0,8.0,500.25,2025-11-24 07:30:30+00:00,0.0,0.0,0.0,0.0
Knowles,183.0,8.0,500.25,2025-11-24 07:45:30+00:00,0.002,0.00175,0.00225,0.00225
Knowles,183.0,8.0,500.25,2025-11-24 08:00:30+00:00,0.01125,0.008,0.01275,0.0065
Knowles,183.0,8.0,500.25,2025-11-24 08:15:30+00:00,0.0215,0.0125,0.0235,0.01275
Knowles,183.0,8.0,500.25,2025-11-24 08:30:30+00:00,0.0285,0.0125,0.03075,0.01925
Knowles,183.0,8.0,500.25,2025-11-24 08:45:30+00:00,0.02925,0.0095,0.0385,0.021
Knowles,183.0,8.0,500.25,2025-11-24 09:00:30+00:00,0.025,0.0055,0.043,0.02
Knowles,183.0,8.0,500.25,2025-11-24 09:15:30+00:00,0.02075,0.00525,0.0385,0.019
Knowles,183.0,8.0,500.25,2025-11-24 09:30:30+00:00,0.02225,0.00675,0.0395,0.0205
Knowles,183.0,8.0,500.25,2025-11-24 09:45:30+00:00,0.02775,0.01025,0.0465,0.025
Knowles,183.0,8.0,500.25,2025-11-24 10:00:30+00:00,0.037,0.01675,0.06175,0.03125
Knowles,183.0,8.0,500.25,2025-11-24 10:15:30+00:00,0.054,0.02725,0.0745,0.04275
Knowles,183.0,8.0,500.25,2025-11-24 10:30:30+00:00,0.06075,0.0395,0.08175,0.04675
Knowles,183.0,8.0,500.25,2025-11-24 10:45:30+00:00,0.06575,0.04625,0.08225,0.05
Knowles,183.0,8.0,500.25,2025-11-24 11:00:30+00:00,0.0645,0.04775,0.0795,0.04975
Knowles,183.0,8.0,500.25,2025-11-24 11:15:30+00:00,0.05875,0.04325,0.077,0.047
Knowles,183.0,8.0,500.25,2025-11-24 11:30:30+00:00,0.059,0.043,0.07975,0.04725
Knowles,183.0,8.0,500.25,2025-11-24 11:45:30+00:00,0.06675,0.04625,0.087,0.05275
Knowles,183.0,8.0,500.25,2025-11-24 12:00:30+00:00,0.0765,0.05225,0.0935,0.05775
Knowles,183.0,8.0,500.25,2025-11-24 12:15:30+00:00,0.07225,0.0555,0.09325,0.0545
Knowles,183.0,8.0,500.25,2025-11-24 12:30:30+00:00,0.075,0.0575,0.09125,0.05575
Knowles,183.0,8.0,500.25,2025-11-24 12:45:30+00:00,0.077,0.05875,0.09125,0.0555
Knowles,183.0,8.0,500.25,2025-11-24 13:00:30+00:00,0.071,0.052,0.08675,0.051
Knowles,183.0,8.0,500.25,2025-11-24 13:15:30+00:00,0.0635,0.0385,0.08,0.04625
Knowles,183.0,8.0,500.25,2025-11-24 13:30:30+00:00,0.05425,0.02425,0.07225,0.04
Knowles,183.0,8.0,500.25,2025-11-24 13:45:30+00:00,0.03825,0.0105,0.06075,0.03025
Knowles,183.0,8.0,500.25,2025-11-24 14:00:30+00:00,0.0195,0.00425,0.0415,0.01775
Knowles,183.0,8.0,500.25,2025-11-24 14:15:30+00:00,0.01575,0.00425,0.03225,0.01475
Knowles,183.0,8.0,500.25,2025-11-24 14:30:30+00:00,0.02325,0.007,0.03225,0.0185
Knowles,183.0,8.0,500.25,2025-11-24 14:45:30+00:00,0.01775,0.00625,0.02725,0.01375
Knowles,183.0,8.0,500.25,2025-11-24 15:00:30+00:00,0.00725,0.00225,0.01475,0.00675
Knowles,183.0,8.0,500.25,2025-11-24 15:15:30+00:00,0.00325,0.00075,0.007,0.00325
Knowles,183.0,8.0,500.25,2025-11-24 15:30:30+00:00,0.001,0.00025,0.0025,0.001
Knowles,183.0,8.0,500.25,2025-11-24 15:45:30+00:00,0.0,0.0,0.00025,0.0
Knowles,183.0,8.0,500.25,2025-11-24 16:00:30+00:00,0.0,0.0,0.0,0.0
Knowles,183.0,8.0,500.25,2025-11-24 16:15:30+00:00,0.0,0.0,0.0,0.0
Knowles,183.0,8.0,500.25,2025-11-24 16:30:30+00:00,0.0,0.0,0.0,0.0
Knowles,183.0,8.0,500.25,2025-11-24 16:45:30+00:00,0.0,0.0,0.0,0.0
Knowles,183.0,8.0,500.25,2025-11-24 17:00:30+00:00,0.0,0.0,0.0,0.0
Knowles,183.0,8.0,500.25,2025-11-24 17:15:30+00:00,0.0,0.0,0.0,0.0
Knowles,183.0,8.0,500.25,2025-11-24 17:30:30+00:00,0.0,0.0,0.0,0.0
Knowles,183.0,8.0,500.25,2025-11-24 17:45:30+00:00,0.0,0.0,0.0,0.0
Knowles,183.0,8.0,500.25,2025-11-24 18:00:30+00:00,0.0,0.0,0.0,0.0
Knowles,183.0,8.0,500.25,2025-11-24 18:15:30+00:00,0.0,0.0,0.0,0.0
Knowles,183.0,8.0,500.25,2025-11-24 18:30:30+00:00,0.0,0.0,0.0,0.0
Knowles,183.0,8.0,500.25,2025-11-24 18:45:30+00:00,0.0,0.0,0.0,0.0
Knowles,183.0,8.0,500.25,2025-11-24 19:00:30+00:00,0.0,0.0,0.0,0.0
Knowles,183.0,8.0,500.25,2025-11-24 19:15:30+00:00,0.0,0.0,0.0,0.0
Knowles,183.0,8.0,500.25,2025-11-24 19:30:30+00:00,0.0,0.0,0.0,0.0
Knowles,183.0,8.0,500.25,2025-11-24 19:45:30+00:00,0.0,0.0,0.0,0.0
Knowles,183.0,8.0,500.25,2025-11-24 20:00:30+00:00,0.0,0.0,0.0,0.0
Knowles,183.0,8.0,500.25,2025-11-24 20:15:30+00:00,0.0,0.0,0.0,0.0
Knowles,183.0,8.0,500.25,2025-11-24 20:30:30+00:00,0.0,0.0,0.0,0.0
Knowles,183.0,8.0,500.25,2025-11-24 20:45:30+00:00,0.0,0.0,0.0,0.0
Knowles,183.0,8.0,500.25,2025-11-24 21:00:30+00:00,0.0,0.0,0.0,0.0
Knowles,183.0,8.0,500.25,2025-11-24 21:15:30+00:00,0.0,0.0,0.0,0.0
Knowles,183.0,8.0,500.25,2025-11-24 21:30:30+00:00,0.0,0.0,0.0,0.0
Knowles,183.0,8.0,500.25,2025-11-24 21:45:30+00:00,0.0,0.0,0.0,0.0
Knowles,183.0,8.0,500.25,2025-11-24 22:00:30+00:00,0.0,0.0,0.0,0.0
Knowles,183.0,8.0,500.25,2025-11-24 22:15:30+00:00,0.0,0.0,0.0,0.0
Knowles,183.0,8.0,500.25,2025-11-24 22:30:30+00:00,0.0,0.0,0.0,0.0
Knowles,183.0,8.0,500.25,2025-11-24 22:45:30+00:00,0.0,0.0,0.0,0.0
Knowles,183.0,8.0,500.25,2025-11-24 23:00:30+00:00,0.0,0.0,0.0,0.0
Knowles,183.0,8.0,500.25,2025-11-24 23:15:30+00:00,0.0,0.0,0.0,0.0
Knowles,183.0,8.0,500.25,2025-11-24 23:30:30+00:00,0.0,0.0,0.0,0.0
Knowles,183.0,8.0,500.25,2025-11-24 23:45:30+00:00,0.0,0.0,0.0,0.0
Knowles,183.0,8.0,500.25,2025-11-25 00:00:30+00:00,0.0,0.0,0.0,0.0
Knowles,183.0,8.0,500.25,2025-11-25 00:15:30+00:00,0.0,0.0,0.0,0.0
Knowles,183.0,8.0,500.25,2025-11-25 00:30:30+00:00,0.0,0.0,0.0,0.0
Knowles,183.0,8.0,500.25,2025-11-25 00:45:30+00:00,0.0,0.0,0.0,0.0
Knowles,183.0,8.0,500.25,2025-11-25 01:00:30+00:00,0.0,0.0,0.0,0.0
Knowles,183.0,8.0,500.25,2025-11-25 01:15:30+00:00,0.0,0.0,0.0,0.0
Knowles,183.0,8.0,500.25,2025-11-25 01:30:30+00:00,0.0,0.0,0.0,0.0
Knowles,183.0,8.0,500.25,2025-11-25 01:45:30+00:00,0.0,0.0,0.0,0.0
Knowles,183.0,8.0,500.25,2025-11-25 02:00:30+00:00,0.0,0.0,0.0,0.0
Knowles,183.0,8.0,500.25,2025-11-25 02:15:30+00:00,0.0,0.0,0.0,0.0
Knowles,183.0,8.0,500.25,2025-11-25 02:30:30+00:00,0.0,0.0,0.0,0.0
Knowles,183.0,8.0,500.25,2025-11-25 02:45:30+00:00,0.0,0.0,0.0,0.0
Knowles,183.0,8.0,500.25,2025-11-25 03:00:30+00:00,0.0,0.0,0.0,0.0
Knowles,183.0,8.0,500.25,2025-11-25 03:15:30+00:00,0.0,0.0,0.0,0.0
Knowles,183.0,8.0,500.25,2025-11-25 03:30:30+00:00,0.0,0.0,0.0,0.0
Knowles,183.0,8.0,500.25,2025-11-25 03:45:30+00:00,0.0,0.0,0.0,0.0
Knowles,183.0,8.0,500.25,2025-11-25 04:00:30+00:00,0.0,0.0,0.0,0.0
Knowles,183.0,8.0,500.25,2025-11-25 04:15:30+00:00,0.0,0.0,0.0,0.0
Knowles,183.0,8.0,500.25,2025-11-25 04:30:30+00:00,0.0,0.0,0.0,0.0
Knowles,183.0,8.0,500.25,2025-11-25 04:45:30+00:00,0.0,0.0,0.0,0.0
Knowles,183.0,8.0,500.25,2025-11-25 05:00:30+00:00,0.0,0.0,0.0,0.0
Knowles,183.0,8.0,500.25,2025-11-25 05:15:30+00:00,0.0,0.0,0.0,0.0
Knowles,183.0,8.0,500.25,2025-11-25 05:30:30+00:00,0.0,0.0,0.0,0.0
Knowles,183.0,8.0,500.25,2025-11-25 05:45:30+00:00,0.0,0.0,0.0,0.0
Knowles,183.0,8.0,500.25,2025-11-25 06:00:30+00:00,0.0,0.0,0.0,0.0
Knowles,183.0,8.0,500.25,2025-11-25 06:15:30+00:00,0.0,0.0,0.0,0.0
Knowles,183.0,8.0,500.25,2025-11-25 06:30:30+00:00,0.0,0.0,0.0,0.0
Knowles,183.0,8.0,500.25,2025-11-25 06:45:30+00:00,0.0,0.0,0.0,0.0
Knowles,183.0,8.0,500.25,2025-11-25 07:00:30+00:00,0.0,0.0,0.0,0.0
Knowles,183.0,8.0,500.25,2025-11-25 07:15:30+00:00,0.0,0.0,0.0,0.0
Knowles,183.0,8.0,500.25,2025-11-25 07:30:30+00:00,0.0,0.0,0.0,0.0
Knowles,183.0,8.0,500.25,2025-11-25 07:45:30+00:00,0.00125,0.001,0.00175,0.00125
Knowles,183.0,8.0,500.25,2025-11-25 08:00:30+00:00,0.00575,0.0035,0.0085,0.0045
Knowles,183.0,8.0,500.25,2025-11-25 08:15:30+00:00,0.01375,0.008,0.0195,0.00925
Knowles,183.0,8.0,500.25,2025-11-25 08:30:30+00:00,0.0215,0.01025,0.02825,0.01525
Knowles,183.0,8.0,500.25,2025-11-25 08:45:30+00:00,0.02125,0.0105,0.03275,0.01675
Knowles,183.0,8.0,500.25,2025-11-25 09:00:30+00:00,0.02275,0.01275,0.03825,0.019
Knowles,183.0,8.0,500.25,2025-11-25 09:15:30+00:00,0.03575,0.0195,0.05125,0.0275
Knowles,183.0,8.0,500.25,2025-11-25 09:30:30+00:00,0.04725,0.02775,0.06075,0.03525
Knowles,183.0,8.0,500.25,2025-11-25 09:45:30+00:00,0.04625,0.03375,0.0645,0.03575
Knowles,183.0,8.0,500.25,2025-11-25 10:00:30+00:00,0.05525,0.037,0.066,0.043
Knowles,183.0,8.0,500.25,2025-11-25 10:15:30+00:00,0.05175,0.04025,0.07175,0.041
Knowles,183.0,8.0,500.25,2025-11-25 10:30:30+00:00,0.0645,0.04375,0.07975,0.04925
Knowles,183.0,8.0,500.25,2025-11-25 10:45:30+00:00,0.06675,0.03675,0.08825,0.05075
Knowles,183.0,8.0,500.25,2025-11-25 11:00:30+00:00,0.053,0.02775,0.08525,0.04325
Knowles,183.0,8.0,500.25,2025-11-25 11:15:30+00:00,0.06025,0.012,0.088,0.0485
Knowles,183.0,8.0,500.25,2025-11-25 11:30:30+00:00,0.031,0.0095,0.081,0.0275
Knowles,183.0,8.0,500.25,2025-11-25 11:45:30+00:00,0.05525,0.01425,0.089,0.0445
Knowles,183.0,8.0,500.25,2025-11-25 12:00:30+00:00,0.08175,0.0355,0.0955,0.061
Knowles,183.0,8.0,500.25,2025-11-25 12:15:30+00:00,0.08625,0.047,0.09725,0.062
Knowles,183.0,8.0,500.25,2025-11-25 12:30:30+00:00,0.083,0.04575,0.094,0.05975
Knowles,183.0,8.0,500.25,2025-11-25 12:45:30+00:00,0.067,0.031,0.086,0.0505
Knowles,183.0,8.0,500.25,2025-11-25 13:00:30+00:00,0.04125,0.01875,0.074,0.03425
Knowles,183.0,8.0,500.25,2025-11-25 13:15:30+00:00,0.0395,0.018,0.069,0.03275
Knowles,183.0,8.0,500.25,2025-11-25 13:30:30+00:00,0.0595,0.02575,0.07075,0.04425
Knowles,183.0,8.0,500.25,2025-11-25 13:45:30+00:00,0.0575,0.028,0.06475,0.042
Knowles,183.0,8.0,500.25,2025-11-25 14:00:30+00:00,0.036,0.02275,0.054,0.0275
Knowles,183.0,8.0,500.25,2025-11-25 14:15:30+00:00,0.035,0.01925,0.047,0.02625
Knowles,183.0,8.0,500.25,2025-11-25 14:30:30+00:00,0.03425,0.02025,0.042,0.02325
Knowles,183.0,8.0,500.25,2025-11-25 14:45:30+00:00,0.02875,0.01825,0.034,0.01825
Knowles,183.0,8.0,500.25,2025-11-25 15:00:30+00:00,0.0215,0.014,0.02525,0.0125
Knowles,183.0,8.0,500.25,2025-11-25 15:15:30+00:00,0.01075,0.0075,0.01325,0.0065
Knowles,183.0,8.0,500.25,2025-11-25 15:30:30+00:00,0.0025,0.00225,0.003,0.002
Knowles,183.0,8.0,500.25,2025-11-25 15:45:30+00:00,0.0,0.0,0.0,0.0
Knowles,183.0,8.0,500.25,2025-11-25 16:00:30+00:00,0.0,0.0,0.0,0.0
Knowles,183.0,8.0,500.25,2025-11-25 16:15:30+00:00,0.0,0.0,0.0,0.0
Knowles,183.0,8.0,500.25,2025-11-25 16:30:30+00:00,0.0,0.0,0.0,0.0
Knowles,183.0,8.0,500.25,2025-11-25 16:45:30+00:00,0.0,0.0,0.0,0.0
Knowles,183.0,8.0,500.25,2025-11-25 17:00:30+00:00,0.0,0.0,0.0,0.0
Knowles,183.0,8.0,500.25,2025-11-25 17:15:30+00:00,0.0,0.0,0.0,0.0
Knowles,183.0,8.0,500.25,2025-11-25 17:30:30+00:00,0.0,0.0,0.0,0.0
Knowles,183.0,8.0,500.25,2025-11-25 17:45:30+00:00,0.0,0.0,0.0,0.0
Knowles,183.0,8.0,500.25,2025-11-25 18:00:30+00:00,0.0,0.0,0.0,0.0
Knowles,183.0,8.0,500.25,2025-11-25 18:15:30+00:00,0.0,0.0,0.0,0.0
Knowles,183.0,8.0,500.25,2025-11-25 18:30:30+00:00,0.0,0.0,0.0,0.0
Knowles,183.0,8.0,500.25,2025-11-25 18:45:30+00:00,0.0,0.0,0.0,0.0
Knowles,183.0,8.0,500.25,2025-11-25 19:00:30+00:00,0.0,0.0,0.0,0.0
Knowles,183.0,8.0,500.25,2025-11-25 19:15:30+00:00,0.0,0.0,0.0,0.0
Knowles,183.0,8.0,500.25,2025-11-25 19:30:30+00:00,0.0,0.0,0.0,0.0
Knowles,183.0,8.0,500.25,2025-11-25 19:45:30+00:00,0.0,0.0,0.0,0.0
Knowles,183.0,8.0,500.25,2025-11-25 20:00:30+00:00,0.0,0.0,0.0,0.0
Knowles,183.0,8.0,500.25,2025-11-25 20:15:30+00:00,0.0,0.0,0.0,0.0
Knowles,183.0,8.0,500.25,2025-11-25 20:30:30+00:00,0.0,0.0,0.0,0.0
Knowles,183.0,8.0,500.25,2025-11-25 20:45:30+00:00,0.0,0.0,0.0,0.0
Knowles,183.0,8.0,500.25,2025-11-25 21:00:30+00:00,0.0,0.0,0.0,0.0
Knowles,183.0,8.0,500.25,2025-11-25 21:15:30+00:00,0.0,0.0,0.0,0.0
Knowles,183.0,8.0,500.25,2025-11-25 21:30:30+00:00,0.0,0.0,0.0,0.0
Knowles,183.0,8.0,500.25,2025-11-25 21:45:30+00:00,0.0,0.0,0.0,0.0
Knowles,183.0,8.0,500.25,2025-11-25 22:00:30+00:00,0.0,0.0,0.0,0.0
Knowles,183.0,8.0,500.25,2025-11-25 22:15:30+00:00,0.0,0.0,0.0,0.0
Knowles,183.0,8.0,500.25,2025-11-25 22:30:30+00:00,0.0,0.0,0.0,0.0
Knowles,183.0,8.0,500.25,2025-11-25 22:45:30+00:00,0.0,0.0,0.0,0.0
Knowles,183.0,8.0,500.25,2025-11-25 23:00:30+00:00,0.0,0.0,0.0,0.0
Knowles,183.0,8.0,500.25,2025-11-25 23:15:30+00:00,0.0,0.0,0.0,0.0
Knowles,183.0,8.0,500.25,2025-11-25 23:30:30+00:00,0.0,0.0,0.0,0.0
Knowles,183.0,8.0,500.25,2025-11-25 23:45:30+00:00,0.0,0.0,0.0,0.0
Knowles,183.0,8.0,500.25,2025-11-26 00:00:30+00:00,0.0,0.0,0.0,0.0
Knowles,183.0,8.0,500.25,2025-11-26 00:15:30+00:00,0.0,0.0,0.0,0.0
Knowles,183.0,8.0,500.25,2025-11-26 00:30:30+00:00,0.0,0.0,0.0,0.0
Knowles,183.0,8.0,500.25,2025-11-26 00:45:30+00:00,0.0,0.0,0.0,0.0
Knowles,183.0,8.0,500.25,2025-11-26 01:00:30+00:00,0.0,0.0,0.0,0.0
Knowles,183.0,8.0,500.25,2025-11-26 01:15:30+00:00,0.0,0.0,0.0,0.0
Knowles,183.0,8.0,500.25,2025-11-26 01:30:30+00:00,0.0,0.0,0.0,0.0
Knowles,183.0,8.0,500.25,2025-11-26 01:45:30+00:00,0.0,0.0,0.0,0.0
Knowles,183.0,8.0,500.25,2025-11-26 02:00:30+00:00,0.0,0.0,0.0,0.0
Knowles,183.0,8.0,500.25,2025-11-26 02:15:30+00:00,0.0,0.0,0.0,0.0
Knowles,183.0,8.0,500.25,2025-11-26 02:30:30+00:00,0.0,0.0,0.0,0.0
Knowles,183.0,8.0,500.25,2025-11-26 02:45:30+00:00,0.0,0.0,0.0,0.0
Knowles,183.0,8.0,500.25,2025-11-26 03:00:30+00:00,0.0,0.0,0.0,0.0
Knowles,183.0,8.0,500.25,2025-11-26 03:15:30+00:00,0.0,0.0,0.0,0.0
Knowles,183.0,8.0,500.25,2025-11-26 03:30:30+00:00,0.0,0.0,0.0,0.0
Knowles,183.0,8.0,500.25,2025-11-26 03:45:30+00:00,0.0,0.0,0.0,0.0
Knowles,183.0,8.0,500.25,2025-11-26 04:00:30+00:00,0.0,0.0,0.0,0.0
Knowles,183.0,8.0,500.25,2025-11-26 04:15:30+00:00,0.0,0.0,0.0,0.0
Knowles,183.0,8.0,500.25,2025-11-26 04:30:30+00:00,0.0,0.0,0.0,0.0
Knowles,183.0,8.0,500.25,2025-11-26 04:45:30+00:00,0.0,0.0,0.0,0.0
Knowles,183.0,8.0,500.25,2025-11-26 05:00:30+00:00,0.0,0.0,0.0,0.0
Knowles,183.0,8.0,500.25,2025-11-26 05:15:30+00:00,0.0,0.0,0.0,0.0
Knowles,183.0,8.0,500.25,2025-11-26 05:30:30+00:00,0.0,0.0,0.0,0.0
Knowles,183.0,8.0,500.25,2025-11-26 05:45:30+00:00,0.0,0.0,0.0,0.0
Knowles,183.0,8.0,500.25,2025-11-26 06:00:30+00:00,0.0,0.0,0.0,0.0
Knowles,183.0,8.0,500.25,2025-11-26 06:15:30+00:00,0.0,0.0,0.0,0.0
Knowles,183.0,8.0,500.25,2025-11-26 06:30:30+00:00,0.0,0.0,0.0,0.0
Knowles,183.0,8.0,500.25,2025-11-26 06:45:30+00:00,0.0,0.0,0.0,0.0
Knowles,183.0,8.0,500.25,2025-11-26 07:00:30+00:00,0.0,0.0,0.0,0.0
Knowles,183.0,8.0,500.25,2025-11-26 07:15:30+00:00,0.0,0.0,0.0,0.0
Knowles,183.0,8.0,500.25,2025-11-26 07:30:30+00:00,0.0,0.0,0.0,0.0
Knowles,183.0,8.0,500.25,2025-11-26 07:45:30+00:00,0.001,0.00075,0.00125,0.00125
Knowles,183.0,8.0,500.25,2025-11-26 08:00:30+00:00,0.00775,0.00575,0.00925,0.00475
Knowles,183.0,8.0,500.25,2025-11-26 08:15:30+00:00,0.0175,0.012,0.02025,0.01025
Knowles,183.0,8.0,500.25,2025-11-26 08:30:30+00:00,0.0265,0.01825,0.03,0.01625
Knowles,183.0,8.0,500.25,2025-11-26 08:45:30+00:00,0.034,0.0245,0.039,0.022
Knowles,183.0,8.0,500.25,2025-11-26 09:00:30+00:00,0.041,0.029,0.0475,0.02725
Knowles,183.0,8.0,500.25,2025-11-26 09:15:30+00:00,0.04975,0.0335,0.0555,0.03375
Knowles,183.0,8.0,500.25,2025-11-26 09:30:30+00:00,0.054,0.03125,0.06025,0.039
Knowles,183.0,8.0,500.25,2025-11-26 09:45:30+00:00,0.04275,0.0325,0.062,0.03375
Knowles,183.0,8.0,500.25,2025-11-26 10:00:30+00:00,0.062,0.038,0.0705,0.04725
Knowles,183.0,8.0,500.25,2025-11-26 10:15:30+00:00,0.07225,0.05175,0.08025,0.052
Knowles,183.0,8.0,500.25,2025-11-26 10:30:30+00:00,0.0755,0.059,0.086,0.054
Knowles,183.0,8.0,500.25,2025-11-26 10:45:30+00:00,0.07875,0.06475,0.0895,0.0565
Knowles,183.0,8.0,500.25,2025-11-26 11:00:30+00:00,0.0815,0.06625,0.09225,0.0585
Knowles,183.0,8.0,500.25,2025-11-26 11:15:30+00:00,0.08025,0.06725,0.09375,0.058
Knowles,183.0,8.0,500.25,2025-11-26 11:30:30+00:00,0.08175,0.06825,0.095,0.05925
Knowles,183.0,8.0,500.25,2025-11-26 11:45:30+00:00,0.08375,0.06925,0.0955,0.0605
Knowles,183.0,8.0,500.25,2025-11-26 12:00:30+00:00,0.08225,0.0685,0.09475,0.05925
Knowles,183.0,8.0,500.25,2025-11-26 12:15:30+00:00,0.08025,0.067,0.093,0.05775
Knowles,183.0,8.0,500.25,2025-11-26 12:30:30+00:00,0.07975,0.06575,0.091,0.057
Knowles,183.0,8.0,500.25,2025-11-26 12:45:30+00:00,0.07775,0.06325,0.08775,0.055
Knowles,183.0,8.0,500.25,2025-11-26 13:00:30+00:00,0.07375,0.059,0.08375,0.05175
Knowles,183.0,8.0,500.25,2025-11-26 13:15:30+00:00,0.06875,0.052,0.07875,0.048
Knowles,183.0,8.0,500.25,2025-11-26 13:30:30+00:00,0.06425,0.042,0.0705,0.04575
Knowles,183.0,8.0,500.25,2025-11-26 13:45:30+00:00,0.05125,0.03,0.0615,0.0375
Knowles,183.0,8.0,500.25,2025-11-26 14:00:30+00:00,0.03375,0.022,0.0505,0.0265
Knowles,183.0,8.0,500.25,2025-11-26 14:15:30+00:00,0.03625,0.0175,0.045,0.02675
Knowles,183.0,8.0,500.25,2025-11-26 14:30:30+00:00,0.028,0.01325,0.03675,0.0205
Knowles,183.0,8.0,500.25,2025-11-26 14:45:30+00:00,0.01525,0.0065,0.0255,0.01225
Knowles,183.0,8.0,500.25,2025-11-26 15:00:30+00:00,0.0075,0.0025,0.014,0.007
Knowles,183.0,8.0,500.25,2025-11-26 15:15:30+00:00,0.00375,0.001,0.00675,0.00375
Knowles,183.0,8.0,500.25,2025-11-26 15:30:30+00:00,0.001,0.0005,0.00175,0.001
Knowles,183.0,8.0,500.25,2025-11-26 15:45:30+00:00,0.0,0.0,0.0,0.0
Knowles,183.0,8.0,500.25,2025-11-26 16:00:30+00:00,0.0,0.0,0.0,0.0
Knowles,183.0,8.0,500.25,2025-11-26 16:15:30+00:00,0.0,0.0,0.0,0.0
Knowles,183.0,8.0,500.25,2025-11-26 16:30:30+00:00,0.0,0.0,0.0,0.0
Knowles,183.0,8.0,500.25,2025-11-26 16:45:30+00:00,0.0,0.0,0.0,0.0
Knowles,183.0,8.0,500.25,2025-11-26 17:00:30+00:00,0.0,0.0,0.0,0.0
Knowles,183.0,8.0,500.25,2025-11-26 17:15:30+00:00,0.0,0.0,0.0,0.0
Knowles,183.0,8.0,500.25,2025-11-26 17:30:30+00:00,0.0,0.0,0.0,0.0
Knowles,183.0,8.0,500.25,2025-11-26 17:45:30+00:00,0.0,0.0,0.0,0.0
Knowles,183.0,8.0,500.25,2025-11-26 18:00:30+00:00,0.0,0.0,0.0,0.0
Knowles,183.0,8.0,500.25,2025-11-26 18:15:30+00:00,0.0,0.0,0.0,0.0
Knowles,183.0,8.0,500.25,2025-11-26 18:30:30+00:00,0.0,0.0,0.0,0.0
Knowles,183.0,8.0,500.25,2025-11-26 18:45:30+00:00,0.0,0.0,0.0,0.0
Knowles,183.0,8.0,500.25,2025-11-26 19:00:30+00:00,0.0,0.0,0.0,0.0
Knowles,183.0,8.0,500.25,2025-11-26 19:15:30+00:00,0.0,0.0,0.0,0.0
Knowles,183.0,8.0,500.25,2025-11-26 19:30:30+00:00,0.0,0.0,0.0,0.0
Knowles,183.0,8.0,500.25,2025-11-26 19:45:30+00:00,0.0,0.0,0.0,0.0
Knowles,183.0,8.0,500.25,2025-11-26 20:00:30+00:00,0.0,0.0,0.0,0.0
Knowles,183.0,8.0,500.25,2025-11-26 20:15:30+00:00,0.0,0.0,0.0,0.0
Knowles,183.0,8.0,500.25,2025-11-26 20:30:30+00:00,0.0,0.0,0.0,0.0
Knowles,183.0,8.0,500.25,2025-11-26 20:45:30+00:00,0.0,0.0,0.0,0.0
Knowles,183.0,8.0,500.25,2025-11-26 21:00:30+00:00,0.0,0.0,0.0,0.0
Knowles,183.0,8.0,500.25,2025-11-26 21:15:30+00:00,0.0,0.0,0.0,0.0
Knowles,183.0,8.0,500.25,2025-11-26 21:30:30+00:00,0.0,0.0,0.0,0.0
Knowles,183.0,8.0,500.25,2025-11-26 21:45:30+00:00,0.0,0.0,0.0,0.0
Knowles,183.0,8.0,500.25,2025-11-26 22:00:30+00:00,0.0,0.0,0.0,0.0
Knowles,183.0,8.0,500.25,2025-11-26 22:15:30+00:00,0.0,0.0,0.0,0.0
Knowles,183.0,8.0,500.25,2025-11-26 22:30:30+00:00,0.0,0.0,0.0,0.0
Knowles,183.0,8.0,500.25,2025-11-26 22:45:30+00:00,0.0,0.0,0.0,0.0
Knowles,183.0,8.0,500.25,2025-11-26 23:00:30+00:00,0.0,0.0,0.0,0.0
Knowles,183.0,8.0,500.25,2025-11-26 23:15:30+00:00,0.0,0.0,0.0,0.0
Knowles,183.0,8.0,500.25,2025-11-26 23:30:30+00:00,0.0,0.0,0.0,0.0
Knowles,183.0,8.0,500.25,2025-11-26 23:45:30+00:00,0.0,0.0,0.0,0.0
Knowles,183.0,8.0,500.25,2025-11-27 00:00:30+00:00,0.0,0.0,0.0,0.0
Knowles,183.0,8.0,500.25,2025-11-27 00:15:30+00:00,0.0,0.0,0.0,0.0
Knowles,183.0,8.0,500.25,2025-11-27 00:30:30+00:00,0.0,0.0,0.0,0.0
Knowles,183.0,8.0,500.25,2025-11-27 00:45:30+00:00,0.0,0.0,0.0,0.0
Knowles,183.0,8.0,500.25,2025-11-27 01:00:30+00:00,0.0,0.0,0.0,0.0
Knowles,183.0,8.0,500.25,2025-11-27 01:15:30+00:00,0.0,0.0,0.0,0.0
Knowles,183.0,8.0,500.25,2025-11-27 01:30:30+00:00,0.0,0.0,0.0,0.0
Knowles,183.0,8.0,500.25,2025-11-27 01:45:30+00:00,0.0,0.0,0.0,0.0
Knowles,183.0,8.0,500.25,2025-11-27 02:00:30+00:00,0.0,0.0,0.0,0.0
Knowles,183.0,8.0,500.25,2025-11-27 02:15:30+00:00,0.0,0.0,0.0,0.0
Knowles,183.0,8.0,500.25,2025-11-27 02:30:30+00:00,0.0,0.0,0.0,0.0
Knowles,183.0,8.0,500.25,2025-11-27 02:45:30+00:00,0.0,0.0,0.0,0.0
Knowles,183.0,8.0,500.25,2025-11-27 03:00:30+00:00,0.0,0.0,0.0,0.0
Knowles,183.0,8.0,500.25,2025-11-27 03:15:30+00:00,0.0,0.0,0.0,0.0
Knowles,183.0,8.0,500.25,2025-11-27 03:30:30+00:00,0.0,0.0,0.0,0.0
Knowles,183.0,8.0,500.25,2025-11-27 03:45:30+00:00,0.0,0.0,0.0,0.0
Knowles,183.0,8.0,500.25,2025-11-27 04:00:30+00:00,0.0,0.0,0.0,0.0
Knowles,183.0,8.0,500.25,2025-11-27 04:15:30+00:00,0.0,0.0,0.0,0.0
Knowles,183.0,8.0,500.25,2025-11-27 04:30:30+00:00,0.0,0.0,0.0,0.0
Knowles,183.0,8.0,500.25,2025-11-27 04:45:30+00:00,0.0,0.0,0.0,0.0
Knowles,183.0,8.0,500.25,2025-11-27 05:00:30+00:00,0.0,0.0,0.0,0.0
Knowles,183.0,8.0,500.25,2025-11-27 05:15:30+00:00,0.0,0.0,0.0,0.0
Knowles,183.0,8.0,500.25,2025-11-27 05:30:30+00:00,0.0,0.0,0.0,0.0
Knowles,183.0,8.0,500.25,2025-11-27 05:45:30+00:00,0.0,0.0,0.0,0.0
Knowles,183.0,8.0,500.25,2025-11-27 06:00:30+00:00,0.0,0.0,0.0,0.0
Knowles,183.0,8.0,500.25,2025-11-27 06:15:30+00:00,0.0,0.0,0.0,0.0
Knowles,183.0,8.0,500.25,2025-11-27 06:30:30+00:00,0.0,0.0,0.0,0.0
Knowles,183.0,8.0,500.25,2025-11-27 06:45:30+00:00,0.0,0.0,0.0,0.0
Knowles,183.0,8.0,500.25,2025-11-27 07:00:30+00:00,0.0,0.0,0.0,0.0
Knowles,183.0,8.0,500.25,2025-11-27 07:15:30+00:00,0.0,0.0,0.0,0.0
Knowles,183.0,8.0,500.25,2025-11-27 07:30:30+00:00,0.0,0.0,0.0,0.0
Knowles,183.0,8.0,500.25,2025-11-27 07:45:30+00:00,0.00025,0.0,0.00075,0.00025
Knowles,183.0,8.0,500.25,2025-11-27 08:00:30+00:00,0.00125,0.00025,0.00325,0.00125
Knowles,183.0,8.0,500.25,2025-11-27 08:15:30+00:00,0.0025,0.00075,0.00675,0.00275
Knowles,183.0,8.0,500.25,2025-11-27 08:30:30+00:00,0.00375,0.00125,0.01275,0.004
Knowles,183.0,8.0,500.25,2025-11-27 08:45:30+00:00,0.01125,0.00225,0.022,0.0105
Knowles,183.0,8.0,500.25,2025-11-27 09:00:30+00:00,0.01825,0.00475,0.03,0.01625
Knowles,183.0,8.0,500.25,2025-11-27 09:15:30+00:00,0.02175,0.008,0.03675,0.0195
Knowles,183.0,8.0,500.25,2025-11-27 09:30:30+00:00,0.028,0.011,0.046,0.02425
Knowles,183.0,8.0,500.25,2025-11-27 09:45:30+00:00,0.036,0.00725,0.0535,0.03
Knowles,183.0,8.0,500.25,2025-11-27 10:00:30+00:00,0.0215,0.00425,0.04925,0.01975
Knowles,183.0,8.0,500.25,2025-11-27 10:15:30+00:00,0.0155,0.00425,0.039,0.0155
Knowles,183.0,8.0,500.25,2025-11-27 10:30:30+00:00,0.01275,0.00425,0.039,0.013
Knowles,183.0,8.0,500.25,2025-11-27 10:45:30+00:00,0.03,0.006,0.044,0.02725
Knowles,183.0,8.0,500.25,2025-11-27 11:00:30+00:00,0.02725,0.0065,0.04675,0.02575
Knowles,183.0,8.0,500.25,2025-11-27 11:15:30+00:00,0.0225,0.005,0.04175,0.02225
Knowles,183.0,8.0,500.25,2025-11-27 11:30:30+00:00,0.0175,0.005,0.03575,0.01775
Knowles,183.0,8.0,500.25,2025-11-27 11:45:30+00:00,0.01275,0.005,0.0305,0.013
Knowles,183.0,8.0,500.25,2025-11-27 12:00:30+00:00,0.01425,0.005,0.029,0.0145
Knowles,183.0,8.0,500.25,2025-11-27 12:15:30+00:00,0.01725,0.00475,0.032,0.01725
Knowles,183.0,8.0,500.25,2025-11-27 12:30:30+00:00,0.01825,0.00475,0.032,0.01825
Knowles,183.0,8.0,500.25,2025-11-27 12:45:30+00:00,0.009,0.0045,0.028,0.00925
Knowles,183.0,8.0,500.25,2025-11-27 13:00:30+00:00,0.004,0.0025,0.016,0.004
Knowles,183.0,8.0,500.25,2025-11-27 13:15:30+00:00,0.008,0.004,0.0235,0.008
Knowles,183.0,8.0,500.25,2025-11-27 13:30:30+00:00,0.0055,0.0035,0.02175,0.0055
Knowles,183.0,8.0,500.25,2025-11-27 13:45:30+00:00,0.01525,0.0035,0.0295,0.01425
Knowles,183.0,8.0,500.25,2025-11-27 14:00:30+00:00,0.01475,0.003,0.028,0.01425
Knowles,183.0,8.0,500.25,2025-11-27 14:15:30+00:00,0.0125,0.0025,0.0245,0.01225
Knowles,183.0,8.0,500.25,2025-11-27 14:30:30+00:00,0.0115,0.0025,0.0205,0.011
Knowles,183.0,8.0,500.25,2025-11-27 14:45:30+00:00,0.01025,0.0025,0.018,0.0095
Knowles,183.0,8.0,500.25,2025-11-27 15:00:30+00:00,0.009,0.00275,0.01425,0.00775
Knowles,183.0,8.0,500.25,2025-11-27 15:15:30+00:00,0.0045,0.00175,0.007,0.00425
Knowles,183.0,8.0,500.25,2025-11-27 15:30:30+00:00,0.001,0.00075,0.0015,0.001
Knowles,183.0,8.0,500.25,2025-11-27 15:45:30+00:00,0.0,0.0,0.0,0.0
Knowles,183.0,8.0,500.25,2025-11-27 16:00:30+00:00,0.0,0.0,0.0,0.0
Knowles,183.0,8.0,500.25,2025-11-27 16:15:30+00:00,0.0,0.0,0.0,0.0
Knowles,183.0,8.0,500.25,2025-11-27 16:30:30+00:00,0.0,0.0,0.0,0.0
Knowles,183.0,8.0,500.25,2025-11-27 16:45:30+00:00,0.0,0.0,0.0,0.0
Knowles,183.0,8.0,500.25,2025-11-27 17:00:30+00:00,0.0,0.0,0.0,0.0
Knowles,183.0,8.0,500.25,2025-11-27 17:15:30+00:00,0.0,0.0,0.0,0.0
Knowles,183.0,8.0,500.25,2025-11-27 17:30:30+00:00,0.0,0.0,0.0,0.0
Knowles,183.0,8.0,500.25,2025-11-27 17:45:30+00:00,0.0,0.0,0.0,0.0
Knowles,183.0,8.0,500.25,2025-11-27 18:00:30+00:00,0.0,0.0,0.0,0.0
Knowles,183.0,8.0,500.25,2025-11-27 18:15:30+00:00,0.0,0.0,0.0,0.0
Knowles,183.0,8.0,500.25,2025-11-27 18:30:30+00:00,0.0,0.0,0.0,0.0
Knowles,183.0,8.0,500.25,2025-11-27 18:45:30+00:00,0.0,0.0,0.0,0.0
Knowles,183.0,8.0,500.25,2025-11-27 19:00:30+00:00,0.0,0.0,0.0,0.0
Knowles,183.0,8.0,500.25,2025-11-27 19:15:30+00:00,0.0,0.0,0.0,0.0
Knowles,183.0,8.0,500.25,2025-11-27 19:30:30+00:00,0.0,0.0,0.0,0.0
Knowles,183.0,8.0,500.25,2025-11-27 19:45:30+00:00,0.0,0.0,0.0,0.0
Knowles,183.0,8.0,500.25,2025-11-27 20:00:30+00:00,0.0,0.0,0.0,0.0
Knowles,183.0,8.0,500.25,2025-11-27 20:15:30+00:00,0.0,0.0,0.0,0.0
Knowles,183.0,8.0,500.25,2025-11-27 20:30:30+00:00,0.0,0.0,0.0,0.0
Knowles,183.0,8.0,500.25,2025-11-27 20:45:30+00:00,0.0,0.0,0.0,0.0
Knowles,183.0,8.0,500.25,2025-11-27 21:00:30+00:00,0.0,0.0,0.0,0.0
Knowles,183.0,8.0,500.25,2025-11-27 21:15:30+00:00,0.0,0.0,0.0,0.0
Knowles,183.0,8.0,500.25,2025-11-27 21:30:30+00:00,0.0,0.0,0.0,0.0
Knowles,183.0,8.0,500.25,2025-11-27 21:45:30+00:00,0.0,0.0,0.0,0.0
Knowles,183.0,8.0,500.25,2025-11-27 22:00:30+00:00,0.0,0.0,0.0,0.0
Knowles,183.0,8.0,500.25,2025-11-27 22:15:30+00:00,0.0,0.0,0.0,0.0
Knowles,183.0,8.0,500.25,2025-11-27 22:30:30+00:00,0.0,0.0,0.0,0.0
Knowles,183.0,8.0,500.25,2025-11-27 22:45:30+00:00,0.0,0.0,0.0,0.0
Knowles,183.0,8.0,500.25,2025-11-27 23:00:30+00:00,0.0,0.0,0.0,0.0
Knowles,183.0,8.0,500.25,2025-11-27 23:15:30+00:00,0.0,0.0,0.0,0.0
Knowles,183.0,8.0,500.25,2025-11-27 23:30:30+00:00,0.0,0.0,0.0,0.0
Knowles,183.0,8.0,500.25,2025-11-27 23:45:30+00:00,0.0,0.0,0.0,0.0
Knowles,183.0,8.0,500.25,2025-11-28 00:00:30+00:00,0.0,0.0,0.0,0.0
Knowles,183.0,8.0,500.25,2025-11-28 00:15:30+00:00,0.0,0.0,0.0,0.0
Knowles,183.0,8.0,500.25,2025-11-28 00:30:30+00:00,0.0,0.0,0.0,0.0
Knowles,183.0,8.0,500.25,2025-11-28 00:45:30+00:00,0.0,0.0,0.0,0.0
Knowles,183.0,8.0,500.25,2025-11-28 01:00:30+00:00,0.0,0.0,0.0,0.0
Knowles,183.0,8.0,500.25,2025-11-28 01:15:30+00:00,0.0,0.0,0.0,0.0
Knowles,183.0,8.0,500.25,2025-11-28 01:30:30+00:00,0.0,0.0,0.0,0.0
Knowles,183.0,8.0,500.25,2025-11-28 01:45:30+00:00,0.0,0.0,0.0,0.0
Knowles,183.0,8.0,500.25,2025-11-28 02:00:30+00:00,0.0,0.0,0.0,0.0
Knowles,183.0,8.0,500.25,2025-11-28 02:15:30+00:00,0.0,0.0,0.0,0.0
Knowles,183.0,8.0,500.25,2025-11-28 02:30:30+00:00,0.0,0.0,0.0,0.0
Knowles,183.0,8.0,500.25,2025-11-28 02:45:30+00:00,0.0,0.0,0.0,0.0
Knowles,183.0,8.0,500.25,2025-11-28 03:00:30+00:00,0.0,0.0,0.0,0.0
Knowles,183.0,8.0,500.25,2025-11-28 03:15:30+00:00,0.0,0.0,0.0,0.0
Knowles,183.0,8.0,500.25,2025-11-28 03:30:30+00:00,0.0,0.0,0.0,0.0
Knowles,183.0,8.0,500.25,2025-11-28 03:45:30+00:00,0.0,0.0,0.0,0.0
Knowles,183.0,8.0,500.25,2025-11-28 04:00:30+00:00,0.0,0.0,0.0,0.0
Knowles,183.0,8.0,500.25,2025-11-28 04:15:30+00:00,0.0,0.0,0.0,0.0
Knowles,183.0,8.0,500.25,2025-11-28 04:30:30+00:00,0.0,0.0,0.0,0.0
Knowles,183.0,8.0,500.25,2025-11-28 04:45:30+00:00,0.0,0.0,0.0,0.0
Knowles,183.0,8.0,500.25,2025-11-28 05:00:30+00:00,0.0,0.0,0.0,0.0
Knowles,183.0,8.0,500.25,2025-11-28 05:15:30+00:00,0.0,0.0,0.0,0.0
Knowles,183.0,8.0,500.25,2025-11-28 05:30:30+00:00,0.0,0.0,0.0,0.0
Knowles,183.0,8.0,500.25,2025-11-28 05:45:30+00:00,0.0,0.0,0.0,0.0
Knowles,183.0,8.0,500.25,2025-11-28 06:00:30+00:00,0.0,0.0,0.0,0.0
Knowles,183.0,8.0,500.25,2025-11-28 06:15:30+00:00,0.0,0.0,0.0,0.0
Knowles,183.0,8.0,500.25,2025-11-28 06:30:30+00:00,0.0,0.0,0.0,0.0
Knowles,183.0,8.0,500.25,2025-11-28 06:45:30+00:00,0.0,0.0,0.0,0.0
Knowles,183.0,8.0,500.25,2025-11-28 07:00:30+00:00,0.0,0.0,0.0,0.0
Knowles,183.0,8.0,500.25,2025-11-28 07:15:30+00:00,0.0,0.0,0.0,0.0
Knowles,183.0,8.0,500.25,2025-11-28 07:30:30+00:00,0.0,0.0,0.0,0.0
Knowles,183.0,8.0,500.25,2025-11-28 07:45:30+00:00,0.00025,0.00025,0.0005,0.00025
Knowles,183.0,8.0,500.25,2025-11-28 08:00:30+00:00,0.003,0.0015,0.00425,0.003
Knowles,183.0,8.0,500.25,2025-11-28 08:15:30+00:00,0.009,0.0045,0.01325,0.007
Knowles,183.0,8.0,500.25,2025-11-28 08:30:30+00:00,0.0155,0.009,0.0225,0.0115
Knowles,183.0,8.0,500.25,2025-11-28 08:45:30+00:00,0.027,0.011,0.03175,0.02
Knowles,183.0,8.0,500.25,2025-11-28 09:00:30+00:00,0.02425,0.01525,0.03775,0.01925
Knowles,183.0,8.0,500.25,2025-11-28 09:15:30+00:00,0.04225,0.0215,0.048,0.03175
Knowles,183.0,8.0,500.25,2025-11-28 09:30:30+00:00,0.05625,0.03525,0.05925,0.03975
Knowles,183.0,8.0,500.25,2025-11-28 09:45:30+00:00,0.06275,0.044,0.06775,0.04375
Knowles,183.0,8.0,500.25,2025-11-28 10:00:30+00:00,0.0645,0.05025,0.0735,0.0455
Knowles,183.0,8.0,500.25,2025-11-28 10:15:30+00:00,0.068,0.05375,0.07875,0.0485
Knowles,183.0,8.0,500.25,2025-11-28 10:30:30+00:00,0.072,0.05825,0.0835,0.05175
Knowles,183.0,8.0,500.25,2025-11-28 10:45:30+00:00,0.0755,0.06175,0.08725,0.05425
Knowles,183.0,8.0,500.25,2025-11-28 11:00:30+00:00,0.0775,0.06425,0.09,0.056
Knowles,183.0,8.0,500.25,2025-11-28 11:15:30+00:00,0.07925,0.06575,0.092,0.05725
Knowles,183.0,8.0,500.25,2025-11-28 11:30:30+00:00,0.08,0.06675,0.093,0.058
Knowles,183.0,8.0,500.25,2025-11-28 11:45:30+00:00,0.08025,0.06675,0.09325,0.058
Knowles,183.0,8.0,500.25,2025-11-28 12:00:30+00:00,0.0795,0.066,0.0925,0.0575
Knowles,183.0,8.0,500.25,2025-11-28 12:15:30+00:00,0.078,0.0645,0.091,0.05625
Knowles,183.0,8.0,500.25,2025-11-28 12:30:30+00:00,0.07625,0.06275,0.08875,0.05475
Knowles,183.0,8.0,500.25,2025-11-28 12:45:30+00:00,0.075,0.06,0.08575,0.05325
Knowles,183.0,8.0,500.25,2025-11-28 13:00:30+00:00,0.07,0.056,0.0815,0.0495
Knowles,183.0,8.0,500.25,2025-11-28 13:15:30+00:00,0.06325,0.0505,0.075,0.045
Knowles,183.0,8.0,500.25,2025-11-28 13:30:30+00:00,0.0605,0.04175,0.0705,0.042
Knowles,183.0,8.0,500.25,2025-11-28 13:45:30+00:00,0.0545,0.03125,0.06275,0.03825
Knowles,183.0,8.0,500.25,2025-11-28 14:00:30+00:00,0.04425,0.01475,0.05175,0.03275
Knowles,183.0,8.0,500.25,2025-11-28 14:15:30+00:00,0.0185,0.00375,0.03825,0.01575
Knowles,183.0,8.0,500.25,2025-11-28 14:30:30+00:00,0.007,0.002,0.02125,0.007
Knowles,183.0,8.0,500.25,2025-11-28 14:45:30+00:00,0.00525,0.0015,0.0135,0.00525
Knowles,183.0,8.0,500.25,2025-11-28 15:00:30+00:00,0.00475,0.001,0.00875,0.00475
Knowles,183.0,8.0,500.25,2025-11-28 15:15:30+00:00,0.00275,0.0005,0.005,0.00275
Knowles,183.0,8.0,500.25,2025-11-28 15:30:30+00:00,0.0005,0.00025,0.0015,0.0005
Knowles,183.0,8.0,500.25,2025-11-28 15:45:30+00:00,0.0,0.0,0.0,0.0
Knowles,183.0,8.0,500.25,2025-11-28 16:00:30+00:00,0.0,0.0,0.0,0.0
Knowles,183.0,8.0,500.25,2025-11-28 16:15:30+00:00,0.0,0.0,0.0,0.0
Knowles,183.0,8.0,500.25,2025-11-28 16:30:30+00:00,0.0,0.0,0.0,0.0
Knowles,183.0,8.0,500.25,2025-11-28 16:45:30+00:00,0.0,0.0,0.0,0.0
Knowles,183.0,8.0,500.25,2025-11-28 17:00:30+00:00,0.0,0.0,0.0,0.0
Knowles,183.0,8.0,500.25,2025-11-28 17:15:30+00:00,0.0,0.0,0.0,0.0
Knowles,183.0,8.0,500.25,2025-11-28 17:30:30+00:00,0.0,0.0,0.0,0.0
Knowles,183.0,8.0,500.25,2025-11-28 17:45:30+00:00,0.0,0.0,0.0,0.0
Knowles,183.0,8.0,500.25,2025-11-28 18:00:30+00:00,0.0,0.0,0.0,0.0
Knowles,183.0,8.0,500.25,2025-11-28 18:15:30+00:00,0.0,0.0,0.0,0.0
Knowles,183.0,8.0,500.25,2025-11-28 18:30:30+00:00,0.0,0.0,0.0,0.0
Knowles,183.0,8.0,500.25,2025-11-28 18:45:30+00:00,0.0,0.0,0.0,0.0
Knowles,183.0,8.0,500.25,2025-11-28 19:00:30+00:00,0.0,0.0,0.0,0.0
Knowles,183.0,8.0,500.25,2025-11-28 19:15:30+00:00,0.0,0.0,0.0,0.0
Knowles,183.0,8.0,500.25,2025-11-28 19:30:30+00:00,0.0,0.0,0.0,0.0
Knowles,183.0,8.0,500.25,2025-11-28 19:45:30+00:00,0.0,0.0,0.0,0.0
Knowles,183.0,8.0,500.25,2025-11-28 20:00:30+00:00,0.0,0.0,0.0,0.0
Knowles,183.0,8.0,500.25,2025-11-28 20:15:30+00:00,0.0,0.0,0.0,0.0
Knowles,183.0,8.0,500.25,2025-11-28 20:30:30+00:00,0.0,0.0,0.0,0.0
Knowles,183.0,8.0,500.25,2025-11-28 20:45:30+00:00,0.0,0.0,0.0,0.0
Knowles,183.0,8.0,500.25,2025-11-28 21:00:30+00:00,0.0,0.0,0.0,0.0
Knowles,183.0,8.0,500.25,2025-11-28 21:15:30+00:00,0.0,0.0,0.0,0.0
Knowles,183.0,8.0,500.25,2025-11-28 21:30:30+00:00,0.0,0.0,0.0,0.0
Knowles,183.0,8.0,500.25,2025-11-28 21:45:30+00:00,0.0,0.0,0.0,0.0
Knowles,183.0,8.0,500.25,2025-11-28 22:00:30+00:00,0.0,0.0,0.0,0.0
Knowles,183.0,8.0,500.25,2025-11-28 22:15:30+00:00,0.0,0.0,0.0,0.0
Knowles,183.0,8.0,500.25,2025-11-28 22:30:30+00:00,0.0,0.0,0.0,0.0
Knowles,183.0,8.0,500.25,2025-11-28 22:45:30+00:00,0.0,0.0,0.0,0.0
Knowles,183.0,8.0,500.25,2025-11-28 23:00:30+00:00,0.0,0.0,0.0,0.0
Knowles,183.0,8.0,500.25,2025-11-28 23:15:30+00:00,0.0,0.0,0.0,0.0
Knowles,183.0,8.0,500.25,2025-11-28 23:30:30+00:00,0.0,0.0,0.0,0.0
Knowles,183.0,8.0,500.25,2025-11-28 23:45:30+00:00,0.0,0.0,0.0,0.0
Knowles,183.0,8.0,500.25,2025-11-29 00:00:30+00:00,0.0,0.0,0.0,0.0
Knowles,183.0,8.0,500.25,2025-11-29 00:15:30+00:00,0.0,0.0,0.0,0.0
Knowles,183.0,8.0,500.25,2025-11-29 00:30:30+00:00,0.0,0.0,0.0,0.0
Knowles,183.0,8.0,500.25,2025-11-29 00:45:30+00:00,0.0,0.0,0.0,0.0
Knowles,183.0,8.0,500.25,2025-11-29 01:00:30+00:00,0.0,0.0,0.0,0.0
Knowles,183.0,8.0,500.25,2025-11-29 01:15:30+00:00,0.0,0.0,0.0,0.0
Knowles,183.0,8.0,500.25,2025-11-29 01:30:30+00:00,0.0,0.0,0.0,0.0
Knowles,183.0,8.0,500.25,2025-11-29 01:45:30+00:00,0.0,0.0,0.0,0.0
Knowles,183.0,8.0,500.25,2025-11-29 02:00:30+00:00,0.0,0.0,0.0,0.0
Knowles,183.0,8.0,500.25,2025-11-29 02:15:30+00:00,0.0,0.0,0.0,0.0
Knowles,183.0,8.0,500.25,2025-11-29 02:30:30+00:00,0.0,0.0,0.0,0.0
Knowles,183.0,8.0,500.25,2025-11-29 02:45:30+00:00,0.0,0.0,0.0,0.0
Knowles,183.0,8.0,500.25,2025-11-29 03:00:30+00:00,0.0,0.0,0.0,0.0
Knowles,183.0,8.0,500.25,2025-11-29 03:15:30+00:00,0.0,0.0,0.0,0.0
Knowles,183.0,8.0,500.25,2025-11-29 03:30:30+00:00,0.0,0.0,0.0,0.0
Knowles,183.0,8.0,500.25,2025-11-29 03:45:30+00:00,0.0,0.0,0.0,0.0
Knowles,183.0,8.0,500.25,2025-11-29 04:00:30+00:00,0.0,0.0,0.0,0.0
Knowles,183.0,8.0,500.25,2025-11-29 04:15:30+00:00,0.0,0.0,0.0,0.0
Knowles,183.0,8.0,500.25,2025-11-29 04:30:30+00:00,0.0,0.0,0.0,0.0
Knowles,183.0,8.0,500.25,2025-11-29 04:45:30+00:00,0.0,0.0,0.0,0.0
Knowles,183.0,8.0,500.25,2025-11-29 05:00:30+00:00,0.0,0.0,0.0,0.0
Knowles,183.0,8.0,500.25,2025-11-29 05:15:30+00:00,0.0,0.0,0.0,0.0
Knowles,183.0,8.0,500.25,2025-11-29 05:30:30+00:00,0.0,0.0,0.0,0.0
Knowles,183.0,8.0,500.25,2025-11-29 05:45:30+00:00,0.0,0.0,0.0,0.0
Knowles,183.0,8.0,500.25,2025-11-29 06:00:30+00:00,0.0,0.0,0.0,0.0
Knowles,183.0,8.0,500.25,2025-11-29 06:15:30+00:00,0.0,0.0,0.0,0.0
Knowles,183.0,8.0,500.25,2025-11-29 06:30:30+00:00,0.0,0.0,0.0,0.0
Knowles,183.0,8.0,500.25,2025-11-29 06:45:30+00:00,0.0,0.0,0.0,0.0
Knowles,183.0,8.0,500.25,2025-11-29 07:00:30+00:00,0.0,0.0,0.0,0.0
Knowles,183.0,8.0,500.25,2025-11-29 07:15:30+00:00,0.0,0.0,0.0,0.0
Knowles,183.0,8.0,500.25,2025-11-29 07:30:30+00:00,0.0,0.0,0.0,0.0
Knowles,183.0,8.0,500.25,2025-11-29 07:45:30+00:00,0.0,0.0,0.0,0.0
Knowles,183.0,8.0,500.25,2025-11-29 08:00:30+00:00,0.00025,0.00025,0.00075,0.00025
Knowles,183.0,8.0,500.25,2025-11-29 08:15:30+00:00,0.0005,0.00025,0.002,0.0005
Knowles,183.0,8.0,500.25,2025-11-29 08:30:30+00:00,0.00625,0.00125,0.0115,0.006
Knowles,183.0,8.0,500.25,2025-11-29 08:45:30+00:00,0.0055,0.00175,0.01475,0.00525
Knowles,183.0,8.0,500.25,2025-11-29 09:00:30+00:00,0.0065,0.00225,0.01525,0.0065
Knowles,183.0,8.0,500.25,2025-11-29 09:15:30+00:00,0.007,0.0025,0.01575,0.00725
Knowles,183.0,8.0,500.25,2025-11-29 09:30:30+00:00,0.00775,0.003,0.01775,0.00775
Knowles,183.0,8.0,500.25,2025-11-29 09:45:30+00:00,0.0105,0.0035,0.02025,0.01075
Knowles,183.0,8.0,500.25,2025-11-29 10:00:30+00:00,0.01175,0.00375,0.02125,0.012
Knowles,183.0,8.0,500.25,2025-11-29 10:15:30+00:00,0.00775,0.004,0.022,0.008
Knowles,183.0,8.0,500.25,2025-11-29 10:30:30+00:00,0.01125,0.00425,0.02325,0.0115
Knowles,183.0,8.0,500.25,2025-11-29 10:45:30+00:00,0.01375,0.0045,0.02575,0.01375
Knowles,183.0,8.0,500.25,2025-11-29 11:00:30+00:00,0.011,0.00475,0.02625,0.011
Knowles,183.0,8.0,500.25,2025-11-29 11:15:30+00:00,0.00775,0.00475,0.02925,0.008
Knowles,183.0,8.0,500.25,2025-11-29 11:30:30+00:00,0.02,0.005,0.03175,0.01975
Knowles,183.0,8.0,500.25,2025-11-29 11:45:30+00:00,0.0155,0.005,0.0315,0.0155
Knowles,183.0,8.0,500.25,2025-11-29 12:00:30+00:00,0.00925,0.00475,0.028,0.00925
Knowles,183.0,8.0,500.25,2025-11-29 12:15:30+00:00,0.01325,0.00475,0.0265,0.01325
Knowles,183.0,8.0,500.25,2025-11-29 12:30:30+00:00,0.0135,0.0045,0.02675,0.01375
Knowles,183.0,8.0,500.25,2025-11-29 12:45:30+00:00,0.01475,0.0045,0.02675,0.01475
Knowles,183.0,8.0,500.25,2025-11-29 13:00:30+00:00,0.01525,0.00425,0.02625,0.01525
Knowles,183.0,8.0,500.25,2025-11-29 13:15:30+00:00,0.01425,0.004,0.02625,0.01425
Knowles,183.0,8.0,500.25,2025-11-29 13:30:30+00:00,0.01325,0.0035,0.024,0.01325
Knowles,183.0,8.0,500.25,2025-11-29 13:45:30+00:00,0.007,0.00325,0.023,0.007
Knowles,183.0,8.0,500.25,2025-11-29 14:00:30+00:00,0.0135,0.003,0.02075,0.0125
Knowles,183.0,8.0,500.25,2025-11-29 14:15:30+00:00,0.00575,0.0025,0.0195,0.0055
Knowles,183.0,8.0,500.25,2025-11-29 14:30:30+00:00,0.008,0.002,0.0145,0.00775
Knowles,183.0,8.0,500.25,2025-11-29 14:45:30+00:00,0.00325,0.0015,0.01125,0.00325
Knowles,183.0,8.0,500.25,2025-11-29 15:00:30+00:00,0.00125,0.001,0.005,0.00125
Knowles,183.0,8.0,500.25,2025-11-29 15:15:30+00:00,0.00075,0.0005,0.003,0.00075
Knowles,183.0,8.0,500.25,2025-11-29 15:30:30+00:00,0.00025,0.0,0.0005,0.00025
Knowles,183.0,8.0,500.25,2025-11-29 15:45:30+00:00,0.0,0.0,0.0,0.0
Knowles,183.0,8.0,500.25,2025-11-29 16:00:30+00:00,0.0,0.0,0.0,0.0
Knowles,183.0,8.0,500.25,2025-11-29 16:15:30+00:00,0.0,0.0,0.0,0.0
Knowles,183.0,8.0,500.25,2025-11-29 16:30:30+00:00,0.0,0.0,0.0,0.0
Knowles,183.0,8.0,500.25,2025-11-29 16:45:30+00:00,0.0,0.0,0.0,0.0
Knowles,183.0,8.0,500.25,2025-11-29 17:00:30+00:00,0.0,0.0,0.0,0.0
Knowles,183.0,8.0,500.25,2025-11-29 17:15:30+00:00,0.0,0.0,0.0,0.0
Knowles,183.0,8.0,500.25,2025-11-29 17:30:30+00:00,0.0,0.0,0.0,0.0
Knowles,183.0,8.0,500.25,2025-11-29 17:45:30+00:00,0.0,0.0,0.0,0.0
Knowles,183.0,8.0,500.25,2025-11-29 18:00:30+00:00,0.0,0.0,0.0,0.0
Knowles,183.0,8.0,500.25,2025-11-29 18:15:30+00:00,0.0,0.0,0.0,0.0
Knowles,183.0,8.0,500.25,2025-11-29 18:30:30+00:00,0.0,0.0,0.0,0.0
Knowles,183.0,8.0,500.25,2025-11-29 18:45:30+00:00,0.0,0.0,0.0,0.0
Knowles,183.0,8.0,500.25,2025-11-29 19:00:30+00:00,0.0,0.0,0.0,0.0
Knowles,183.0,8.0,500.25,2025-11-29 19:15:30+00:00,0.0,0.0,0.0,0.0
Knowles,183.0,8.0,500.25,2025-11-29 19:30:30+00:00,0.0,0.0,0.0,0.0
Knowles,183.0,8.0,500.25,2025-11-29 19:45:30+00:00,0.0,0.0,0.0,0.0
Knowles,183.0,8.0,500.25,2025-11-29 20:00:30+00:00,0.0,0.0,0.0,0.0
Knowles,183.0,8.0,500.25,2025-11-29 20:15:30+00:00,0.0,0.0,0.0,0.0
Knowles,183.0,8.0,500.25,2025-11-29 20:30:30+00:00,0.0,0.0,0.0,0.0
Knowles,183.0,8.0,500.25,2025-11-29 20:45:30+00:00,0.0,0.0,0.0,0.0
Knowles,183.0,8.0,500.25,2025-11-29 21:00:30+00:00,0.0,0.0,0.0,0.0
Knowles,183.0,8.0,500.25,2025-11-29 21:15:30+00:00,0.0,0.0,0.0,0.0
Knowles,183.0,8.0,500.25,2025-11-29 21:30:30+00:00,0.0,0.0,0.0,0.0
Knowles,183.0,8.0,500.25,2025-11-29 21:45:30+00:00,0.0,0.0,0.0,0.0
Knowles,183.0,8.0,500.25,2025-11-29 22:00:30+00:00,0.0,0.0,0.0,0.0
Knowles,183.0,8.0,500.25,2025-11-29 22:15:30+00:00,0.0,0.0,0.0,0.0
Knowles,183.0,8.0,500.25,2025-11-29 22:30:30+00:00,0.0,0.0,0.0,0.0
Knowles,183.0,8.0,500.25,2025-11-29 22:45:30+00:00,0.0,0.0,0.0,0.0
Knowles,183.0,8.0,500.25,2025-11-29 23:00:30+00:00,0.0,0.0,0.0,0.0
Knowles,183.0,8.0,500.25,2025-11-29 23:15:30+00:00,0.0,0.0,0.0,0.0
Knowles,183.0,8.0,500.25,2025-11-29 23:30:30+00:00,0.0,0.0,0.0,0.0
Knowles,183.0,8.0,500.25,2025-11-29 23:45:30+00:00,0.0,0.0,0.0,0.0
Knowles,183.0,8.0,500.25,2025-11-30 00:00:30+00:00,0.0,0.0,0.0,0.0
Knowles,183.0,8.0,500.25,2025-11-30 00:15:30+00:00,0.0,0.0,0.0,0.0
Knowles,183.0,8.0,500.25,2025-11-30 00:30:30+00:00,0.0,0.0,0.0,0.0
Knowles,183.0,8.0,500.25,2025-11-30 00:45:30+00:00,0.0,0.0,0.0,0.0
Knowles,183.0,8.0,500.25,2025-11-30 01:00:30+00:00,0.0,0.0,0.0,0.0
Knowles,183.0,8.0,500.25,2025-11-30 01:15:30+00:00,0.0,0.0,0.0,0.0
Knowles,183.0,8.0,500.25,2025-11-30 01:30:30+00:00,0.0,0.0,0.0,0.0
Knowles,183.0,8.0,500.25,2025-11-30 01:45:30+00:00,0.0,0.0,0.0,0.0
Knowles,183.0,8.0,500.25,2025-11-30 02:00:30+00:00,0.0,0.0,0.0,0.0
Knowles,183.0,8.0,500.25,2025-11-30 02:15:30+00:00,0.0,0.0,0.0,0.0
Knowles,183.0,8.0,500.25,2025-11-30 02:30:30+00:00,0.0,0.0,0.0,0.0
Knowles,183.0,8.0,500.25,2025-11-30 02:45:30+00:00,0.0,0.0,0.0,0.0
Knowles,183.0,8.0,500.25,2025-11-30 03:00:30+00:00,0.0,0.0,0.0,0.0
Knowles,183.0,8.0,500.25,2025-11-30 03:15:30+00:00,0.0,0.0,0.0,0.0
Knowles,183.0,8.0,500.25,2025-11-30 03:30:30+00:00,0.0,0.0,0.0,0.0
Knowles,183.0,8.0,500.25,2025-11-30 03:45:30+00:00,0.0,0.0,0.0,0.0
Knowles,183.0,8.0,500.25,2025-11-30 04:00:30+00:00,0.0,0.0,0.0,0.0
Knowles,183.0,8.0,500.25,2025-11-30 04:15:30+00:00,0.0,0.0,0.0,0.0
Knowles,183.0,8.0,500.25,2025-11-30 04:30:30+00:00,0.0,0.0,0.0,0.0
Knowles,183.0,8.0,500.25,2025-11-30 04:45:30+00:00,0.0,0.0,0.0,0.0
Knowles,183.0,8.0,500.25,2025-11-30 05:00:30+00:00,0.0,0.0,0.0,0.0
Knowles,183.0,8.0,500.25,2025-11-30 05:15:30+00:00,0.0,0.0,0.0,0.0
Knowles,183.0,8.0,500.25,2025-11-30 05:30:30+00:00,0.0,0.0,0.0,0.0
Knowles,183.0,8.0,500.25,2025-11-30 05:45:30+00:00,0.0,0.0,0.0,0.0
Knowles,183.0,8.0,500.25,2025-11-30 06:00:30+00:00,0.0,0.0,0.0,0.0
Knowles,183.0,8.0,500.25,2025-11-30 06:15:30+00:00,0.0,0.0,0.0,0.0
Knowles,183.0,8.0,500.25,2025-11-30 06:30:30+00:00,0.0,0.0,0.0,0.0
Knowles,183.0,8.0,500.25,2025-11-30 06:45:30+00:00,0.0,0.0,0.0,0.0
Knowles,183.0,8.0,500.25,2025-11-30 07:00:30+00:00,0.0,0.0,0.0,0.0
Knowles,183.0,8.0,500.25,2025-11-30 07:15:30+00:00,0.0,0.0,0.0,0.0
Knowles,183.0,8.0,500.25,2025-11-30 07:30:30+00:00,0.0,0.0,0.0,0.0
Knowles,183.0,8.0,500.25,2025-11-30 07:45:30+00:00,0.0,0.0,0.0,0.0
Knowles,183.0,8.0,500.25,2025-11-30 08:00:30+00:00,0.003,0.00225,0.0035,0.003
Knowles,183.0,8.0,500.25,2025-11-30 08:15:30+00:00,0.01425,0.00975,0.01625,0.008
Knowles,183.0,8.0,500.25,2025-11-30 08:30:30+00:00,0.0235,0.01625,0.027,0.01375
Knowles,183.0,8.0,500.25,2025-11-30 08:45:30+00:00,0.03175,0.02275,0.03625,0.01975
Knowles,183.0,8.0,500.25,2025-11-30 09:00:30+00:00,0.04025,0.0295,0.04525,0.02575
Knowles,183.0,8.0,500.25,2025-11-30 09:15:30+00:00,0.04775,0.036,0.0535,0.0315
Knowles,183.0,8.0,500.25,2025-11-30 09:30:30+00:00,0.05475,0.04225,0.06125,0.03675
Knowles,183.0,8.0,500.25,2025-11-30 09:45:30+00:00,0.061,0.048,0.0685,0.0415
Knowles,183.0,8.0,500.25,2025-11-30 10:00:30+00:00,0.0665,0.05325,0.07475,0.04575
Knowles,183.0,8.0,500.25,2025-11-30 10:15:30+00:00,0.0715,0.05775,0.08025,0.04975
Knowles,183.0,8.0,500.25,2025-11-30 10:30:30+00:00,0.0755,0.06175,0.08475,0.05275
Knowles,183.0,8.0,500.25,2025-11-30 10:45:30+00:00,0.07925,0.06525,0.08875,0.05575
Knowles,183.0,8.0,500.25,2025-11-30 11:00:30+00:00,0.08175,0.068,0.0915,0.05775
Knowles,183.0,8.0,500.25,2025-11-30 11:15:30+00:00,0.08375,0.06975,0.09375,0.05925
Knowles,183.0,8.0,500.25,2025-11-30 11:30:30+00:00,0.08475,0.07075,0.095,0.06
Knowles,183.0,8.0,500.25,2025-11-30 11:45:30+00:00,0.085,0.071,0.09525,0.06
Knowles,183.0,8.0,500.25,2025-11-30 12:00:30+00:00,0.0845,0.07025,0.09475,0.0595
Knowles,183.0,8.0,500.25,2025-11-30 12:15:30+00:00,0.08275,0.069,0.093,0.05825
Knowles,183.0,8.0,500.25,2025-11-30 12:30:30+00:00,0.081,0.067,0.09075,0.05675
Knowles,183.0,8.0,500.25,2025-11-30 12:45:30+00:00,0.07825,0.064,0.0875,0.05425
Knowles,183.0,8.0,500.25,2025-11-30 13:00:30+00:00,0.0745,0.0605,0.08325,0.05125
Knowles,183.0,8.0,500.25,2025-11-30 13:15:30+00:00,0.07,0.05625,0.0785,0.04775
Knowles,183.0,8.0,500.25,2025-11-30 13:30:30+00:00,0.065,0.05125,0.07275,0.04375
Knowles,183.0,8.0,500.25,2025-11-30 13:45:30+00:00,0.059,0.04575,0.066,0.039
Knowles,183.0,8.0,500.25,2025-11-30 14:00:30+00:00,0.052,0.03975,0.0585,0.034
Knowles,183.0,8.0,500.25,2025-11-30 14:15:30+00:00,0.04475,0.03325,0.0505,0.0285
Knowles,183.0,8.0,500.25,2025-11-30 14:30:30+00:00,0.03675,0.02675,0.04175,0.0225
Knowles,183.0,8.0,500.25,2025-11-30 14:45:30+00:00,0.02825,0.02,0.0325,0.0165
Knowles,183.0,8.0,500.25,2025-11-30 15:00:30+00:00,0.02,0.01375,0.023,0.01075
Knowles,183.0,8.0,500.25,2025-11-30 15:15:30+00:00,0.0075,0.00525,0.0085,0.00525
Knowles,183.0,8.0,500.25,2025-11-30 15:30:30+00:00,0.001,0.00075,0.00125,0.001
Knowles,183.0,8.0,500.25,2025-11-30 15:45:30+00:00,0.0,0.0,0.0,0.0
Knowles,183.0,8.0,500.25,2025-11-30 16:00:30+00:00,0.0,0.0,0.0,0.0
Knowles,183.0,8.0,500.25,2025-11-30 16:15:30+00:00,0.0,0.0,0.0,0.0
Knowles,183.0,8.0,500.25,2025-11-30 16:30:30+00:00,0.0,0.0,0.0,0.0
Knowles,183.0,8.0,500.25,2025-11-30 16:45:30+00:00,0.0,0.0,0.0,0.0
Knowles,183.0,8.0,500.25,2025-11-30 17:00:30+00:00,0.0,0.0,0.0,0.0
Knowles,183.0,8.0,500.25,2025-11-30 17:15:30+00:00,0.0,0.0,0.0,0.0
Knowles,183.0,8.0,500.25,2025-11-30 17:30:30+00:00,0.0,0.0,0.0,0.0
Knowles,183.0,8.0,500.25,2025-11-30 17:45:30+00:00,0.0,0.0,0.0,0.0
Knowles,183.0,8.0,500.25,2025-11-30 18:00:30+00:00,0.0,0.0,0.0,0.0
Knowles,183.0,8.0,500.25,2025-11-30 18:15:30+00:00,0.0,0.0,0.0,0.0
Knowles,183.0,8.0,500.25,2025-11-30 18:30:30+00:00,0.0,0.0,0.0,0.0
Knowles,183.0,8.0,500.25,2025-11-30 18:45:30+00:00,0.0,0.0,0.0,0.0
Knowles,183.0,8.0,500.25,2025-11-30 19:00:30+00:00,0.0,0.0,0.0,0.0
Knowles,183.0,8.0,500.25,2025-11-30 19:15:30+00:00,0.0,0.0,0.0,0.0
Knowles,183.0,8.0,500.25,2025-11-30 19:30:30+00:00,0.0,0.0,0.0,0.0
Knowles,183.0,8.0,500.25,2025-11-30 19:45:30+00:00,0.0,0.0,0.0,0.0
Knowles,183.0,8.0,500.25,2025-11-30 20:00:30+00:00,0.0,0.0,0.0,0.0
Knowles,183.0,8.0,500.25,2025-11-30 20:15:30+00:00,0.0,0.0,0.0,0.0
Knowles,183.0,8.0,500.25,2025-11-30 20:30:30+00:00,0.0,0.0,0.0,0.0
Knowles,183.0,8.0,500.25,2025-11-30 20:45:30+00:00,0.0,0.0,0.0,0.0
Knowles,183.0,8.0,500.25,2025-11-30 21:00:30+00:00,0.0,0.0,0.0,0.0
Knowles,183.0,8.0,500.25,2025-11-30 21:15:30+00:00,0.0,0.0,0.0,0.0
Knowles,183.0,8.0,500.25,2025-11-30 21:30:30+00:00,0.0,0.0,0.0,0.0
Knowles,183.0,8.0,500.25,2025-11-30 21:45:30+00:00,0.0,0.0,0.0,0.0
Knowles,183.0,8.0,500.25,2025-11-30 22:00:30+00:00,0.0,0.0,0.0,0.0
Knowles,183.0,8.0,500.25,2025-11-30 22:15:30+00:00,0.0,0.0,0.0,0.0
Knowles,183.0,8.0,500.25,2025-11-30 22:30:30+00:00,0.0,0.0,0.0,0.0
Knowles,183.0,8.0,500.25,2025-11-30 22:45:30+00:00,0.0,0.0,0.0,0.0
Knowles,183.0,8.0,500.25,2025-11-30 23:00:30+00:00,0.0,0.0,0.0,0.0
Knowles,183.0,8.0,500.25,2025-11-30 23:15:30+00:00,0.0,0.0,0.0,0.0
Knowles,183.0,8.0,500.25,2025-11-30 23:30:30+00:00,0.0,0.0,0.0,0.0
Knowles,183.0,8.0,500.25,2025-11-30 23:45:30+00:00,0.0,0.0,0.0,0.0
