,obs_gti_kWh,obs_ghi_kWh,pvgis_gti_kWhm2,pvgis_ghi_kWhm2,gti_diff_kWhm2,ghi_diff_kWhm2
2025-03-01 00:00:00+00:00,0.0,0.0,0.0,0.0,0.0,0.0
2025-03-01 01:00:00+00:00,0.0,0.0,0.0,0.0,0.0,0.0
2025-03-01 02:00:00+00:00,0.0,0.0,0.0,0.0,0.0,0.0
2025-03-01 03:00:00+00:00,0.0,0.0,0.0,0.0,0.0,0.0
2025-03-01 04:00:00+00:00,0.0,0.0,0.0,0.0,0.0,0.0
2025-03-01 05:00:00+00:00,0.0,0.0,0.0,0.0,0.0,0.0
2025-03-01 06:00:00+00:00,0.0,0.0,0.0,0.0,0.0,0.0
2025-03-01 07:00:00+00:00,0.03225,0.04775,0.00099,0.001,-0.03126,-0.04675
2025-03-01 08:00:00+00:00,0.11524999999999999,0.15825,0.06352000000000001,0.067,-0.051729999999999984,-0.09125
2025-03-01 09:00:00+00:00,0.20350000000000001,0.25975,0.0767,0.077,-0.12680000000000002,-0.18274999999999997
2025-03-01 10:00:00+00:00,0.28175,0.35525,0.14231,0.144,-0.13944,-0.21125000000000002
2025-03-01 11:00:00+00:00,0.34099999999999997,0.42974999999999997,0.07171999999999999,0.072,-0.26927999999999996,-0.35774999999999996
2025-03-01 12:00:00+00:00,0.3545,0.43574999999999997,0.14742,0.148,-0.20708,-0.28774999999999995
2025-03-01 13:00:00+00:00,0.3265,0.39049999999999996,0.30549,0.343,-0.02101000000000003,-0.04749999999999993
2025-03-01 14:00:00+00:00,0.2695,0.3145,0.29234,0.34199,0.02283999999999997,0.027490000000000014
2025-03-01 15:00:00+00:00,0.19575,0.2255,0.11402,0.115,-0.08173000000000001,-0.1105
2025-03-01 16:00:00+00:00,0.09125,0.10075,0.11679,0.128,0.025540000000000007,0.027249999999999996
2025-03-01 17:00:00+00:00,0.014,0.01475,0.016550000000000002,0.016829999999999998,0.002550000000000002,0.0020799999999999985
2025-03-01 18:00:00+00:00,0.0,0.0,0.0,0.0,0.0,0.0
2025-03-01 19:00:00+00:00,0.0,0.0,0.0,0.0,0.0,0.0
2025-03-01 20:00:00+00:00,0.0,0.0,0.0,0.0,0.0,0.0
2025-03-01 21:00:00+00:00,0.0,0.0,0.0,0.0,0.0,0.0
2025-03-01 22:00:00+00:00,0.0,0.0,0.0,0.0,0.0,0.0
2025-03-01 23:00:00+00:00,0.0,0.0,0.0,0.0,0.0,0.0
2025-03-02 00:00:00+00:00,0.0,0.0,0.0,0.0,0.0,0.0
2025-03-02 01:00:00+00:00,0.0,0.0,0.0,0.0,0.0,0.0
2025-03-02 02:00:00+00:00,0.0,0.0,0.0,0.0,0.0,0.0
2025-03-02 03:00:00+00:00,0.0,0.0,0.0,0.0,0.0,0.0
2025-03-02 04:00:00+00:00,0.0,0.0,0.0,0.0,0.0,0.0
2025-03-02 05:00:00+00:00,0.0,0.0,0.0,0.0,0.0,0.0
2025-03-02 06:00:00+00:00,0.0,0.0,0.0,0.0,0.0,0.0
2025-03-02 07:00:00+00:00,0.035500000000000004,0.055249999999999994,0.00099,0.001,-0.034510000000000006,-0.05424999999999999
2025-03-02 08:00:00+00:00,0.13075,0.18925,0.0713,0.076,-0.05945,-0.11325
2025-03-02 09:00:00+00:00,0.23275,0.3175,0.12786,0.132,-0.10489000000000001,-0.1855
2025-03-02 10:00:00+00:00,0.31825,0.41925,0.17348,0.178,-0.14476999999999998,-0.24125000000000002
2025-03-02 11:00:00+00:00,0.3755,0.48375,0.20539,0.21,-0.17011,-0.27375000000000005
2025-03-02 12:00:00+00:00,0.39625,0.501,0.08965000000000001,0.09,-0.3066,-0.41100000000000003
2025-03-02 13:00:00+00:00,0.37725,0.46825,0.11156,0.112,-0.26569,-0.35625
2025-03-02 14:00:00+00:00,0.322,0.39175,0.09662000000000001,0.097,-0.22538,-0.29474999999999996
2025-03-02 15:00:00+00:00,0.22925,0.27225,0.08467,0.085,-0.14458000000000001,-0.18724999999999997
2025-03-02 16:00:00+00:00,0.1145,0.1295,0.09487000000000001,0.098,-0.019629999999999995,-0.0315
2025-03-02 17:00:00+00:00,0.0195,0.020499999999999997,0.010960000000000001,0.011,-0.008539999999999999,-0.009499999999999998
2025-03-02 18:00:00+00:00,0.0,0.0,0.0,0.0,0.0,0.0
2025-03-02 19:00:00+00:00,0.0,0.0,0.0,0.0,0.0,0.0
2025-03-02 20:00:00+00:00,0.0,0.0,0.0,0.0,0.0,0.0
2025-03-02 21:00:00+00:00,0.0,0.0,0.0,0.0,0.0,0.0
2025-03-02 22:00:00+00:00,0.0,0.0,0.0,0.0,0.0,0.0
2025-03-02 23:00:00+00:00,0.0,0.0,0.0,0.0,0.0,0.0
2025-03-03 00:00:00+00:00,0.0,0.0,0.0,0.0,0.0,0.0
2025-03-03 01:00:00+00:00,0.0,0.0,0.0,0.0,0.0,0.0
2025-03-03 02:00:00+00:00,0.0,0.0,0.0,0.0,0.0,0.0
2025-03-03 03:00:00+00:00,0.0,0.0,0.0,0.0,0.0,0.0
2025-03-03 04:00:00+00:00,0.0,0.0,0.0,0.0,0.0,0.0
2025-03-03 05:00:00+00:00,0.0,0.0,0.0,0.0,0.0,0.0
2025-03-03 06:00:00+00:00,0.0,0.0,0.0,0.0,0.0,0.0
2025-03-03 07:00:00+00:00,0.031,0.0335,0.00198,0.002,-0.02902,-0.0315
2025-03-03 08:00:00+00:00,0.11424999999999999,0.13674999999999998,0.06495999999999999,0.067,-0.04929,-0.06974999999999998
2025-03-03 09:00:00+00:00,0.1975,0.2355,0.08168,0.082,-0.11582,-0.15349999999999997
2025-03-03 10:00:00+00:00,0.28125,0.3405,0.11156,0.112,-0.16969,-0.22850000000000004
2025-03-03 11:00:00+00:00,0.33925,0.415,0.11256000000000001,0.113,-0.22669,-0.302
2025-03-03 12:00:00+00:00,0.35724999999999996,0.43274999999999997,0.05877,0.059,-0.29847999999999997,-0.37374999999999997
2025-03-03 13:00:00+00:00,0.3395,0.40425,0.14941,0.15,-0.19009000000000004,-0.25425
2025-03-03 14:00:00+00:00,0.2825,0.32825,0.12949000000000002,0.13,-0.15300999999999995,-0.19824999999999998
2025-03-03 15:00:00+00:00,0.196,0.221,0.14409,0.147,-0.05191000000000001,-0.07400000000000001
2025-03-03 16:00:00+00:00,0.0975,0.106,0.08799,0.09,-0.009510000000000005,-0.016
2025-03-03 17:00:00+00:00,0.016,0.01625,0.01295,0.013,-0.0030500000000000006,-0.003250000000000001
2025-03-03 18:00:00+00:00,0.0,0.0,0.0,0.0,0.0,0.0
2025-03-03 19:00:00+00:00,0.0,0.0,0.0,0.0,0.0,0.0
2025-03-03 20:00:00+00:00,0.0,0.0,0.0,0.0,0.0,0.0
2025-03-03 21:00:00+00:00,0.0,0.0,0.0,0.0,0.0,0.0
2025-03-03 22:00:00+00:00,0.0,0.0,0.0,0.0,0.0,0.0
2025-03-03 23:00:00+00:00,0.0,0.0,0.0,0.0,0.0,0.0
2025-03-04 00:00:00+00:00,0.0,0.0,0.0,0.0,0.0,0.0
2025-03-04 01:00:00+00:00,0.0,0.0,0.0,0.0,0.0,0.0
2025-03-04 02:00:00+00:00,0.0,0.0,0.0,0.0,0.0,0.0
2025-03-04 03:00:00+00:00,0.0,0.0,0.0,0.0,0.0,0.0
2025-03-04 04:00:00+00:00,0.0,0.0,0.0,0.0,0.0,0.0
2025-03-04 05:00:00+00:00,0.0,0.0,0.0,0.0,0.0,0.0
2025-03-04 06:00:00+00:00,0.0005,0.00075,0.0,0.0,-0.0005,-0.00075
2025-03-04 07:00:00+00:00,0.0415,0.065,0.00298,0.003,-0.03852,-0.062
2025-03-04 08:00:00+00:00,0.14075,0.20350000000000001,0.07182,0.075,-0.06892999999999999,-0.1285
2025-03-04 09:00:00+00:00,0.24475000000000002,0.33225,0.09462999999999999,0.095,-0.15012000000000003,-0.23725
2025-03-04 10:00:00+00:00,0.31775,0.40825,0.12052,0.121,-0.19722999999999996,-0.28725
2025-03-04 11:00:00+00:00,0.37675000000000003,0.47575,0.09961,0.1,-0.27714000000000005,-0.37575000000000003
2025-03-04 12:00:00+00:00,0.39425,0.4935,0.10558,0.106,-0.28867,-0.3875
2025-03-04 13:00:00+00:00,0.37024999999999997,0.4505,0.27185000000000004,0.287,-0.09839999999999993,-0.16350000000000003
2025-03-04 14:00:00+00:00,0.321,0.384,0.14019,0.141,-0.18081,-0.24300000000000002
2025-03-04 15:00:00+00:00,0.23325,0.272,0.14242,0.145,-0.09083000000000002,-0.12700000000000003
2025-03-04 16:00:00+00:00,0.1125,0.123,0.08476,0.086,-0.02774,-0.037000000000000005
2025-03-04 17:00:00+00:00,0.02425,0.025500000000000002,0.011949999999999999,0.012,-0.012300000000000002,-0.013500000000000002
2025-03-04 18:00:00+00:00,0.0,0.0,0.0,0.0,0.0,0.0
2025-03-04 19:00:00+00:00,0.0,0.0,0.0,0.0,0.0,0.0
2025-03-04 20:00:00+00:00,0.0,0.0,0.0,0.0,0.0,0.0
2025-03-04 21:00:00+00:00,0.0,0.0,0.0,0.0,0.0,0.0
2025-03-04 22:00:00+00:00,0.0,0.0,0.0,0.0,0.0,0.0
2025-03-04 23:00:00+00:00,0.0,0.0,0.0,0.0,0.0,0.0
2025-03-05 00:00:00+00:00,0.0,0.0,0.0,0.0,0.0,0.0
2025-03-05 01:00:00+00:00,0.0,0.0,0.0,0.0,0.0,0.0
2025-03-05 02:00:00+00:00,0.0,0.0,0.0,0.0,0.0,0.0
2025-03-05 03:00:00+00:00,0.0,0.0,0.0,0.0,0.0,0.0
2025-03-05 04:00:00+00:00,0.0,0.0,0.0,0.0,0.0,0.0
2025-03-05 05:00:00+00:00,0.0,0.0,0.0,0.0,0.0,0.0
2025-03-05 06:00:00+00:00,0.00075,0.00075,0.0,0.0,-0.00075,-0.00075
2025-03-05 07:00:00+00:00,0.0375,0.041499999999999995,0.0039700000000000004,0.004,-0.03353,-0.03749999999999999
2025-03-05 08:00:00+00:00,0.11725,0.137,0.08437,0.091,-0.03287999999999999,-0.04600000000000001
2025-03-05 09:00:00+00:00,0.207,0.2465,0.11173999999999999,0.113,-0.09526,-0.1335
2025-03-05 10:00:00+00:00,0.30125,0.36975,0.08267000000000001,0.083,-0.21858,-0.28675
2025-03-05 11:00:00+00:00,0.375,0.47,0.13147999999999999,0.132,-0.24352000000000001,-0.33799999999999997
2025-03-05 12:00:00+00:00,0.40425,0.50375,0.09462999999999999,0.095,-0.30962,-0.40875000000000006
2025-03-05 13:00:00+00:00,0.38025,0.46399999999999997,0.08666,0.087,-0.29358999999999996,-0.377
2025-03-05 14:00:00+00:00,0.32475,0.3875,0.10956999999999999,0.11,-0.21517999999999998,-0.2775
2025-03-05 15:00:00+00:00,0.24525,0.28725,0.09861,0.099,-0.14664,-0.18825
2025-03-05 16:00:00+00:00,0.13275,0.14900000000000002,0.09662000000000001,0.099,-0.036129999999999995,-0.05000000000000002
2025-03-05 17:00:00+00:00,0.02575,0.0265,0.02457,0.0248,-0.001179999999999997,-0.0017000000000000001
2025-03-05 18:00:00+00:00,0.0,0.0,0.0,0.0,0.0,0.0
2025-03-05 19:00:00+00:00,0.0,0.0,0.0,0.0,0.0,0.0
2025-03-05 20:00:00+00:00,0.0,0.0,0.0,0.0,0.0,0.0
2025-03-05 21:00:00+00:00,0.0,0.0,0.0,0.0,0.0,0.0
2025-03-05 22:00:00+00:00,0.0,0.0,0.0,0.0,0.0,0.0
2025-03-05 23:00:00+00:00,0.0,0.0,0.0,0.0,0.0,0.0
2025-03-06 00:00:00+00:00,0.0,0.0,0.0,0.0,0.0,0.0
2025-03-06 01:00:00+00:00,0.0,0.0,0.0,0.0,0.0,0.0
2025-03-06 02:00:00+00:00,0.0,0.0,0.0,0.0,0.0,0.0
2025-03-06 03:00:00+00:00,0.0,0.0,0.0,0.0,0.0,0.0
2025-03-06 04:00:00+00:00,0.0,0.0,0.0,0.0,0.0,0.0
2025-03-06 05:00:00+00:00,0.0,0.0,0.0,0.0,0.0,0.0
2025-03-06 06:00:00+00:00,0.00175,0.00175,0.0,0.0,-0.00175,-0.00175
2025-03-06 07:00:00+00:00,0.0485,0.067,0.00992,0.01,-0.03858,-0.057
2025-03-06 08:00:00+00:00,0.148,0.1965,0.09623000000000001,0.11,-0.05176999999999998,-0.08650000000000001
2025-03-06 09:00:00+00:00,0.25,0.32125000000000004,0.15807,0.168,-0.09193000000000001,-0.15325000000000003
2025-03-06 10:00:00+00:00,0.33325,0.41975,0.17909999999999998,0.183,-0.15415,-0.23675000000000002
2025-03-06 11:00:00+00:00,0.38775000000000004,0.482,0.21625999999999998,0.221,-0.17149000000000006,-0.261
2025-03-06 12:00:00+00:00,0.40549999999999997,0.49824999999999997,0.27861,0.293,-0.12688999999999995,-0.20525
2025-03-06 13:00:00+00:00,0.37475,0.44525,0.25992000000000004,0.271,-0.11482999999999999,-0.17424999999999996
2025-03-06 14:00:00+00:00,0.214,0.23399999999999999,0.22290000000000001,0.231,0.008900000000000019,-0.002999999999999975
2025-03-06 15:00:00+00:00,0.11499999999999999,0.12025,0.15272999999999998,0.156,0.037729999999999986,0.035750000000000004
2025-03-06 16:00:00+00:00,0.0615,0.063,0.11244,0.117,0.05094,0.054000000000000006
2025-03-06 17:00:00+00:00,0.01875,0.0195,0.00996,0.01,-0.00879,-0.0095
2025-03-06 18:00:00+00:00,0.0,0.0,0.0,0.0,0.0,0.0
2025-03-06 19:00:00+00:00,0.0,0.0,0.0,0.0,0.0,0.0
2025-03-06 20:00:00+00:00,0.0,0.0,0.0,0.0,0.0,0.0
2025-03-06 21:00:00+00:00,0.0,0.0,0.0,0.0,0.0,0.0
2025-03-06 22:00:00+00:00,0.0,0.0,0.0,0.0,0.0,0.0
2025-03-06 23:00:00+00:00,0.0,0.0,0.0,0.0,0.0,0.0
2025-03-07 00:00:00+00:00,0.0,0.0,0.0,0.0,0.0,0.0
2025-03-07 01:00:00+00:00,0.0,0.0,0.0,0.0,0.0,0.0
2025-03-07 02:00:00+00:00,0.0,0.0,0.0,0.0,0.0,0.0
2025-03-07 03:00:00+00:00,0.0,0.0,0.0,0.0,0.0,0.0
2025-03-07 04:00:00+00:00,0.0,0.0,0.0,0.0,0.0,0.0
2025-03-07 05:00:00+00:00,0.0,0.0,0.0,0.0,0.0,0.0
2025-03-07 06:00:00+00:00,0.00075,0.00075,0.0,0.0,-0.00075,-0.00075
2025-03-07 07:00:00+00:00,0.02875,0.03025,0.01666,0.01781,-0.01209,-0.01244
2025-03-07 08:00:00+00:00,0.08625,0.08925,0.11986,0.18199,0.03361,0.09274000000000002
2025-03-07 09:00:00+00:00,0.16275,0.17625000000000002,0.23096,0.31899,0.06820999999999999,0.14273999999999998
2025-03-07 10:00:00+00:00,0.29375,0.34225,0.32074,0.42099000000000003,0.026990000000000014,0.07874000000000003
2025-03-07 11:00:00+00:00,0.373,0.4485,0.36876,0.45599,-0.0042400000000000215,0.007489999999999997
2025-03-07 12:00:00+00:00,0.3085,0.34625,0.2953,0.313,-0.01319999999999999,-0.03325
2025-03-07 13:00:00+00:00,0.22325,0.23575000000000002,0.2646,0.275,0.04135,0.03925000000000001
2025-03-07 14:00:00+00:00,0.1565,0.16125,0.30523,0.34099,0.14873,0.17974
2025-03-07 15:00:00+00:00,0.0905,0.09225,0.11134000000000001,0.112,0.02084000000000001,0.019750000000000004
2025-03-07 16:00:00+00:00,0.074,0.076,0.15787,0.175,0.08387000000000001,0.09899999999999999
2025-03-07 17:00:00+00:00,0.02075,0.021,0.02827,0.0286,0.007519999999999999,0.007599999999999999
2025-03-07 18:00:00+00:00,0.0,0.0,0.0,0.0,0.0,0.0
2025-03-07 19:00:00+00:00,0.0,0.0,0.0,0.0,0.0,0.0
2025-03-07 20:00:00+00:00,0.0,0.0,0.0,0.0,0.0,0.0
2025-03-07 21:00:00+00:00,0.0,0.0,0.0,0.0,0.0,0.0
2025-03-07 22:00:00+00:00,0.0,0.0,0.0,0.0,0.0,0.0
2025-03-07 23:00:00+00:00,0.0,0.0,0.0,0.0,0.0,0.0
2025-03-08 00:00:00+00:00,0.0,0.0,0.0,0.0,0.0,0.0
2025-03-08 01:00:00+00:00,0.0,0.0,0.0,0.0,0.0,0.0
2025-03-08 02:00:00+00:00,0.0,0.0,0.0,0.0,0.0,0.0
2025-03-08 03:00:00+00:00,0.0,0.0,0.0,0.0,0.0,0.0
2025-03-08 04:00:00+00:00,0.0,0.0,0.0,0.0,0.0,0.0
2025-03-08 05:00:00+00:00,0.0,0.0,0.0,0.0,0.0,0.0
2025-03-08 06:00:00+00:00,0.00375,0.00375,0.0,0.0,-0.00375,-0.00375
2025-03-08 07:00:00+00:00,0.05675,0.0725,0.011949999999999999,0.012,-0.044800000000000006,-0.0605
2025-03-08 08:00:00+00:00,0.1585,0.202,0.09634000000000001,0.104,-0.06215999999999999,-0.09800000000000002
2025-03-08 09:00:00+00:00,0.2625,0.33125,0.09761,0.098,-0.16489,-0.23324999999999999
2025-03-08 10:00:00+00:00,0.34925,0.435,0.26976,0.303,-0.07949,-0.132
2025-03-08 11:00:00+00:00,0.39825,0.48624999999999996,0.25536000000000003,0.266,-0.14288999999999996,-0.22024999999999995
2025-03-08 12:00:00+00:00,0.4135,0.49724999999999997,0.23359,0.238,-0.17991,-0.25925
2025-03-08 13:00:00+00:00,0.40049999999999997,0.47675,0.17306,0.174,-0.22743999999999998,-0.30275
2025-03-08 14:00:00+00:00,0.3415,0.39849999999999997,0.16661,0.168,-0.17489000000000002,-0.23049999999999995
2025-03-08 15:00:00+00:00,0.25225,0.28675,0.13081,0.132,-0.12143999999999996,-0.15475
2025-03-08 16:00:00+00:00,0.1305,0.14100000000000001,0.12703,0.133,-0.003470000000000001,-0.008000000000000007
2025-03-08 17:00:00+00:00,0.028,0.02875,0.01693,0.017,-0.01107,-0.01175
2025-03-08 18:00:00+00:00,0.0,0.0,0.0,0.0,0.0,0.0
2025-03-08 19:00:00+00:00,0.0,0.0,0.0,0.0,0.0,0.0
2025-03-08 20:00:00+00:00,0.0,0.0,0.0,0.0,0.0,0.0
2025-03-08 21:00:00+00:00,0.0,0.0,0.0,0.0,0.0,0.0
2025-03-08 22:00:00+00:00,0.0,0.0,0.0,0.0,0.0,0.0
2025-03-08 23:00:00+00:00,0.0,0.0,0.0,0.0,0.0,0.0
2025-03-09 00:00:00+00:00,0.0,0.0,0.0,0.0,0.0,0.0
2025-03-09 01:00:00+00:00,0.0,0.0,0.0,0.0,0.0,0.0
2025-03-09 02:00:00+00:00,0.0,0.0,0.0,0.0,0.0,0.0
2025-03-09 03:00:00+00:00,0.0,0.0,0.0,0.0,0.0,0.0
2025-03-09 04:00:00+00:00,0.0,0.0,0.0,0.0,0.0,0.0
2025-03-09 05:00:00+00:00,0.0,0.0,0.0,0.0,0.0,0.0
2025-03-09 06:00:00+00:00,0.00325,0.00325,0.0,0.0,-0.00325,-0.00325
2025-03-09 07:00:00+00:00,0.063,0.08075,0.011949999999999999,0.012,-0.05105,-0.06875
2025-03-09 08:00:00+00:00,0.16775,0.21450000000000002,0.07025,0.071,-0.0975,-0.14350000000000002
2025-03-09 09:00:00+00:00,0.26825,0.33425,0.07271,0.073,-0.19554,-0.26125
2025-03-09 10:00:00+00:00,0.35350000000000004,0.4355,0.11455,0.115,-0.23895000000000005,-0.3205
2025-03-09 11:00:00+00:00,0.41075,0.5005,0.12351000000000001,0.124,-0.28724,-0.37649999999999995
2025-03-09 12:00:00+00:00,0.43025,0.517,0.17006,0.171,-0.26019000000000003,-0.346
2025-03-09 13:00:00+00:00,0.40525,0.47875,0.12849000000000002,0.129,-0.27676,-0.34975
2025-03-09 14:00:00+00:00,0.33999999999999997,0.39275,0.07072,0.071,-0.26927999999999996,-0.32175
2025-03-09 15:00:00+00:00,0.25,0.28075,0.05279,0.053,-0.19721,-0.22775
2025-03-09 16:00:00+00:00,0.13074999999999998,0.14024999999999999,0.12065000000000001,0.125,-0.01009999999999997,-0.015249999999999986
2025-03-09 17:00:00+00:00,0.028,0.02825,0.06393,0.067,0.035930000000000004,0.03875000000000001
2025-03-09 18:00:00+00:00,0.0,0.0,0.0,0.0,0.0,0.0
2025-03-09 19:00:00+00:00,0.0,0.0,0.0,0.0,0.0,0.0
2025-03-09 20:00:00+00:00,0.0,0.0,0.0,0.0,0.0,0.0
2025-03-09 21:00:00+00:00,0.0,0.0,0.0,0.0,0.0,0.0
2025-03-09 22:00:00+00:00,0.0,0.0,0.0,0.0,0.0,0.0
2025-03-09 23:00:00+00:00,0.0,0.0,0.0,0.0,0.0,0.0
2025-03-10 00:00:00+00:00,0.0,0.0,0.0,0.0,0.0,0.0
2025-03-10 01:00:00+00:00,0.0,0.0,0.0,0.0,0.0,0.0
2025-03-10 02:00:00+00:00,0.0,0.0,0.0,0.0,0.0,0.0
2025-03-10 03:00:00+00:00,0.0,0.0,0.0,0.0,0.0,0.0
2025-03-10 04:00:00+00:00,0.0,0.0,0.0,0.0,0.0,0.0
2025-03-10 05:00:00+00:00,0.0,0.0,0.0,0.0,0.0,0.0
2025-03-10 06:00:00+00:00,0.00375,0.00375,0.0,0.0,-0.00375,-0.00375
2025-03-10 07:00:00+00:00,0.06675,0.082,0.011949999999999999,0.012,-0.0548,-0.07
2025-03-10 08:00:00+00:00,0.16725,0.20274999999999999,0.06927,0.07,-0.09798000000000001,-0.13274999999999998
2025-03-10 09:00:00+00:00,0.27,0.325,0.14019,0.143,-0.12981,-0.18200000000000002
2025-03-10 10:00:00+00:00,0.327,0.384,0.15308000000000002,0.154,-0.17392,-0.23
2025-03-10 11:00:00+00:00,0.25775,0.27675,0.14045,0.141,-0.11729999999999999,-0.13575
2025-03-10 12:00:00+00:00,0.24475000000000002,0.2585,0.19169999999999998,0.193,-0.05305000000000004,-0.0655
2025-03-10 13:00:00+00:00,0.2505,0.2665,0.33452,0.365,0.08401999999999998,0.09849999999999998
2025-03-10 14:00:00+00:00,0.2695,0.295,0.2802,0.299,0.010699999999999987,0.0040000000000000036
2025-03-10 15:00:00+00:00,0.112,0.11475,0.22169,0.236,0.10969,0.12124999999999998
2025-03-10 16:00:00+00:00,0.0575,0.05825,0.15036000000000002,0.16,0.09286000000000003,0.10175000000000001
2025-03-10 17:00:00+00:00,0.01325,0.0135,0.055490000000000005,0.057,0.04224000000000001,0.043500000000000004
2025-03-10 18:00:00+00:00,0.0,0.0,0.0,0.0,0.0,0.0
2025-03-10 19:00:00+00:00,0.0,0.0,0.0,0.0,0.0,0.0
2025-03-10 20:00:00+00:00,0.0,0.0,0.0,0.0,0.0,0.0
2025-03-10 21:00:00+00:00,0.0,0.0,0.0,0.0,0.0,0.0
2025-03-10 22:00:00+00:00,0.0,0.0,0.0,0.0,0.0,0.0
2025-03-10 23:00:00+00:00,0.0,0.0,0.0,0.0,0.0,0.0
2025-03-11 00:00:00+00:00,0.0,0.0,0.0,0.0,0.0,0.0
2025-03-11 01:00:00+00:00,0.0,0.0,0.0,0.0,0.0,0.0
2025-03-11 02:00:00+00:00,0.0,0.0,0.0,0.0,0.0,0.0
2025-03-11 03:00:00+00:00,0.0,0.0,0.0,0.0,0.0,0.0
2025-03-11 04:00:00+00:00,0.0,0.0,0.0,0.0,0.0,0.0
2025-03-11 05:00:00+00:00,0.0,0.0,0.0,0.0,0.0,0.0
2025-03-11 06:00:00+00:00,0.00475,0.00475,0.0,0.0,-0.00475,-0.00475
2025-03-11 07:00:00+00:00,0.05725,0.06525,0.01594,0.016,-0.04131,-0.04925
2025-03-11 08:00:00+00:00,0.16999999999999998,0.21175,0.13499,0.175,-0.035009999999999986,-0.036750000000000005
2025-03-11 09:00:00+00:00,0.28575,0.36125,0.15725999999999998,0.162,-0.12849000000000002,-0.19925
2025-03-11 10:00:00+00:00,0.329,0.39025,0.25895,0.279,-0.07005,-0.11124999999999996
2025-03-11 11:00:00+00:00,0.34875,0.402,0.30836,0.332,-0.04038999999999998,-0.07
2025-03-11 12:00:00+00:00,0.2225,0.234,0.37568,0.42499000000000003,0.15318,0.19099000000000002
2025-03-11 13:00:00+00:00,0.15975,0.1655,0.35993,0.40099,0.20018000000000002,0.23549
2025-03-11 14:00:00+00:00,0.19325,0.208,0.25686000000000003,0.268,0.06361000000000003,0.060000000000000026
2025-03-11 15:00:00+00:00,0.13,0.13425,0.12829,0.129,-0.001710000000000017,-0.005250000000000005
2025-03-11 16:00:00+00:00,0.10225000000000001,0.1065,0.032869999999999996,0.033,-0.06938000000000001,-0.0735
2025-03-11 17:00:00+00:00,0.0325,0.033,0.0338,0.034,0.0012999999999999956,0.0010000000000000009
2025-03-11 18:00:00+00:00,0.0,0.0,0.0,0.0,0.0,0.0
2025-03-11 19:00:00+00:00,0.0,0.0,0.0,0.0,0.0,0.0
2025-03-11 20:00:00+00:00,0.0,0.0,0.0,0.0,0.0,0.0
2025-03-11 21:00:00+00:00,0.0,0.0,0.0,0.0,0.0,0.0
2025-03-11 22:00:00+00:00,0.0,0.0,0.0,0.0,0.0,0.0
2025-03-11 23:00:00+00:00,0.0,0.0,0.0,0.0,0.0,0.0
2025-03-12 00:00:00+00:00,0.0,0.0,0.0,0.0,0.0,0.0
2025-03-12 01:00:00+00:00,0.0,0.0,0.0,0.0,0.0,0.0
2025-03-12 02:00:00+00:00,0.0,0.0,0.0,0.0,0.0,0.0
2025-03-12 03:00:00+00:00,0.0,0.0,0.0,0.0,0.0,0.0
2025-03-12 04:00:00+00:00,0.0,0.0,0.0,0.0,0.0,0.0
2025-03-12 05:00:00+00:00,0.0,0.0,0.0,0.0,0.0,0.0
2025-03-12 06:00:00+00:00,0.0055,0.0055,0.0,0.0,-0.0055,-0.0055
2025-03-12 07:00:00+00:00,0.07775,0.11725,0.01494,0.015,-0.06281,-0.10225
2025-03-12 08:00:00+00:00,0.178,0.23049999999999998,0.10618000000000001,0.113,-0.07181999999999998,-0.11749999999999998
2025-03-12 09:00:00+00:00,0.229,0.26275,0.22996,0.275,0.0009599999999999886,0.012250000000000039
2025-03-12 10:00:00+00:00,0.20249999999999999,0.22475,0.31943,0.38499,0.11693,0.16024
2025-03-12 11:00:00+00:00,0.13175,0.135,0.36167,0.41899000000000003,0.22991999999999999,0.28399
2025-03-12 12:00:00+00:00,0.179,0.1925,0.44236000000000003,0.54799,0.26336000000000004,0.35549
2025-03-12 13:00:00+00:00,0.234,0.25825,0.41825,0.50199,0.18425,0.24374000000000007
2025-03-12 14:00:00+00:00,0.30125,0.33599999999999997,0.26885000000000003,0.283,-0.032399999999999984,-0.05299999999999999
2025-03-12 15:00:00+00:00,0.18575,0.20274999999999999,0.15672,0.159,-0.02903,-0.04374999999999998
2025-03-12 16:00:00+00:00,0.13825,0.14775,0.04682,0.047,-0.09143000000000001,-0.10074999999999999
2025-03-12 17:00:00+00:00,0.03925,0.03975,0.0513,0.052,0.012049999999999998,0.012249999999999997
2025-03-12 18:00:00+00:00,0.0,0.0,0.0,0.0,0.0,0.0
2025-03-12 19:00:00+00:00,0.0,0.0,0.0,0.0,0.0,0.0
2025-03-12 20:00:00+00:00,0.0,0.0,0.0,0.0,0.0,0.0
2025-03-12 21:00:00+00:00,0.0,0.0,0.0,0.0,0.0,0.0
2025-03-12 22:00:00+00:00,0.0,0.0,0.0,0.0,0.0,0.0
2025-03-12 23:00:00+00:00,0.0,0.0,0.0,0.0,0.0,0.0
2025-03-13 00:00:00+00:00,0.0,0.0,0.0,0.0,0.0,0.0
2025-03-13 01:00:00+00:00,0.0,0.0,0.0,0.0,0.0,0.0
2025-03-13 02:00:00+00:00,0.0,0.0,0.0,0.0,0.0,0.0
2025-03-13 03:00:00+00:00,0.0,0.0,0.0,0.0,0.0,0.0
2025-03-13 04:00:00+00:00,0.0,0.0,0.0,0.0,0.0,0.0
2025-03-13 05:00:00+00:00,0.0,0.0,0.0,0.0,0.0,0.0
2025-03-13 06:00:00+00:00,0.006749999999999999,0.006749999999999999,0.0,0.0,-0.006749999999999999,-0.006749999999999999
2025-03-13 07:00:00+00:00,0.0655,0.07575,0.02818,0.029,-0.037320000000000006,-0.04675
2025-03-13 08:00:00+00:00,0.1285,0.14350000000000002,0.06573999999999999,0.066,-0.06276000000000001,-0.07750000000000001
2025-03-13 09:00:00+00:00,0.1875,0.20775,0.25902,0.33999,0.07151999999999997,0.13224000000000002
2025-03-13 10:00:00+00:00,0.18625,0.19575,0.265,0.286,0.07875000000000001,0.09024999999999997
2025-03-13 11:00:00+00:00,0.31125,0.35325,0.26099,0.27,-0.05026000000000003,-0.08324999999999999
2025-03-13 12:00:00+00:00,0.26825,0.297,0.17332,0.174,-0.09492999999999999,-0.123
2025-03-13 13:00:00+00:00,0.23424999999999999,0.2575,0.15041,0.151,-0.08384,-0.10650000000000001
2025-03-13 14:00:00+00:00,0.26225,0.29575,0.27238,0.287,0.010130000000000028,-0.008750000000000036
2025-03-13 15:00:00+00:00,0.1835,0.20025,0.17878,0.183,-0.004720000000000002,-0.017250000000000015
2025-03-13 16:00:00+00:00,0.14049999999999999,0.14875,0.15385,0.162,0.01335,0.013250000000000012
2025-03-13 17:00:00+00:00,0.015,0.01525,0.02689,0.027,0.011890000000000001,0.01175
2025-03-13 18:00:00+00:00,0.0,0.0,0.0,0.0,0.0,0.0
2025-03-13 19:00:00+00:00,0.0,0.0,0.0,0.0,0.0,0.0
2025-03-13 20:00:00+00:00,0.0,0.0,0.0,0.0,0.0,0.0
2025-03-13 21:00:00+00:00,0.0,0.0,0.0,0.0,0.0,0.0
2025-03-13 22:00:00+00:00,0.0,0.0,0.0,0.0,0.0,0.0
2025-03-13 23:00:00+00:00,0.0,0.0,0.0,0.0,0.0,0.0
2025-03-14 00:00:00+00:00,0.0,0.0,0.0,0.0,0.0,0.0
2025-03-14 01:00:00+00:00,0.0,0.0,0.0,0.0,0.0,0.0
2025-03-14 02:00:00+00:00,0.0,0.0,0.0,0.0,0.0,0.0
2025-03-14 03:00:00+00:00,0.0,0.0,0.0,0.0,0.0,0.0
2025-03-14 04:00:00+00:00,0.0,0.0,0.0,0.0,0.0,0.0
2025-03-14 05:00:00+00:00,0.0,0.0,0.0,0.0,0.0,0.0
2025-03-14 06:00:00+00:00,0.00875,0.009250000000000001,0.0,0.0,-0.00875,-0.009250000000000001
2025-03-14 07:00:00+00:00,0.07425,0.08875,0.045520000000000005,0.071,-0.02872999999999999,-0.017750000000000002
2025-03-14 08:00:00+00:00,0.202,0.2635,0.16162,0.22399000000000002,-0.04038,-0.03950999999999999
2025-03-14 09:00:00+00:00,0.30025,0.375,0.2771,0.36599,-0.023150000000000004,-0.009010000000000018
2025-03-14 10:00:00+00:00,0.23149999999999998,0.25425,0.36342,0.45999,0.13192000000000004,0.20574000000000003
2025-03-14 11:00:00+00:00,0.161,0.16849999999999998,0.39982999999999996,0.47599,0.23882999999999996,0.30749000000000004
2025-03-14 12:00:00+00:00,0.2475,0.26375,0.05478,0.055,-0.19272,-0.20875
2025-03-14 13:00:00+00:00,0.22975,0.24375,0.41506,0.48199000000000003,0.18530999999999997,0.23824000000000004
2025-03-14 14:00:00+00:00,0.146,0.1535,0.35975999999999997,0.40699,0.21375999999999998,0.25349
2025-03-14 15:00:00+00:00,0.194,0.20775,0.061759999999999995,0.062,-0.13224000000000002,-0.14575
2025-03-14 16:00:00+00:00,0.082,0.08425,0.03984,0.04,-0.04216,-0.044250000000000005
2025-03-14 17:00:00+00:00,0.0445,0.044,0.09251000000000001,0.095,0.04801000000000001,0.051000000000000004
2025-03-14 18:00:00+00:00,0.00025,0.00025,0.0,0.0,-0.00025,-0.00025
2025-03-14 19:00:00+00:00,0.0,0.0,0.0,0.0,0.0,0.0
2025-03-14 20:00:00+00:00,0.0,0.0,0.0,0.0,0.0,0.0
2025-03-14 21:00:00+00:00,0.0,0.0,0.0,0.0,0.0,0.0
2025-03-14 22:00:00+00:00,0.0,0.0,0.0,0.0,0.0,0.0
2025-03-14 23:00:00+00:00,0.0,0.0,0.0,0.0,0.0,0.0
2025-03-15 00:00:00+00:00,0.0,0.0,0.0,0.0,0.0,0.0
2025-03-15 01:00:00+00:00,0.0,0.0,0.0,0.0,0.0,0.0
2025-03-15 02:00:00+00:00,0.0,0.0,0.0,0.0,0.0,0.0
2025-03-15 03:00:00+00:00,0.0,0.0,0.0,0.0,0.0,0.0
2025-03-15 04:00:00+00:00,0.0,0.0,0.0,0.0,0.0,0.0
2025-03-15 05:00:00+00:00,0.0,0.0,0.0,0.0,0.0,0.0
2025-03-15 06:00:00+00:00,0.01075,0.01375,0.0,0.0,-0.01075,-0.01375
2025-03-15 07:00:00+00:00,0.09225,0.11975,0.0249,0.025,-0.06735,-0.09475
2025-03-15 08:00:00+00:00,0.1975,0.24524999999999997,0.11724,0.124,-0.08026000000000001,-0.12124999999999997
2025-03-15 09:00:00+00:00,0.2905,0.34875,0.21503,0.234,-0.07546999999999998,-0.11474999999999999
2025-03-15 10:00:00+00:00,0.2235,0.2395,0.29348,0.322,0.06998000000000001,0.08250000000000002
2025-03-15 11:00:00+00:00,0.20775,0.217,0.34389,0.376,0.13613999999999998,0.159
2025-03-15 12:00:00+00:00,0.25525,0.275,0.38104000000000005,0.422,0.12579000000000007,0.14699999999999996
2025-03-15 13:00:00+00:00,0.166,0.17625000000000002,0.35587,0.386,0.18987,0.20975
2025-03-15 14:00:00+00:00,0.1585,0.16525,0.25217,0.26,0.09367,0.09475
2025-03-15 15:00:00+00:00,0.203,0.2175,0.13528,0.136,-0.06772,-0.08149999999999999
2025-03-15 16:00:00+00:00,0.10225000000000001,0.1055,0.06275,0.063,-0.03950000000000001,-0.042499999999999996
2025-03-15 17:00:00+00:00,0.03375,0.034,0.02391,0.024,-0.009840000000000002,-0.010000000000000002
2025-03-15 18:00:00+00:00,0.00025,0.00025,0.0,0.0,-0.00025,-0.00025
2025-03-15 19:00:00+00:00,0.0,0.0,0.0,0.0,0.0,0.0
2025-03-15 20:00:00+00:00,0.0,0.0,0.0,0.0,0.0,0.0
2025-03-15 21:00:00+00:00,0.0,0.0,0.0,0.0,0.0,0.0
2025-03-15 22:00:00+00:00,0.0,0.0,0.0,0.0,0.0,0.0
2025-03-15 23:00:00+00:00,0.0,0.0,0.0,0.0,0.0,0.0
2025-03-16 00:00:00+00:00,0.0,0.0,0.0,0.0,0.0,0.0
2025-03-16 01:00:00+00:00,0.0,0.0,0.0,0.0,0.0,0.0
2025-03-16 02:00:00+00:00,0.0,0.0,0.0,0.0,0.0,0.0
2025-03-16 03:00:00+00:00,0.0,0.0,0.0,0.0,0.0,0.0
2025-03-16 04:00:00+00:00,0.0,0.0,0.0,0.0,0.0,0.0
2025-03-16 05:00:00+00:00,0.0,0.0,0.0,0.0,0.0,0.0
2025-03-16 06:00:00+00:00,0.0115,0.015,0.0,0.0,-0.0115,-0.015
2025-03-16 07:00:00+00:00,0.1,0.13475,0.03427,0.035,-0.06573000000000001,-0.09975
2025-03-16 08:00:00+00:00,0.21025,0.26625,0.04881,0.049,-0.16144,-0.21725
2025-03-16 09:00:00+00:00,0.29725,0.35650000000000004,0.05777,0.058,-0.23948000000000003,-0.29850000000000004
2025-03-16 10:00:00+00:00,0.34525,0.401,0.08367000000000001,0.084,-0.26158,-0.317
2025-03-16 11:00:00+00:00,0.317,0.3465,0.24656999999999998,0.252,-0.07043000000000002,-0.09449999999999997
2025-03-16 12:00:00+00:00,0.21875,0.22725,0.061759999999999995,0.062,-0.15699000000000002,-0.16525
2025-03-16 13:00:00+00:00,0.19875,0.2055,0.18703,0.188,-0.011720000000000008,-0.017499999999999988
2025-03-16 14:00:00+00:00,0.111,0.11299999999999999,0.10459,0.105,-0.006409999999999999,-0.007999999999999993
2025-03-16 15:00:00+00:00,0.09975,0.1015,0.08168,0.082,-0.018070000000000003,-0.019500000000000003
2025-03-16 16:00:00+00:00,0.08125,0.08275,0.056780000000000004,0.057,-0.02447,-0.025750000000000002
2025-03-16 17:00:00+00:00,0.03775,0.03825,0.02689,0.027,-0.010859999999999998,-0.01125
2025-03-16 18:00:00+00:00,0.0005,0.0005,0.0,0.0,-0.0005,-0.0005
2025-03-16 19:00:00+00:00,0.0,0.0,0.0,0.0,0.0,0.0
2025-03-16 20:00:00+00:00,0.0,0.0,0.0,0.0,0.0,0.0
2025-03-16 21:00:00+00:00,0.0,0.0,0.0,0.0,0.0,0.0
2025-03-16 22:00:00+00:00,0.0,0.0,0.0,0.0,0.0,0.0
2025-03-16 23:00:00+00:00,0.0,0.0,0.0,0.0,0.0,0.0
2025-03-17 00:00:00+00:00,0.0,0.0,0.0,0.0,0.0,0.0
2025-03-17 01:00:00+00:00,0.0,0.0,0.0,0.0,0.0,0.0
2025-03-17 02:00:00+00:00,0.0,0.0,0.0,0.0,0.0,0.0
2025-03-17 03:00:00+00:00,0.0,0.0,0.0,0.0,0.0,0.0
2025-03-17 04:00:00+00:00,0.0,0.0,0.0,0.0,0.0,0.0
2025-03-17 05:00:00+00:00,0.0,0.0,0.0,0.0,0.0,0.0
2025-03-17 06:00:00+00:00,0.01175,0.012750000000000001,0.0,0.0,-0.01175,-0.012750000000000001
2025-03-17 07:00:00+00:00,0.0665,0.07150000000000001,0.04952,0.055,-0.016980000000000002,-0.016500000000000008
2025-03-17 08:00:00+00:00,0.09675,0.09925,0.13308,0.144,0.03633,0.044749999999999984
2025-03-17 09:00:00+00:00,0.0885,0.09025,0.20697,0.22,0.11846999999999999,0.12975
2025-03-17 10:00:00+00:00,0.09775,0.0995,0.26215,0.276,0.1644,0.17650000000000002
2025-03-17 11:00:00+00:00,0.12325,0.12575,0.45026,0.55899,0.32701,0.43323999999999996
2025-03-17 12:00:00+00:00,0.146,0.14925,0.36705,0.398,0.22105,0.24875000000000003
2025-03-17 13:00:00+00:00,0.14100000000000001,0.144,0.38593,0.42699000000000004,0.24492999999999998,0.2829900000000001
2025-03-17 14:00:00+00:00,0.094,0.0955,0.34599,0.38,0.25199000000000005,0.2845
2025-03-17 15:00:00+00:00,0.14625,0.15125,0.25719,0.274,0.11093999999999998,0.12275000000000003
2025-03-17 16:00:00+00:00,0.13175,0.13625,0.22194999999999998,0.24399,0.09019999999999997,0.10774
2025-03-17 17:00:00+00:00,0.057999999999999996,0.056999999999999995,0.07244,0.073,0.014440000000000008,0.016
2025-03-17 18:00:00+00:00,0.00175,0.00175,0.0,0.0,-0.00175,-0.00175
2025-03-17 19:00:00+00:00,0.0,0.0,0.0,0.0,0.0,0.0
2025-03-17 20:00:00+00:00,0.0,0.0,0.0,0.0,0.0,0.0
2025-03-17 21:00:00+00:00,0.0,0.0,0.0,0.0,0.0,0.0
2025-03-17 22:00:00+00:00,0.0,0.0,0.0,0.0,0.0,0.0
2025-03-17 23:00:00+00:00,0.0,0.0,0.0,0.0,0.0,0.0
2025-03-18 00:00:00+00:00,0.0,0.0,0.0,0.0,0.0,0.0
2025-03-18 01:00:00+00:00,0.0,0.0,0.0,0.0,0.0,0.0
2025-03-18 02:00:00+00:00,0.0,0.0,0.0,0.0,0.0,0.0
2025-03-18 03:00:00+00:00,0.0,0.0,0.0,0.0,0.0,0.0
2025-03-18 04:00:00+00:00,0.0,0.0,0.0,0.0,0.0,0.0
2025-03-18 05:00:00+00:00,0.0,0.0,0.0,0.0,0.0,0.0
2025-03-18 06:00:00+00:00,0.0155,0.02,0.0,0.0,-0.0155,-0.02
2025-03-18 07:00:00+00:00,0.112,0.1515,0.039310000000000005,0.04,-0.07269,-0.11149999999999999
2025-03-18 08:00:00+00:00,0.23575000000000002,0.30574999999999997,0.15643,0.18,-0.07932,-0.12574999999999997
2025-03-18 09:00:00+00:00,0.34875,0.441,0.22845,0.25,-0.12030000000000002,-0.191
2025-03-18 10:00:00+00:00,0.4395,0.54625,0.1571,0.158,-0.2824,-0.38825
2025-03-18 11:00:00+00:00,0.498,0.60975,0.21384,0.216,-0.28415999999999997,-0.39375000000000004
2025-03-18 12:00:00+00:00,0.51925,0.6255,0.46738999999999997,0.56199,-0.05186000000000002,-0.06350999999999996
2025-03-18 13:00:00+00:00,0.4965,0.5882499999999999,0.46751,0.55899,-0.028990000000000016,-0.029259999999999953
2025-03-18 14:00:00+00:00,0.43275,0.5015000000000001,0.17889,0.18,-0.25386000000000003,-0.32150000000000006
2025-03-18 15:00:00+00:00,0.33499999999999996,0.37675000000000003,0.23287,0.243,-0.10212999999999997,-0.13375000000000004
2025-03-18 16:00:00+00:00,0.21150000000000002,0.22625,0.21026,0.227,-0.0012400000000000189,0.0007500000000000007
2025-03-18 17:00:00+00:00,0.07875,0.0765,0.07947,0.08,0.0007199999999999984,0.003500000000000003
2025-03-18 18:00:00+00:00,0.0025,0.0025,0.0,0.0,-0.0025,-0.0025
2025-03-18 19:00:00+00:00,0.0,0.0,0.0,0.0,0.0,0.0
2025-03-18 20:00:00+00:00,0.0,0.0,0.0,0.0,0.0,0.0
2025-03-18 21:00:00+00:00,0.0,0.0,0.0,0.0,0.0,0.0
2025-03-18 22:00:00+00:00,0.0,0.0,0.0,0.0,0.0,0.0
2025-03-18 23:00:00+00:00,0.0,0.0,0.0,0.0,0.0,0.0
2025-03-19 00:00:00+00:00,0.0,0.0,0.0,0.0,0.0,0.0
2025-03-19 01:00:00+00:00,0.0,0.0,0.0,0.0,0.0,0.0
2025-03-19 02:00:00+00:00,0.0,0.0,0.0,0.0,0.0,0.0
2025-03-19 03:00:00+00:00,0.0,0.0,0.0,0.0,0.0,0.0
2025-03-19 04:00:00+00:00,0.0,0.0,0.0,0.0,0.0,0.0
2025-03-19 05:00:00+00:00,0.0,0.0,0.0,0.0,0.0,0.0
2025-03-19 06:00:00+00:00,0.01875,0.0245,0.0,0.0,-0.01875,-0.0245
2025-03-19 07:00:00+00:00,0.113,0.14750000000000002,0.06491,0.079,-0.04809000000000001,-0.06850000000000002
2025-03-19 08:00:00+00:00,0.23175,0.29325,0.17779,0.219,-0.05396000000000001,-0.07425000000000001
2025-03-19 09:00:00+00:00,0.34275,0.4265,0.28951,0.35699000000000003,-0.05324000000000001,-0.06950999999999996
2025-03-19 10:00:00+00:00,0.43175,0.53125,0.36969,0.44099,-0.062060000000000004,-0.09026
2025-03-19 11:00:00+00:00,0.48724999999999996,0.5914999999999999,0.34535000000000005,0.371,-0.14189999999999992,-0.22049999999999992
2025-03-19 12:00:00+00:00,0.5045,0.6034999999999999,0.47667000000000004,0.56999,-0.02782999999999991,-0.03350999999999993
2025-03-19 13:00:00+00:00,0.46199999999999997,0.5365,0.40641000000000005,0.45199,-0.05558999999999992,-0.08450999999999997
2025-03-19 14:00:00+00:00,0.274,0.29475,0.38885000000000003,0.43799,0.11485000000000001,0.14323999999999998
2025-03-19 15:00:00+00:00,0.1575,0.163,0.21323,0.219,0.05573,0.055999999999999994
2025-03-19 16:00:00+00:00,0.09075,0.09375,0.16538999999999998,0.171,0.07463999999999998,0.07725000000000001
2025-03-19 17:00:00+00:00,0.0515,0.0515,0.04382,0.044,-0.007679999999999999,-0.0075
2025-03-19 18:00:00+00:00,0.001,0.001,0.0,0.0,-0.001,-0.001
2025-03-19 19:00:00+00:00,0.0,0.0,0.0,0.0,0.0,0.0
2025-03-19 20:00:00+00:00,0.0,0.0,0.0,0.0,0.0,0.0
2025-03-19 21:00:00+00:00,0.0,0.0,0.0,0.0,0.0,0.0
2025-03-19 22:00:00+00:00,0.0,0.0,0.0,0.0,0.0,0.0
2025-03-19 23:00:00+00:00,0.0,0.0,0.0,0.0,0.0,0.0
2025-03-20 00:00:00+00:00,0.0,0.0,0.0,0.0,0.0,0.0
2025-03-20 01:00:00+00:00,0.0,0.0,0.0,0.0,0.0,0.0
2025-03-20 02:00:00+00:00,0.0,0.0,0.0,0.0,0.0,0.0
2025-03-20 03:00:00+00:00,0.0,0.0,0.0,0.0,0.0,0.0
2025-03-20 04:00:00+00:00,0.0,0.0,0.0,0.0,0.0,0.0
2025-03-20 05:00:00+00:00,0.0,0.0,0.0,0.0,0.0,0.0
2025-03-20 06:00:00+00:00,0.021249999999999998,0.02675,0.0,0.0,-0.021249999999999998,-0.02675
2025-03-20 07:00:00+00:00,0.11825,0.14975,0.017929999999999998,0.018,-0.10031999999999999,-0.13175
2025-03-20 08:00:00+00:00,0.23625000000000002,0.29200000000000004,0.04881,0.049,-0.18744000000000002,-0.24300000000000005
2025-03-20 09:00:00+00:00,0.34525,0.422,0.09562000000000001,0.096,-0.24963,-0.32599999999999996
2025-03-20 10:00:00+00:00,0.43025,0.523,0.12849000000000002,0.129,-0.30176000000000003,-0.394
2025-03-20 11:00:00+00:00,0.48524999999999996,0.58375,0.15041,0.151,-0.33483999999999997,-0.43274999999999997
2025-03-20 12:00:00+00:00,0.4995,0.5922499999999999,0.31627,0.329,-0.18323,-0.26324999999999993
2025-03-20 13:00:00+00:00,0.4745,0.55225,0.36854000000000003,0.398,-0.10595999999999994,-0.15425
2025-03-20 14:00:00+00:00,0.39725,0.44875,0.36428,0.40199,-0.03297,-0.04675999999999997
2025-03-20 15:00:00+00:00,0.28475,0.3095,0.16995,0.172,-0.11480000000000001,-0.1375
2025-03-20 16:00:00+00:00,0.16275,0.17025,0.15655000000000002,0.161,-0.006199999999999983,-0.009250000000000008
2025-03-20 17:00:00+00:00,0.057999999999999996,0.056999999999999995,0.02689,0.027,-0.031109999999999995,-0.029999999999999995
2025-03-20 18:00:00+00:00,0.0015,0.0015,0.0,0.0,-0.0015,-0.0015
2025-03-20 19:00:00+00:00,0.0,0.0,0.0,0.0,0.0,0.0
2025-03-20 20:00:00+00:00,0.0,0.0,0.0,0.0,0.0,0.0
2025-03-20 21:00:00+00:00,0.0,0.0,0.0,0.0,0.0,0.0
2025-03-20 22:00:00+00:00,0.0,0.0,0.0,0.0,0.0,0.0
2025-03-20 23:00:00+00:00,0.0,0.0,0.0,0.0,0.0,0.0
2025-03-21 00:00:00+00:00,0.0,0.0,0.0,0.0,0.0,0.0
2025-03-21 01:00:00+00:00,0.0,0.0,0.0,0.0,0.0,0.0
2025-03-21 02:00:00+00:00,0.0,0.0,0.0,0.0,0.0,0.0
2025-03-21 03:00:00+00:00,0.0,0.0,0.0,0.0,0.0,0.0
2025-03-21 04:00:00+00:00,0.0,0.0,0.0,0.0,0.0,0.0
2025-03-21 05:00:00+00:00,0.0,0.0,0.0,0.0,0.0,0.0
2025-03-21 06:00:00+00:00,0.0135,0.013749999999999998,0.0,0.0,-0.0135,-0.013749999999999998
2025-03-21 07:00:00+00:00,0.087,0.094,0.0,0.0,-0.087,-0.094
2025-03-21 08:00:00+00:00,0.17825,0.19525,0.0,0.0,-0.17825,-0.19525
2025-03-21 09:00:00+00:00,0.213,0.2275,0.27442,0.318,0.06142,0.0905
2025-03-21 10:00:00+00:00,0.24575,0.25925,0.2245,0.229,-0.02124999999999999,-0.03024999999999997
2025-03-21 11:00:00+00:00,0.34525,0.37925000000000003,0.38724000000000003,0.431,0.04199000000000003,0.05174999999999996
2025-03-21 12:00:00+00:00,0.365,0.39975,0.49627,0.59799,0.13127,0.19824000000000003
2025-03-21 13:00:00+00:00,0.2375,0.24825,0.48563,0.57599,0.24813000000000002,0.32774000000000003
2025-03-21 14:00:00+00:00,0.17725,0.182,0.22671,0.23,0.049460000000000004,0.048000000000000015
2025-03-21 15:00:00+00:00,0.16475,0.16925,0.22155000000000002,0.228,0.05680000000000002,0.05875
2025-03-21 16:00:00+00:00,0.09575,0.09725,0.14896,0.152,0.05321000000000001,0.05474999999999999
2025-03-21 17:00:00+00:00,0.053000000000000005,0.052250000000000005,0.11596,0.116,0.06295999999999999,0.06375
2025-03-21 18:00:00+00:00,0.0015,0.0015,0.0,0.0,-0.0015,-0.0015
2025-03-21 19:00:00+00:00,0.0,0.0,0.0,0.0,0.0,0.0
2025-03-21 20:00:00+00:00,0.0,0.0,0.0,0.0,0.0,0.0
2025-03-21 21:00:00+00:00,0.0,0.0,0.0,0.0,0.0,0.0
2025-03-21 22:00:00+00:00,0.0,0.0,0.0,0.0,0.0,0.0
2025-03-21 23:00:00+00:00,0.0,0.0,0.0,0.0,0.0,0.0
2025-03-22 00:00:00+00:00,0.0,0.0,0.0,0.0,0.0,0.0
2025-03-22 01:00:00+00:00,0.0,0.0,0.0,0.0,0.0,0.0
2025-03-22 02:00:00+00:00,0.0,0.0,0.0,0.0,0.0,0.0
2025-03-22 03:00:00+00:00,0.0,0.0,0.0,0.0,0.0,0.0
2025-03-22 04:00:00+00:00,0.0,0.0,0.0,0.0,0.0,0.0
2025-03-22 05:00:00+00:00,0.0,0.0,0.0,0.0,0.0,0.0
2025-03-22 06:00:00+00:00,0.01575,0.01625,0.0,0.0,-0.01575,-0.01625
2025-03-22 07:00:00+00:00,0.0635,0.065,0.0,0.0,-0.0635,-0.065
2025-03-22 08:00:00+00:00,0.11875000000000001,0.1225,0.20502,0.263,0.08627,0.1405
2025-03-22 09:00:00+00:00,0.1585,0.16375,0.32517,0.41099,0.16667,0.24724000000000002
2025-03-22 10:00:00+00:00,0.194,0.20074999999999998,0.42834,0.53499,0.23434,0.33424
2025-03-22 11:00:00+00:00,0.262,0.27375,0.43745999999999996,0.50999,0.17545999999999995,0.23624000000000006
2025-03-22 12:00:00+00:00,0.228,0.236,0.49451,0.58899,0.26651,0.35299
2025-03-22 13:00:00+00:00,0.17075,0.17475,0.5042,0.59899,0.33344999999999997,0.42424000000000006
2025-03-22 14:00:00+00:00,0.1165,0.1185,0.37898000000000004,0.41699,0.26248000000000005,0.29849000000000003
2025-03-22 15:00:00+00:00,0.046,0.0465,0.27104,0.286,0.22504000000000002,0.2395
2025-03-22 16:00:00+00:00,0.04,0.04,0.21539,0.228,0.17539,0.188
2025-03-22 17:00:00+00:00,0.02175,0.02175,0.11826,0.118,0.09651000000000001,0.09625
2025-03-22 18:00:00+00:00,0.00075,0.00075,0.0,0.0,-0.00075,-0.00075
2025-03-22 19:00:00+00:00,0.0,0.0,0.0,0.0,0.0,0.0
2025-03-22 20:00:00+00:00,0.0,0.0,0.0,0.0,0.0,0.0
2025-03-22 21:00:00+00:00,0.0,0.0,0.0,0.0,0.0,0.0
2025-03-22 22:00:00+00:00,0.0,0.0,0.0,0.0,0.0,0.0
2025-03-22 23:00:00+00:00,0.0,0.0,0.0,0.0,0.0,0.0
2025-03-23 00:00:00+00:00,0.0,0.0,0.0,0.0,0.0,0.0
2025-03-23 01:00:00+00:00,0.0,0.0,0.0,0.0,0.0,0.0
2025-03-23 02:00:00+00:00,0.0,0.0,0.0,0.0,0.0,0.0
2025-03-23 03:00:00+00:00,0.0,0.0,0.0,0.0,0.0,0.0
2025-03-23 04:00:00+00:00,0.0,0.0,0.0,0.0,0.0,0.0
2025-03-23 05:00:00+00:00,0.0,0.0,0.0,0.0,0.0,0.0
2025-03-23 06:00:00+00:00,0.010499999999999999,0.011,0.0,0.0,-0.010499999999999999,-0.011
2025-03-23 07:00:00+00:00,0.041999999999999996,0.042749999999999996,0.08957999999999999,0.116,0.04758,0.07325000000000001
2025-03-23 08:00:00+00:00,0.06875,0.06975,0.19945,0.241,0.13069999999999998,0.17124999999999999
2025-03-23 09:00:00+00:00,0.06275,0.06375,0.23165,0.245,0.1689,0.18125
2025-03-23 10:00:00+00:00,0.091,0.0925,0.36952999999999997,0.42299000000000003,0.27852999999999994,0.33049000000000006
2025-03-23 11:00:00+00:00,0.11674999999999999,0.119,0.5053500000000001,0.61999,0.38860000000000006,0.50099
2025-03-23 12:00:00+00:00,0.1255,0.128,0.45626,0.5189900000000001,0.33076,0.39099000000000006
2025-03-23 13:00:00+00:00,0.1095,0.111,0.27934,0.285,0.16984,0.174
2025-03-23 14:00:00+00:00,0.08449999999999999,0.08549999999999999,0.45481,0.52699,0.37031000000000003,0.44148999999999994
2025-03-23 15:00:00+00:00,0.0875,0.08875,0.37059,0.41799000000000003,0.28308999999999995,0.32924000000000003
2025-03-23 16:00:00+00:00,0.056,0.0565,0.08068,0.081,0.02468,0.0245
2025-03-23 17:00:00+00:00,0.026500000000000003,0.027,0.05681,0.057,0.030309999999999997,0.030000000000000002
2025-03-23 18:00:00+00:00,0.00075,0.00075,0.0,0.0,-0.00075,-0.00075
2025-03-23 19:00:00+00:00,0.0,0.0,0.0,0.0,0.0,0.0
2025-03-23 20:00:00+00:00,0.0,0.0,0.0,0.0,0.0,0.0
2025-03-23 21:00:00+00:00,0.0,0.0,0.0,0.0,0.0,0.0
2025-03-23 22:00:00+00:00,0.0,0.0,0.0,0.0,0.0,0.0
2025-03-23 23:00:00+00:00,0.0,0.0,0.0,0.0,0.0,0.0
2025-03-24 00:00:00+00:00,0.0,0.0,0.0,0.0,0.0,0.0
2025-03-24 01:00:00+00:00,0.0,0.0,0.0,0.0,0.0,0.0
2025-03-24 02:00:00+00:00,0.0,0.0,0.0,0.0,0.0,0.0
2025-03-24 03:00:00+00:00,0.0,0.0,0.0,0.0,0.0,0.0
2025-03-24 04:00:00+00:00,0.0,0.0,0.0,0.0,0.0,0.0
2025-03-24 05:00:00+00:00,0.0,0.0,0.0,0.0,0.0,0.0
2025-03-24 06:00:00+00:00,0.0155,0.01575,0.0,0.0,-0.0155,-0.01575
2025-03-24 07:00:00+00:00,0.07325000000000001,0.07625,0.05755,0.059,-0.015700000000000013,-0.01725
2025-03-24 08:00:00+00:00,0.15975,0.17075,0.20227,0.24,0.04252,0.06924999999999998
2025-03-24 09:00:00+00:00,0.3075,0.34575,0.2805,0.314,-0.02699999999999997,-0.03175
2025-03-24 10:00:00+00:00,0.425,0.49,0.43816000000000005,0.54099,0.01316000000000006,0.05098999999999998
2025-03-24 11:00:00+00:00,0.48724999999999996,0.5625,0.44564,0.5129900000000001,-0.04160999999999998,-0.04950999999999994
2025-03-24 12:00:00+00:00,0.48275,0.54775,0.13845,0.139,-0.34430000000000005,-0.40874999999999995
2025-03-24 13:00:00+00:00,0.391,0.4275,0.08168,0.082,-0.30932000000000004,-0.3455
2025-03-24 14:00:00+00:00,0.366,0.39775,0.18109999999999998,0.182,-0.1849,-0.21575
2025-03-24 15:00:00+00:00,0.2745,0.29125,0.38937,0.43999,0.11486999999999997,0.14873999999999998
2025-03-24 16:00:00+00:00,0.19374999999999998,0.20074999999999998,0.19331,0.2,-0.0004399999999999682,-0.0007499999999999729
2025-03-24 17:00:00+00:00,0.07425,0.0735,0.13609000000000002,0.135,0.06184000000000002,0.06150000000000001
2025-03-24 18:00:00+00:00,0.003,0.003,0.0,0.0,-0.003,-0.003
2025-03-24 19:00:00+00:00,0.0,0.0,0.0,0.0,0.0,0.0
2025-03-24 20:00:00+00:00,0.0,0.0,0.0,0.0,0.0,0.0
2025-03-24 21:00:00+00:00,0.0,0.0,0.0,0.0,0.0,0.0
2025-03-24 22:00:00+00:00,0.0,0.0,0.0,0.0,0.0,0.0
2025-03-24 23:00:00+00:00,0.0,0.0,0.0,0.0,0.0,0.0
2025-03-25 00:00:00+00:00,0.0,0.0,0.0,0.0,0.0,0.0
2025-03-25 01:00:00+00:00,0.0,0.0,0.0,0.0,0.0,0.0
2025-03-25 02:00:00+00:00,0.0,0.0,0.0,0.0,0.0,0.0
2025-03-25 03:00:00+00:00,0.0,0.0,0.0,0.0,0.0,0.0
2025-03-25 04:00:00+00:00,0.0,0.0,0.0,0.0,0.0,0.0
2025-03-25 05:00:00+00:00,0.0,0.0,0.0,0.0,0.0,0.0
2025-03-25 06:00:00+00:00,0.02375,0.02525,0.0,0.0,-0.02375,-0.02525
2025-03-25 07:00:00+00:00,0.0385,0.03925,0.10123,0.13,0.06273000000000001,0.09075
2025-03-25 08:00:00+00:00,0.10925,0.113,0.18026,0.198,0.07101,0.085
2025-03-25 09:00:00+00:00,0.18925,0.199,0.22948,0.24,0.04022999999999999,0.04099999999999998
2025-03-25 10:00:00+00:00,0.25775,0.274,0.17207,0.173,-0.08567999999999998,-0.10100000000000003
2025-03-25 11:00:00+00:00,0.2565,0.26925,0.36304000000000003,0.386,0.10654000000000002,0.11675000000000002
2025-03-25 12:00:00+00:00,0.2825,0.29725,0.34751,0.362,0.06501000000000001,0.06474999999999997
2025-03-25 13:00:00+00:00,0.20225,0.20775,0.45554,0.51099,0.25329,0.30324000000000007
2025-03-25 14:00:00+00:00,0.18,0.1845,0.36413999999999996,0.39,0.18413999999999997,0.20550000000000002
2025-03-25 15:00:00+00:00,0.1635,0.16725,0.24981,0.258,0.08631,0.09075
2025-03-25 16:00:00+00:00,0.143,0.14625,0.1695,0.173,0.026500000000000024,0.026749999999999996
2025-03-25 17:00:00+00:00,0.09275,0.08975,0.126,0.125,0.03325,0.035250000000000004
2025-03-25 18:00:00+00:00,0.00625,0.00575,0.0,0.0,-0.00625,-0.00575
2025-03-25 19:00:00+00:00,0.0,0.0,0.0,0.0,0.0,0.0
2025-03-25 20:00:00+00:00,0.0,0.0,0.0,0.0,0.0,0.0
2025-03-25 21:00:00+00:00,0.0,0.0,0.0,0.0,0.0,0.0
2025-03-25 22:00:00+00:00,0.0,0.0,0.0,0.0,0.0,0.0
2025-03-25 23:00:00+00:00,0.0,0.0,0.0,0.0,0.0,0.0
2025-03-26 00:00:00+00:00,0.0,0.0,0.0,0.0,0.0,0.0
2025-03-26 01:00:00+00:00,0.0,0.0,0.0,0.0,0.0,0.0
2025-03-26 02:00:00+00:00,0.0,0.0,0.0,0.0,0.0,0.0
2025-03-26 03:00:00+00:00,0.0,0.0,0.0,0.0,0.0,0.0
2025-03-26 04:00:00+00:00,0.0,0.0,0.0,0.0,0.0,0.0
2025-03-26 05:00:00+00:00,0.0,0.0,0.0,0.0,0.0,0.0
2025-03-26 06:00:00+00:00,0.042249999999999996,0.05075,0.0,0.0,-0.042249999999999996,-0.05075
2025-03-26 07:00:00+00:00,0.156,0.18925,0.05442,0.055,-0.10158,-0.13425
2025-03-26 08:00:00+00:00,0.2815,0.33975,0.10628,0.107,-0.17522,-0.23275
2025-03-26 09:00:00+00:00,0.394,0.47275,0.23165,0.242,-0.16235000000000002,-0.23075
2025-03-26 10:00:00+00:00,0.46499999999999997,0.5507500000000001,0.26639999999999997,0.274,-0.1986,-0.27675000000000005
2025-03-26 11:00:00+00:00,0.49975,0.5812499999999999,0.35937,0.38,-0.14038,-0.20124999999999993
2025-03-26 12:00:00+00:00,0.549,0.63925,0.23343,0.235,-0.31557,-0.40425
2025-03-26 13:00:00+00:00,0.5325,0.612,0.11455,0.115,-0.41795,-0.497
2025-03-26 14:00:00+00:00,0.46175,0.519,0.18709,0.188,-0.27466,-0.331
2025-03-26 15:00:00+00:00,0.36575,0.399,0.15609,0.157,-0.20966,-0.24200000000000002
2025-03-26 16:00:00+00:00,0.22849999999999998,0.23725,0.13478,0.136,-0.09371999999999997,-0.10124999999999998
2025-03-26 17:00:00+00:00,0.10025,0.0965,0.08095000000000001,0.081,-0.019299999999999998,-0.0155
2025-03-26 18:00:00+00:00,0.007,0.007,0.001,0.001,-0.006,-0.006
2025-03-26 19:00:00+00:00,0.0,0.0,0.0,0.0,0.0,0.0
2025-03-26 20:00:00+00:00,0.0,0.0,0.0,0.0,0.0,0.0
2025-03-26 21:00:00+00:00,0.0,0.0,0.0,0.0,0.0,0.0
2025-03-26 22:00:00+00:00,0.0,0.0,0.0,0.0,0.0,0.0
2025-03-26 23:00:00+00:00,0.0,0.0,0.0,0.0,0.0,0.0
2025-03-27 00:00:00+00:00,0.0,0.0,0.0,0.0,0.0,0.0
2025-03-27 01:00:00+00:00,0.0,0.0,0.0,0.0,0.0,0.0
2025-03-27 02:00:00+00:00,0.0,0.0,0.0,0.0,0.0,0.0
2025-03-27 03:00:00+00:00,0.0,0.0,0.0,0.0,0.0,0.0
2025-03-27 04:00:00+00:00,0.0,0.0,0.0,0.0,0.0,0.0
2025-03-27 05:00:00+00:00,0.0005,0.0005,0.0,0.0,-0.0005,-0.0005
2025-03-27 06:00:00+00:00,0.027249999999999996,0.027999999999999997,0.001,0.001,-0.026249999999999996,-0.026999999999999996
2025-03-27 07:00:00+00:00,0.1095,0.11875,0.10657,0.126,-0.002930000000000002,0.0072500000000000064
2025-03-27 08:00:00+00:00,0.278,0.332,0.18994,0.207,-0.08806000000000003,-0.12500000000000003
2025-03-27 09:00:00+00:00,0.40025,0.48125,0.29051,0.32,-0.10974,-0.16125
2025-03-27 10:00:00+00:00,0.49075,0.58675,0.44789,0.53999,-0.04286000000000001,-0.046760000000000024
2025-03-27 11:00:00+00:00,0.543,0.64275,0.47272000000000003,0.54399,-0.07028000000000001,-0.09876000000000007
2025-03-27 12:00:00+00:00,0.55725,0.65075,0.36939999999999995,0.386,-0.18785000000000007,-0.26475000000000004
2025-03-27 13:00:00+00:00,0.5265,0.60425,0.39624000000000004,0.421,-0.13025999999999993,-0.18324999999999997
2025-03-27 14:00:00+00:00,0.4395,0.48925,0.28155,0.288,-0.15794999999999998,-0.20125000000000004
2025-03-27 15:00:00+00:00,0.30375,0.32425000000000004,0.30841,0.326,0.0046599999999999975,0.0017499999999999738
2025-03-27 16:00:00+00:00,0.21375,0.22025,0.2295,0.239,0.015750000000000014,0.01874999999999999
2025-03-27 17:00:00+00:00,0.09325,0.09,0.14706,0.145,0.05381,0.05499999999999999
2025-03-27 18:00:00+00:00,0.00725,0.00675,0.00598,0.006,-0.0012700000000000003,-0.0007499999999999998
2025-03-27 19:00:00+00:00,0.0,0.0,0.0,0.0,0.0,0.0
2025-03-27 20:00:00+00:00,0.0,0.0,0.0,0.0,0.0,0.0
2025-03-27 21:00:00+00:00,0.0,0.0,0.0,0.0,0.0,0.0
2025-03-27 22:00:00+00:00,0.0,0.0,0.0,0.0,0.0,0.0
2025-03-27 23:00:00+00:00,0.0,0.0,0.0,0.0,0.0,0.0
2025-03-28 00:00:00+00:00,0.0,0.0,0.0,0.0,0.0,0.0
2025-03-28 01:00:00+00:00,0.0,0.0,0.0,0.0,0.0,0.0
2025-03-28 02:00:00+00:00,0.0,0.0,0.0,0.0,0.0,0.0
2025-03-28 03:00:00+00:00,0.0,0.0,0.0,0.0,0.0,0.0
2025-03-28 04:00:00+00:00,0.0,0.0,0.0,0.0,0.0,0.0
2025-03-28 05:00:00+00:00,0.0,0.0,0.0,0.0,0.0,0.0
2025-03-28 06:00:00+00:00,0.04675,0.055,0.001,0.001,-0.04575,-0.054
2025-03-28 07:00:00+00:00,0.16799999999999998,0.20400000000000001,0.07033,0.072,-0.09766999999999998,-0.132
2025-03-28 08:00:00+00:00,0.23775000000000002,0.275,0.05877,0.059,-0.17898000000000003,-0.21600000000000003
2025-03-28 09:00:00+00:00,0.28800000000000003,0.32375,0.16955,0.171,-0.11845000000000003,-0.15274999999999997
2025-03-28 10:00:00+00:00,0.4535,0.5285,0.10459,0.105,-0.34891,-0.4235
2025-03-28 11:00:00+00:00,0.47525,0.545,0.16734000000000002,0.168,-0.30791,-0.377
2025-03-28 12:00:00+00:00,0.5055000000000001,0.5775,0.23245,0.234,-0.27305000000000007,-0.3435
2025-03-28 13:00:00+00:00,0.4925,0.55675,0.10857,0.109,-0.38393,-0.44775
2025-03-28 14:00:00+00:00,0.4515,0.50375,0.13049000000000002,0.131,-0.32101,-0.37275
2025-03-28 15:00:00+00:00,0.32375000000000004,0.34775,0.03885,0.039,-0.28490000000000004,-0.30875
2025-03-28 16:00:00+00:00,0.2285,0.2355,0.08267000000000001,0.083,-0.14583000000000002,-0.15249999999999997
2025-03-28 17:00:00+00:00,0.10525,0.101,0.09731000000000001,0.097,-0.007939999999999989,-0.0040000000000000036
2025-03-28 18:00:00+00:00,0.009,0.00825,0.00299,0.003,-0.00601,-0.00525
2025-03-28 19:00:00+00:00,0.0,0.0,0.0,0.0,0.0,0.0
2025-03-28 20:00:00+00:00,0.0,0.0,0.0,0.0,0.0,0.0
2025-03-28 21:00:00+00:00,0.0,0.0,0.0,0.0,0.0,0.0
2025-03-28 22:00:00+00:00,0.0,0.0,0.0,0.0,0.0,0.0
2025-03-28 23:00:00+00:00,0.0,0.0,0.0,0.0,0.0,0.0
2025-03-29 00:00:00+00:00,0.0,0.0,0.0,0.0,0.0,0.0
2025-03-29 01:00:00+00:00,0.0,0.0,0.0,0.0,0.0,0.0
2025-03-29 02:00:00+00:00,0.0,0.0,0.0,0.0,0.0,0.0
2025-03-29 03:00:00+00:00,0.0,0.0,0.0,0.0,0.0,0.0
2025-03-29 04:00:00+00:00,0.0,0.0,0.0,0.0,0.0,0.0
2025-03-29 05:00:00+00:00,0.0005,0.0005,0.0,0.0,-0.0005,-0.0005
2025-03-29 06:00:00+00:00,0.0485,0.055999999999999994,0.00299,0.003,-0.04551,-0.05299999999999999
2025-03-29 07:00:00+00:00,0.13924999999999998,0.1595,0.07831999999999999,0.081,-0.06093,-0.0785
2025-03-29 08:00:00+00:00,0.28300000000000003,0.3355,0.113,0.114,-0.17000000000000004,-0.22150000000000003
2025-03-29 09:00:00+00:00,0.377,0.4415,0.09662000000000001,0.097,-0.28037999999999996,-0.34450000000000003
2025-03-29 10:00:00+00:00,0.491,0.5815,0.1265,0.127,-0.3645,-0.4545
2025-03-29 11:00:00+00:00,0.56125,0.662,0.15638,0.157,-0.40487000000000006,-0.505
2025-03-29 12:00:00+00:00,0.514,0.58875,0.21096,0.212,-0.30304,-0.37675000000000003
2025-03-29 13:00:00+00:00,0.44425000000000003,0.4935,0.12351000000000001,0.124,-0.32074,-0.3695
2025-03-29 14:00:00+00:00,0.382,0.41425,0.20071,0.202,-0.18129,-0.21225
2025-03-29 15:00:00+00:00,0.1935,0.19975,0.19497,0.197,0.001469999999999999,-0.0027500000000000024
2025-03-29 16:00:00+00:00,0.16775,0.17075,0.17493,0.178,0.007179999999999992,0.007249999999999979
2025-03-29 17:00:00+00:00,0.066,0.065,0.1149,0.114,0.0489,0.049
2025-03-29 18:00:00+00:00,0.006,0.006,0.00398,0.004,-0.00202,-0.002
2025-03-29 19:00:00+00:00,0.0,0.0,0.0,0.0,0.0,0.0
2025-03-29 20:00:00+00:00,0.0,0.0,0.0,0.0,0.0,0.0
2025-03-29 21:00:00+00:00,0.0,0.0,0.0,0.0,0.0,0.0
2025-03-29 22:00:00+00:00,0.0,0.0,0.0,0.0,0.0,0.0
2025-03-29 23:00:00+00:00,0.0,0.0,0.0,0.0,0.0,0.0
2025-03-30 00:00:00+00:00,0.0,0.0,0.0,0.0,0.0,0.0
2025-03-30 01:00:00+00:00,0.0,0.0,0.0,0.0,0.0,0.0
2025-03-30 02:00:00+00:00,0.0,0.0,0.0,0.0,0.0,0.0
2025-03-30 03:00:00+00:00,0.0,0.0,0.0,0.0,0.0,0.0
2025-03-30 04:00:00+00:00,0.0,0.0,0.0,0.0,0.0,0.0
2025-03-30 05:00:00+00:00,0.00025,0.00025,0.0,0.0,-0.00025,-0.00025
2025-03-30 06:00:00+00:00,0.0305,0.03375,0.01226,0.01284,-0.01824,-0.02091
2025-03-30 07:00:00+00:00,0.1645,0.194,0.13028,0.162,-0.03422,-0.032
2025-03-30 08:00:00+00:00,0.279,0.32875,0.21298,0.237,-0.06602000000000002,-0.09175
2025-03-30 09:00:00+00:00,0.394,0.46499999999999997,0.26886,0.286,-0.12514000000000003,-0.179
2025-03-30 10:00:00+00:00,0.501,0.597,0.30531,0.318,-0.19568999999999998,-0.27899999999999997
2025-03-30 11:00:00+00:00,0.558,0.659,0.2,0.201,-0.35800000000000004,-0.458
2025-03-30 12:00:00+00:00,0.57375,0.669,0.43762,0.474,-0.13612999999999997,-0.19500000000000006
2025-03-30 13:00:00+00:00,0.5467500000000001,0.6265000000000001,0.1255,0.126,-0.42125000000000007,-0.5005000000000001
2025-03-30 14:00:00+00:00,0.483,0.541,0.24963,0.253,-0.23337,-0.28800000000000003
2025-03-30 15:00:00+00:00,0.38425,0.41725,0.39766,0.43899,0.013410000000000033,0.02173999999999998
2025-03-30 16:00:00+00:00,0.2635,0.272,0.29469,0.313,0.031189999999999996,0.04099999999999998
2025-03-30 17:00:00+00:00,0.12825,0.12075,0.02291,0.023,-0.10534,-0.09775
2025-03-30 18:00:00+00:00,0.013500000000000002,0.011000000000000001,0.00996,0.01,-0.0035400000000000015,-0.0010000000000000009
2025-03-30 19:00:00+00:00,0.0,0.0,0.0,0.0,0.0,0.0
2025-03-30 20:00:00+00:00,0.0,0.0,0.0,0.0,0.0,0.0
2025-03-30 21:00:00+00:00,0.0,0.0,0.0,0.0,0.0,0.0
2025-03-30 22:00:00+00:00,0.0,0.0,0.0,0.0,0.0,0.0
2025-03-30 23:00:00+00:00,0.0,0.0,0.0,0.0,0.0,0.0
2025-03-31 00:00:00+00:00,0.0,0.0,0.0,0.0,0.0,0.0
2025-03-31 01:00:00+00:00,0.0,0.0,0.0,0.0,0.0,0.0
2025-03-31 02:00:00+00:00,0.0,0.0,0.0,0.0,0.0,0.0
2025-03-31 03:00:00+00:00,0.0,0.0,0.0,0.0,0.0,0.0
2025-03-31 04:00:00+00:00,0.0,0.0,0.0,0.0,0.0,0.0
2025-03-31 05:00:00+00:00,0.0015,0.00175,0.0,0.0,-0.0015,-0.00175
2025-03-31 06:00:00+00:00,0.064,0.0765,0.01332,0.01384,-0.05068,-0.06266
2025-03-31 07:00:00+00:00,0.185,0.22175,0.0508,0.051,-0.13419999999999999,-0.17075
2025-03-31 08:00:00+00:00,0.31125,0.37375,0.09662000000000001,0.097,-0.21463000000000002,-0.27675000000000005
2025-03-31 09:00:00+00:00,0.4155,0.49450000000000005,0.21678,0.222,-0.19871999999999998,-0.2725000000000001
2025-03-31 10:00:00+00:00,0.487,0.57325,0.20848,0.21,-0.27852,-0.3632500000000001
2025-03-31 11:00:00+00:00,0.515,0.59425,0.27402,0.278,-0.24098000000000003,-0.3162499999999999
2025-03-31 12:00:00+00:00,0.542,0.622,0.10359,0.104,-0.43841,-0.518
2025-03-31 13:00:00+00:00,0.5295000000000001,0.601,0.23434,0.236,-0.2951600000000001,-0.365
2025-03-31 14:00:00+00:00,0.45475,0.50325,0.11256000000000001,0.113,-0.34219,-0.39025
2025-03-31 15:00:00+00:00,0.36875,0.39725,0.1016,0.102,-0.26715,-0.29525
2025-03-31 16:00:00+00:00,0.247,0.25475,0.21794,0.224,-0.029060000000000002,-0.030749999999999972
2025-03-31 17:00:00+00:00,0.11975,0.11275,0.084,0.084,-0.03574999999999999,-0.028749999999999998
2025-03-31 18:00:00+00:00,0.01575,0.01325,0.00797,0.008,-0.0077800000000000005,-0.0052499999999999995
2025-03-31 19:00:00+00:00,0.0,0.0,0.0,0.0,0.0,0.0
2025-03-31 20:00:00+00:00,0.0,0.0,0.0,0.0,0.0,0.0
2025-03-31 21:00:00+00:00,0.0,0.0,0.0,0.0,0.0,0.0
2025-03-31 22:00:00+00:00,0.0,0.0,0.0,0.0,0.0,0.0
2025-03-31 23:00:00+00:00,0.0,0.0,0.0,0.0,0.0,0.0
